ISO-10303-21;
HEADER;
FILE_DESCRIPTION((''),'2;1');
FILE_NAME('back of the screen', '2026-07-30T23:49:34', (''), (''), 'ImageToStl.com STEP Converter','', '');
FILE_SCHEMA(('AUTOMOTIVE_DESIGN_CC2'));
ENDSEC;
DATA;
#1=PRODUCT_DEFINITION_CONTEXT('',#4,'design');
#2=APPLICATION_PROTOCOL_DEFINITION('INTERNATIONAL STANDARD','automotive_design',1994,#4);
#3=(GEOMETRIC_REPRESENTATION_CONTEXT(3)GLOBAL_UNCERTAINTY_ASSIGNED_CONTEXT((#5))GLOBAL_UNIT_ASSIGNED_CONTEXT((#6,#7,#8))REPRESENTATION_CONTEXT('NONE','WORKSPACE'));
#4=APPLICATION_CONTEXT(' ');
#5=UNCERTAINTY_MEASURE_WITH_UNIT(LENGTH_MEASURE(1.0E-006),#6,'','');
#6=(CONVERSION_BASED_UNIT('METRE',#10)LENGTH_UNIT()NAMED_UNIT(#11));
#7=(NAMED_UNIT(#12)PLANE_ANGLE_UNIT()SI_UNIT($,.RADIAN.));
#8=(NAMED_UNIT(#12)SOLID_ANGLE_UNIT()SI_UNIT($,.STERADIAN.));
#9=AXIS2_PLACEMENT_3D('',#14,#15,#16);
#10=LENGTH_MEASURE_WITH_UNIT(LENGTH_MEASURE(1.0),#17);
#11=DIMENSIONAL_EXPONENTS(1.0,0.0,0.0,0.0,0.0,0.0,0.0);
#12=DIMENSIONAL_EXPONENTS(0.0,0.0,0.0,0.0,0.0,0.0,0.0);
#13=PRODUCT_CONTEXT('',#4,'mechanical');
#14=CARTESIAN_POINT('',(0.0,0.0,0.0));
#15=DIRECTION('',(0.0,0.0,1.0));
#16=DIRECTION('',(1.0,0.0,0.0));
#17=(NAMED_UNIT(#11)LENGTH_UNIT()SI_UNIT(.MILLI.,.METRE.));
#18=PRESENTATION_STYLE_ASSIGNMENT((#19));
#19=SURFACE_STYLE_USAGE(.BOTH.,#20);
#20=SURFACE_SIDE_STYLE('',(#21));
#21=SURFACE_STYLE_FILL_AREA(#22);
#22=FILL_AREA_STYLE('',(#23));
#23=FILL_AREA_STYLE_COLOUR('',#24);
#24=COLOUR_RGB('',0.9,0.9,0.9);
#25=SHAPE_DEFINITION_REPRESENTATION(#26,#27);
#26=PRODUCT_DEFINITION_SHAPE('productshape0','',#30);
#27=MANIFOLD_SURFACE_SHAPE_REPRESENTATION('',(#28,#9),#3);
#28=SHELL_BASED_SURFACE_MODEL('shell0',(#33));
#29=PRODUCT('product0','','',(#13));
#30=PRODUCT_DEFINITION('mesh0','',#31,#2);
#31=PRODUCT_DEFINITION_FORMATION_WITH_SPECIFIED_SOURCE('prodsource0','',#29,.NOT_KNOWN.);
#32=STYLED_ITEM('',(#18),#33);
#33=CLOSED_SHELL('',(#344,#366,#388,#410,#432,#454,#476,#498,#520,#542,#564,#586,#608,#630,#652,#674,#696,#718,#740,#762,#784,#806,#828,#850,#872,#894,#916,#938,#960,#982,#1004,#1026,#1048,#1070,#1092,#1114,#1136,#1158,#1180,#1202,#1224,#1246,#1268,#1290,#1312,#1334,#1356,#1378,#1400,#1422,#1444,#1466,#1488,#1510,#1532,#1554,#1576,#1598,#1620,#1642,#1664,#1686,#1708,#1730,#1752,#1774,#1796,#1818,#1840,#1862,#1884,#1906,#1928,#1950,#1972,#1994,#2016,#2038,#2060,#2082,#2104,#2126,#2148,#2170,#2192,#2214,#2236,#2258,#2280,#2302,#2324,#2346,#2368,#2390,#2412,#2434,#2456,#2478,#2500,#2522,#2544,#2566,#2588,#2610,#2632,#2654,#2676,#2698,#2720,#2742,#2764,#2786,#2808,#2830,#2852,#2874,#2896,#2918,#2940,#2962,#2984,#3006,#3028,#3050,#3072,#3094,#3116,#3138,#3160,#3182,#3204,#3226,#3248,#3270,#3292,#3314,#3336,#3358,#3380,#3402,#3424,#3446,#3468,#3490,#3512,#3534,#3556,#3578,#3600,#3622,#3644,#3666,#3688,#3710,#3732,#3754,#3776,#3798,#3820,#3842,#3864,#3886,#3908,#3930,#3952,#3974,#3996,#4018,#4040,#4062,#4084,#4106,#4128,#4150,#4172,#4194,#4216,#4238,#4260,#4282,#4304,#4326,#4348,#4370,#4392,#4414,#4436,#4458,#4480,#4502,#4524,#4546,#4568,#4590,#4612,#4634,#4656,#4678,#4700,#4722,#4744,#4766,#4788,#4810,#4832,#4854,#4876,#4898,#4920,#4942,#4964,#4986,#5008,#5030,#5052,#5074,#5096,#5118,#5140,#5162,#5184,#5206,#5228,#5250,#5272,#5294,#5316,#5338,#5360,#5382,#5404,#5426,#5448,#5470,#5492,#5514,#5536,#5558,#5580,#5602,#5624,#5646,#5668,#5690,#5712,#5734,#5756,#5778,#5800,#5822,#5844,#5866,#5888,#5910,#5932,#5954,#5976,#5998,#6020,#6042,#6064,#6086,#6108,#6130,#6152,#6174,#6196,#6218,#6240,#6262,#6284,#6306,#6328,#6350,#6372,#6394,#6416,#6438,#6460,#6482,#6504,#6526,#6548,#6570,#6592,#6614,#6636,#6658,#6680,#6702,#6724,#6746,#6768,#6790,#6812,#6834,#6856));
#34=CARTESIAN_POINT('',(94.00951385498047,-89.09779357910156,18.752811431884766));
#35=VERTEX_POINT('',#34);
#36=CARTESIAN_POINT('',(94.00951385498047,-89.09779357910156,22.752809524536133));
#37=VERTEX_POINT('',#36);
#38=CARTESIAN_POINT('',(92.15564727783203,-89.09779357910156,22.752809524536133));
#39=VERTEX_POINT('',#38);
#40=CARTESIAN_POINT('',(92.15564727783203,-89.09779357910156,18.752811431884766));
#41=VERTEX_POINT('',#40);
#42=CARTESIAN_POINT('',(92.15568542480469,36.82746887207031,22.752809524536133));
#43=VERTEX_POINT('',#42);
#44=CARTESIAN_POINT('',(92.15568542480469,36.82746887207031,18.752811431884766));
#45=VERTEX_POINT('',#44);
#46=CARTESIAN_POINT('',(94.0095443725586,36.82746887207031,22.752809524536133));
#47=VERTEX_POINT('',#46);
#48=CARTESIAN_POINT('',(94.0095443725586,36.82746887207031,18.752811431884766));
#49=VERTEX_POINT('',#48);
#50=CARTESIAN_POINT('',(96.35566711425781,-91.27254486083984,22.752809524536133));
#51=VERTEX_POINT('',#50);
#52=CARTESIAN_POINT('',(-78.73505401611328,-91.2724838256836,22.752809524536133));
#53=VERTEX_POINT('',#52);
#54=CARTESIAN_POINT('',(-78.73503875732422,-91.2724838256836,22.752809524536133));
#55=VERTEX_POINT('',#54);
#56=CARTESIAN_POINT('',(96.355712890625,38.72747039794922,22.752809524536133));
#57=VERTEX_POINT('',#56);
#58=CARTESIAN_POINT('',(-78.73499298095703,38.72753143310547,22.752809524536133));
#59=VERTEX_POINT('',#58);
#60=CARTESIAN_POINT('',(-78.7350082397461,38.72752380371094,22.752809524536133));
#61=VERTEX_POINT('',#60);
#62=CARTESIAN_POINT('',(96.355712890625,38.72746276855469,22.752809524536133));
#63=VERTEX_POINT('',#62);
#64=CARTESIAN_POINT('',(48.257503509521484,-61.732147216796875,22.752809524536133));
#65=VERTEX_POINT('',#64);
#66=CARTESIAN_POINT('',(-25.943859100341797,-61.73211669921875,22.752809524536133));
#67=VERTEX_POINT('',#66);
#68=CARTESIAN_POINT('',(-25.943859100341797,-61.73211669921875,26.879167556762695));
#69=VERTEX_POINT('',#68);
#70=CARTESIAN_POINT('',(48.257503509521484,-61.732147216796875,26.879167556762695));
#71=VERTEX_POINT('',#70);
#72=CARTESIAN_POINT('',(-78.73505401611328,-91.2724838256836,26.879167556762695));
#73=VERTEX_POINT('',#72);
#74=CARTESIAN_POINT('',(-78.7350082397461,38.72752380371094,26.879167556762695));
#75=VERTEX_POINT('',#74);
#76=CARTESIAN_POINT('',(48.25752639770508,12.469194412231445,22.752809524536133));
#77=VERTEX_POINT('',#76);
#78=CARTESIAN_POINT('',(48.25752639770508,12.469194412231445,26.879167556762695));
#79=VERTEX_POINT('',#78);
#80=CARTESIAN_POINT('',(-25.943824768066406,12.469221115112305,22.752809524536133));
#81=VERTEX_POINT('',#80);
#82=CARTESIAN_POINT('',(-25.943824768066406,12.469221115112305,26.879167556762695));
#83=VERTEX_POINT('',#82);
#84=CARTESIAN_POINT('',(96.35566711425781,-91.27254486083984,26.879167556762695));
#85=VERTEX_POINT('',#84);
#86=CARTESIAN_POINT('',(96.355712890625,38.72746276855469,26.879167556762695));
#87=VERTEX_POINT('',#86);
#88=CARTESIAN_POINT('',(96.355712890625,38.72746276855469,33.19740676879883));
#89=VERTEX_POINT('',#88);
#90=CARTESIAN_POINT('',(96.35566711425781,-91.27254486083984,33.19740676879883));
#91=VERTEX_POINT('',#90);
#92=CARTESIAN_POINT('',(-34.87553024291992,-67.94073486328125,26.879167556762695));
#93=VERTEX_POINT('',#92);
#94=CARTESIAN_POINT('',(-34.87548828125,22.059247970581055,26.879167556762695));
#95=VERTEX_POINT('',#94);
#96=CARTESIAN_POINT('',(-34.87548828125,22.059247970581055,33.19740676879883));
#97=VERTEX_POINT('',#96);
#98=CARTESIAN_POINT('',(-34.87553024291992,-67.94073486328125,33.19740676879883));
#99=VERTEX_POINT('',#98);
#100=CARTESIAN_POINT('',(-78.73505401611328,-91.2724838256836,33.19740676879883));
#101=VERTEX_POINT('',#100);
#102=CARTESIAN_POINT('',(-78.7350082397461,38.72752380371094,33.19740676879883));
#103=VERTEX_POINT('',#102);
#104=CARTESIAN_POINT('',(55.1245002746582,22.059221267700195,26.879167556762695));
#105=VERTEX_POINT('',#104);
#106=CARTESIAN_POINT('',(55.1245002746582,22.059221267700195,33.19740676879883));
#107=VERTEX_POINT('',#106);
#108=CARTESIAN_POINT('',(55.12446594238281,-67.94075012207031,26.879167556762695));
#109=VERTEX_POINT('',#108);
#110=CARTESIAN_POINT('',(55.12446594238281,-67.94075012207031,33.19740676879883));
#111=VERTEX_POINT('',#110);
#112=CARTESIAN_POINT('',(60.11516189575195,-61.732139587402344,33.19740676879883));
#113=VERTEX_POINT('',#112);
#114=CARTESIAN_POINT('',(58.23286819458008,-61.73213195800781,33.19740676879883));
#115=VERTEX_POINT('',#114);
#116=CARTESIAN_POINT('',(89.23835754394531,31.910131454467773,33.19740676879883));
#117=VERTEX_POINT('',#116);
#118=CARTESIAN_POINT('',(58.23289108276367,12.469198226928711,33.19740676879883));
#119=VERTEX_POINT('',#118);
#120=CARTESIAN_POINT('',(60.11518478393555,12.469194412231445,33.19740676879883));
#121=VERTEX_POINT('',#120);
#122=CARTESIAN_POINT('',(89.23831939697266,-84.15518951416016,33.19740676879883));
#123=VERTEX_POINT('',#122);
#124=CARTESIAN_POINT('',(76.49829864501953,-61.732147216796875,33.19740676879883));
#125=VERTEX_POINT('',#124);
#126=CARTESIAN_POINT('',(69.5887680053711,-61.732139587402344,33.19740676879883));
#127=VERTEX_POINT('',#126);
#128=CARTESIAN_POINT('',(67.70647430419922,-61.732139587402344,33.19740676879883));
#129=VERTEX_POINT('',#128);
#130=CARTESIAN_POINT('',(67.70649719238281,12.469194412231445,33.19740676879883));
#131=VERTEX_POINT('',#130);
#132=CARTESIAN_POINT('',(69.58879089355469,12.469194412231445,33.19740676879883));
#133=VERTEX_POINT('',#132);
#134=CARTESIAN_POINT('',(76.49832153320312,12.469194412231445,33.19740676879883));
#135=VERTEX_POINT('',#134);
#136=CARTESIAN_POINT('',(78.3805923461914,-61.732147216796875,33.19740676879883));
#137=VERTEX_POINT('',#136);
#138=CARTESIAN_POINT('',(78.380615234375,12.469194412231445,33.19740676879883));
#139=VERTEX_POINT('',#138);
#140=CARTESIAN_POINT('',(-71.82695007324219,31.910184860229492,33.19740676879883));
#141=VERTEX_POINT('',#140);
#142=CARTESIAN_POINT('',(-39.592960357666016,12.469217300415039,33.19740676879883));
#143=VERTEX_POINT('',#142);
#144=CARTESIAN_POINT('',(-37.710662841796875,12.469213485717773,33.19740676879883));
#145=VERTEX_POINT('',#144);
#146=CARTESIAN_POINT('',(-71.82698059082031,-84.1551284790039,33.19740676879883));
#147=VERTEX_POINT('',#146);
#148=CARTESIAN_POINT('',(-37.71068572998047,-61.73211669921875,33.19740676879883));
#149=VERTEX_POINT('',#148);
#150=CARTESIAN_POINT('',(-39.59298324584961,-61.73211669921875,33.19740676879883));
#151=VERTEX_POINT('',#150);
#152=CARTESIAN_POINT('',(-55.97610092163086,12.46922492980957,33.19740676879883));
#153=VERTEX_POINT('',#152);
#154=CARTESIAN_POINT('',(-48.38478469848633,12.469217300415039,33.19740676879883));
#155=VERTEX_POINT('',#154);
#156=CARTESIAN_POINT('',(-46.50248718261719,12.469217300415039,33.19740676879883));
#157=VERTEX_POINT('',#156);
#158=CARTESIAN_POINT('',(-46.50251007080078,-61.73211669921875,33.19740676879883));
#159=VERTEX_POINT('',#158);
#160=CARTESIAN_POINT('',(-48.38480758666992,-61.73211669921875,33.19740676879883));
#161=VERTEX_POINT('',#160);
#162=CARTESIAN_POINT('',(-55.97612380981445,-61.73211669921875,33.19740676879883));
#163=VERTEX_POINT('',#162);
#164=CARTESIAN_POINT('',(-57.858402252197266,12.46922492980957,33.19740676879883));
#165=VERTEX_POINT('',#164);
#166=CARTESIAN_POINT('',(-57.85842514038086,-61.73211669921875,33.19740676879883));
#167=VERTEX_POINT('',#166);
#168=CARTESIAN_POINT('',(60.11516189575195,-61.732139587402344,22.752809524536133));
#169=VERTEX_POINT('',#168);
#170=CARTESIAN_POINT('',(60.11518478393555,12.469194412231445,22.752809524536133));
#171=VERTEX_POINT('',#170);
#172=CARTESIAN_POINT('',(67.70649719238281,12.469194412231445,22.752809524536133));
#173=VERTEX_POINT('',#172);
#174=CARTESIAN_POINT('',(67.70647430419922,-61.732139587402344,22.752809524536133));
#175=VERTEX_POINT('',#174);
#176=CARTESIAN_POINT('',(58.23289108276367,12.469198226928711,22.752809524536133));
#177=VERTEX_POINT('',#176);
#178=CARTESIAN_POINT('',(58.23286819458008,-61.73213195800781,22.752809524536133));
#179=VERTEX_POINT('',#178);
#180=CARTESIAN_POINT('',(76.49832153320312,12.469194412231445,22.752809524536133));
#181=VERTEX_POINT('',#180);
#182=CARTESIAN_POINT('',(69.58879089355469,12.469194412231445,22.752809524536133));
#183=VERTEX_POINT('',#182);
#184=CARTESIAN_POINT('',(69.5887680053711,-61.732139587402344,22.752809524536133));
#185=VERTEX_POINT('',#184);
#186=CARTESIAN_POINT('',(76.49829864501953,-61.732147216796875,22.752809524536133));
#187=VERTEX_POINT('',#186);
#188=CARTESIAN_POINT('',(78.380615234375,12.469194412231445,22.752809524536133));
#189=VERTEX_POINT('',#188);
#190=CARTESIAN_POINT('',(78.3805923461914,-61.732147216796875,22.752809524536133));
#191=VERTEX_POINT('',#190);
#192=CARTESIAN_POINT('',(-37.710662841796875,12.469213485717773,22.752809524536133));
#193=VERTEX_POINT('',#192);
#194=CARTESIAN_POINT('',(-39.592960357666016,12.469217300415039,22.752809524536133));
#195=VERTEX_POINT('',#194);
#196=CARTESIAN_POINT('',(-37.71068572998047,-61.73211669921875,22.752809524536133));
#197=VERTEX_POINT('',#196);
#198=CARTESIAN_POINT('',(-39.59298324584961,-61.73211669921875,22.752809524536133));
#199=VERTEX_POINT('',#198);
#200=CARTESIAN_POINT('',(-46.50248718261719,12.469217300415039,22.752809524536133));
#201=VERTEX_POINT('',#200);
#202=CARTESIAN_POINT('',(-48.38478469848633,12.469217300415039,22.752809524536133));
#203=VERTEX_POINT('',#202);
#204=CARTESIAN_POINT('',(-55.97610092163086,12.46922492980957,22.752809524536133));
#205=VERTEX_POINT('',#204);
#206=CARTESIAN_POINT('',(-46.50251007080078,-61.73211669921875,22.752809524536133));
#207=VERTEX_POINT('',#206);
#208=CARTESIAN_POINT('',(-55.97612380981445,-61.73211669921875,22.752809524536133));
#209=VERTEX_POINT('',#208);
#210=CARTESIAN_POINT('',(-48.38480758666992,-61.73211669921875,22.752809524536133));
#211=VERTEX_POINT('',#210);
#212=CARTESIAN_POINT('',(-57.858402252197266,12.46922492980957,22.752809524536133));
#213=VERTEX_POINT('',#212);
#214=CARTESIAN_POINT('',(-57.85842514038086,-61.73211669921875,22.752809524536133));
#215=VERTEX_POINT('',#214);
#216=CARTESIAN_POINT('',(82.35563659667969,-87.0978012084961,22.752811431884766));
#217=VERTEX_POINT('',#216);
#218=CARTESIAN_POINT('',(82.35564422607422,-73.27253723144531,22.752811431884766));
#219=VERTEX_POINT('',#218);
#220=CARTESIAN_POINT('',(91.35565185546875,-73.27253723144531,22.752811431884766));
#221=VERTEX_POINT('',#220);
#222=CARTESIAN_POINT('',(91.35564422607422,-87.09780883789062,22.752811431884766));
#223=VERTEX_POINT('',#222);
#224=CARTESIAN_POINT('',(82.35563659667969,-87.0978012084961,16.752811431884766));
#225=VERTEX_POINT('',#224);
#226=CARTESIAN_POINT('',(91.35564422607422,-87.09780883789062,16.752811431884766));
#227=VERTEX_POINT('',#226);
#228=CARTESIAN_POINT('',(91.35565185546875,-73.27253723144531,16.752811431884766));
#229=VERTEX_POINT('',#228);
#230=CARTESIAN_POINT('',(82.35564422607422,-73.27253723144531,16.752811431884766));
#231=VERTEX_POINT('',#230);
#232=CARTESIAN_POINT('',(-73.9443130493164,27.027528762817383,22.752811431884766));
#233=VERTEX_POINT('',#232);
#234=CARTESIAN_POINT('',(-73.9443130493164,36.02753448486328,22.752811431884766));
#235=VERTEX_POINT('',#234);
#236=CARTESIAN_POINT('',(-64.9443130493164,36.02753448486328,22.752811431884766));
#237=VERTEX_POINT('',#236);
#238=CARTESIAN_POINT('',(-64.9443130493164,27.027528762817383,22.752811431884766));
#239=VERTEX_POINT('',#238);
#240=CARTESIAN_POINT('',(-73.9443130493164,27.027528762817383,16.752811431884766));
#241=VERTEX_POINT('',#240);
#242=CARTESIAN_POINT('',(-64.9443130493164,27.027528762817383,16.752811431884766));
#243=VERTEX_POINT('',#242);
#244=CARTESIAN_POINT('',(-64.9443130493164,36.02753448486328,16.752811431884766));
#245=VERTEX_POINT('',#244);
#246=CARTESIAN_POINT('',(-73.9443130493164,36.02753448486328,16.752811431884766));
#247=VERTEX_POINT('',#246);
#248=CARTESIAN_POINT('',(82.35570526123047,27.02747917175293,22.752811431884766));
#249=VERTEX_POINT('',#248);
#250=CARTESIAN_POINT('',(82.35570526123047,36.02748107910156,22.752811431884766));
#251=VERTEX_POINT('',#250);
#252=CARTESIAN_POINT('',(91.35570526123047,36.02747344970703,22.752811431884766));
#253=VERTEX_POINT('',#252);
#254=CARTESIAN_POINT('',(91.35570526123047,27.027475357055664,22.752811431884766));
#255=VERTEX_POINT('',#254);
#256=CARTESIAN_POINT('',(82.35570526123047,27.02747917175293,16.752811431884766));
#257=VERTEX_POINT('',#256);
#258=CARTESIAN_POINT('',(91.35570526123047,27.027475357055664,16.752811431884766));
#259=VERTEX_POINT('',#258);
#260=CARTESIAN_POINT('',(91.35570526123047,36.02747344970703,16.752811431884766));
#261=VERTEX_POINT('',#260);
#262=CARTESIAN_POINT('',(82.35570526123047,36.02748107910156,16.752811431884766));
#263=VERTEX_POINT('',#262);
#264=CARTESIAN_POINT('',(-73.94435119628906,-87.09774780273438,22.752811431884766));
#265=VERTEX_POINT('',#264);
#266=CARTESIAN_POINT('',(-73.94434356689453,-73.27247619628906,22.752811431884766));
#267=VERTEX_POINT('',#266);
#268=CARTESIAN_POINT('',(-64.94434356689453,-73.27247619628906,22.752811431884766));
#269=VERTEX_POINT('',#268);
#270=CARTESIAN_POINT('',(-64.94435119628906,-87.09774780273438,22.752811431884766));
#271=VERTEX_POINT('',#270);
#272=CARTESIAN_POINT('',(-73.94435119628906,-87.09774780273438,16.752811431884766));
#273=VERTEX_POINT('',#272);
#274=CARTESIAN_POINT('',(-64.94435119628906,-87.09774780273438,16.752811431884766));
#275=VERTEX_POINT('',#274);
#276=CARTESIAN_POINT('',(-64.94434356689453,-73.27247619628906,16.752811431884766));
#277=VERTEX_POINT('',#276);
#278=CARTESIAN_POINT('',(-73.94434356689453,-73.27247619628906,16.752811431884766));
#279=VERTEX_POINT('',#278);
#280=CARTESIAN_POINT('',(-76.18583679199219,-89.57246398925781,18.752811431884766));
#281=VERTEX_POINT('',#280);
#282=CARTESIAN_POINT('',(-76.18583679199219,-89.57246398925781,22.752809524536133));
#283=VERTEX_POINT('',#282);
#284=CARTESIAN_POINT('',(-76.18583679199219,-87.09774017333984,22.752809524536133));
#285=VERTEX_POINT('',#284);
#286=CARTESIAN_POINT('',(-76.18583679199219,-87.09774017333984,18.752811431884766));
#287=VERTEX_POINT('',#286);
#288=CARTESIAN_POINT('',(94.00950622558594,-87.09780883789062,22.752809524536133));
#289=VERTEX_POINT('',#288);
#290=CARTESIAN_POINT('',(94.00950622558594,-87.09780883789062,18.752811431884766));
#291=VERTEX_POINT('',#290);
#292=CARTESIAN_POINT('',(94.00950622558594,-89.57252502441406,22.752809524536133));
#293=VERTEX_POINT('',#292);
#294=CARTESIAN_POINT('',(94.00950622558594,-89.57252502441406,18.752811431884766));
#295=VERTEX_POINT('',#294);
#296=CARTESIAN_POINT('',(-74.74435424804688,-87.51287841796875,18.752811431884766));
#297=VERTEX_POINT('',#296);
#298=CARTESIAN_POINT('',(-74.74435424804688,-87.51287841796875,22.752809524536133));
#299=VERTEX_POINT('',#298);
#300=CARTESIAN_POINT('',(-76.18583679199219,-87.51287841796875,22.752809524536133));
#301=VERTEX_POINT('',#300);
#302=CARTESIAN_POINT('',(-76.18583679199219,-87.51287841796875,18.752811431884766));
#303=VERTEX_POINT('',#302);
#304=CARTESIAN_POINT('',(-76.18582153320312,-42.90326690673828,22.752809524536133));
#305=VERTEX_POINT('',#304);
#306=CARTESIAN_POINT('',(-76.18582153320312,-42.90326690673828,18.752811431884766));
#307=VERTEX_POINT('',#306);
#308=CARTESIAN_POINT('',(-74.74433898925781,-42.90326690673828,22.752809524536133));
#309=VERTEX_POINT('',#308);
#310=CARTESIAN_POINT('',(-74.74433898925781,-42.90326690673828,18.752811431884766));
#311=VERTEX_POINT('',#310);
#312=CARTESIAN_POINT('',(-76.18580627441406,34.82752990722656,18.752811431884766));
#313=VERTEX_POINT('',#312);
#314=CARTESIAN_POINT('',(-76.18580627441406,34.82752990722656,22.752809524536133));
#315=VERTEX_POINT('',#314);
#316=CARTESIAN_POINT('',(-76.18580627441406,37.02751159667969,22.752809524536133));
#317=VERTEX_POINT('',#316);
#318=CARTESIAN_POINT('',(-76.18580627441406,37.02751159667969,18.752811431884766));
#319=VERTEX_POINT('',#318);
#320=CARTESIAN_POINT('',(94.0095443725586,37.02745056152344,22.752809524536133));
#321=VERTEX_POINT('',#320);
#322=CARTESIAN_POINT('',(94.0095443725586,37.02745056152344,18.752811431884766));
#323=VERTEX_POINT('',#322);
#324=CARTESIAN_POINT('',(94.0095443725586,34.827476501464844,22.752809524536133));
#325=VERTEX_POINT('',#324);
#326=CARTESIAN_POINT('',(94.0095443725586,34.827476501464844,18.752811431884766));
#327=VERTEX_POINT('',#326);
#328=CARTESIAN_POINT('',(-74.74430084228516,28.995637893676758,18.752811431884766));
#329=VERTEX_POINT('',#328);
#330=CARTESIAN_POINT('',(-74.74430084228516,28.995637893676758,22.752809524536133));
#331=VERTEX_POINT('',#330);
#332=CARTESIAN_POINT('',(-76.18580627441406,28.995637893676758,22.752809524536133));
#333=VERTEX_POINT('',#332);
#334=CARTESIAN_POINT('',(-76.18580627441406,28.995637893676758,18.752811431884766));
#335=VERTEX_POINT('',#334);
#336=CARTESIAN_POINT('',(-76.18580627441406,36.827537536621094,22.752809524536133));
#337=VERTEX_POINT('',#336);
#338=CARTESIAN_POINT('',(-76.18580627441406,36.827537536621094,18.752811431884766));
#339=VERTEX_POINT('',#338);
#340=CARTESIAN_POINT('',(-74.74431610107422,36.827537536621094,22.752809524536133));
#341=VERTEX_POINT('',#340);
#342=CARTESIAN_POINT('',(-74.74431610107422,36.827537536621094,18.752811431884766));
#343=VERTEX_POINT('',#342);
#344=FACE_SURFACE('',(#349),#345,.T.);
#345=PLANE('',#346);
#346=AXIS2_PLACEMENT_3D('',#34,#347,#348);
#347=DIRECTION('',(0,-1,0));
#348=DIRECTION('',(0,0,1));
#349=FACE_BOUND('',#350,.T.);
#350=EDGE_LOOP('',(#351,#352,#353));
#351=ORIENTED_EDGE('',*,*,#354,.T.);
#352=ORIENTED_EDGE('',*,*,#355,.T.);
#353=ORIENTED_EDGE('',*,*,#356,.T.);
#354=EDGE_CURVE('',#35,#37,#357,.F.);
#355=EDGE_CURVE('',#37,#39,#358,.T.);
#356=EDGE_CURVE('',#39,#35,#359,.T.);
#357=LINE('',#34,#360);
#358=LINE('',#36,#361);
#359=LINE('',#38,#362);
#360=VECTOR('',#363,1.0);
#361=VECTOR('',#364,1.0);
#362=VECTOR('',#365,1.0);
#363=DIRECTION('',(0,0,1));
#364=DIRECTION('',(-1,0,0));
#365=DIRECTION('',(0.420500023550071,0,-0.9072925273550917));
#366=FACE_SURFACE('',(#371),#367,.T.);
#367=PLANE('',#368);
#368=AXIS2_PLACEMENT_3D('',#34,#369,#370);
#369=DIRECTION('',(0,-1,0));
#370=DIRECTION('',(-0.420500023550071,0,0.9072925273550917));
#371=FACE_BOUND('',#372,.T.);
#372=EDGE_LOOP('',(#373,#374,#375));
#373=ORIENTED_EDGE('',*,*,#376,.T.);
#374=ORIENTED_EDGE('',*,*,#377,.T.);
#375=ORIENTED_EDGE('',*,*,#378,.T.);
#376=EDGE_CURVE('',#35,#39,#379,.F.);
#377=EDGE_CURVE('',#39,#41,#380,.T.);
#378=EDGE_CURVE('',#41,#35,#381,.T.);
#379=LINE('',#34,#382);
#380=LINE('',#38,#383);
#381=LINE('',#40,#384);
#382=VECTOR('',#385,1.0);
#383=VECTOR('',#386,1.0);
#384=VECTOR('',#387,1.0);
#385=DIRECTION('',(-0.420500023550071,0,0.9072925273550917));
#386=DIRECTION('',(0,0,-1));
#387=DIRECTION('',(1,0,0));
#388=FACE_SURFACE('',(#393),#389,.T.);
#389=PLANE('',#390);
#390=AXIS2_PLACEMENT_3D('',#40,#391,#392);
#391=DIRECTION('',(-0.999999999999954,3.029334377686123E-07,0));
#392=DIRECTION('',(0,0,1));
#393=FACE_BOUND('',#394,.T.);
#394=EDGE_LOOP('',(#395,#396,#397));
#395=ORIENTED_EDGE('',*,*,#398,.T.);
#396=ORIENTED_EDGE('',*,*,#399,.T.);
#397=ORIENTED_EDGE('',*,*,#400,.T.);
#398=EDGE_CURVE('',#41,#39,#401,.F.);
#399=EDGE_CURVE('',#39,#43,#402,.T.);
#400=EDGE_CURVE('',#43,#41,#403,.T.);
#401=LINE('',#40,#404);
#402=LINE('',#38,#405);
#403=LINE('',#42,#406);
#404=VECTOR('',#407,1.0);
#405=VECTOR('',#408,1.0);
#406=VECTOR('',#409,1.0);
#407=DIRECTION('',(0,0,1));
#408=DIRECTION('',(3.029334377686123E-07,0.999999999999954,0));
#409=DIRECTION('',(-3.0278072246696E-07,-0.9994958783593151,-0.03174884474511538));
#410=FACE_SURFACE('',(#415),#411,.T.);
#411=PLANE('',#412);
#412=AXIS2_PLACEMENT_3D('',#40,#413,#414);
#413=DIRECTION('',(-0.999999999999954,3.029334377686123E-07,0));
#414=DIRECTION('',(3.0278072246696E-07,0.9994958783593151,0.03174884474511538));
#415=FACE_BOUND('',#416,.T.);
#416=EDGE_LOOP('',(#417,#418,#419));
#417=ORIENTED_EDGE('',*,*,#420,.T.);
#418=ORIENTED_EDGE('',*,*,#421,.T.);
#419=ORIENTED_EDGE('',*,*,#422,.T.);
#420=EDGE_CURVE('',#41,#43,#423,.F.);
#421=EDGE_CURVE('',#43,#45,#424,.T.);
#422=EDGE_CURVE('',#45,#41,#425,.T.);
#423=LINE('',#40,#426);
#424=LINE('',#42,#427);
#425=LINE('',#44,#428);
#426=VECTOR('',#429,1.0);
#427=VECTOR('',#430,1.0);
#428=VECTOR('',#431,1.0);
#429=DIRECTION('',(3.0278072246696E-07,0.9994958783593151,0.03174884474511538));
#430=DIRECTION('',(0,0,-1));
#431=DIRECTION('',(-3.029334377686123E-07,-0.999999999999954,0));
#432=FACE_SURFACE('',(#437),#433,.T.);
#433=PLANE('',#434);
#434=AXIS2_PLACEMENT_3D('',#44,#435,#436);
#435=DIRECTION('',(0,1,0));
#436=DIRECTION('',(0,0,1));
#437=FACE_BOUND('',#438,.T.);
#438=EDGE_LOOP('',(#439,#440,#441));
#439=ORIENTED_EDGE('',*,*,#442,.T.);
#440=ORIENTED_EDGE('',*,*,#443,.T.);
#441=ORIENTED_EDGE('',*,*,#444,.T.);
#442=EDGE_CURVE('',#45,#43,#445,.F.);
#443=EDGE_CURVE('',#43,#47,#446,.T.);
#444=EDGE_CURVE('',#47,#45,#447,.T.);
#445=LINE('',#44,#448);
#446=LINE('',#42,#449);
#447=LINE('',#46,#450);
#448=VECTOR('',#451,1.0);
#449=VECTOR('',#452,1.0);
#450=VECTOR('',#453,1.0);
#451=DIRECTION('',(0,0,1));
#452=DIRECTION('',(1,0,0));
#453=DIRECTION('',(-0.42049859901624753,0,-0.9072931875779587));
#454=FACE_SURFACE('',(#459),#455,.T.);
#455=PLANE('',#456);
#456=AXIS2_PLACEMENT_3D('',#44,#457,#458);
#457=DIRECTION('',(0,1,0));
#458=DIRECTION('',(0.42049859901624753,0,0.9072931875779587));
#459=FACE_BOUND('',#460,.T.);
#460=EDGE_LOOP('',(#461,#462,#463));
#461=ORIENTED_EDGE('',*,*,#464,.T.);
#462=ORIENTED_EDGE('',*,*,#465,.T.);
#463=ORIENTED_EDGE('',*,*,#466,.T.);
#464=EDGE_CURVE('',#45,#47,#467,.F.);
#465=EDGE_CURVE('',#47,#49,#468,.T.);
#466=EDGE_CURVE('',#49,#45,#469,.T.);
#467=LINE('',#44,#470);
#468=LINE('',#46,#471);
#469=LINE('',#48,#472);
#470=VECTOR('',#473,1.0);
#471=VECTOR('',#474,1.0);
#472=VECTOR('',#475,1.0);
#473=DIRECTION('',(0.42049859901624753,0,0.9072931875779587));
#474=DIRECTION('',(0,0,-1));
#475=DIRECTION('',(-1,0,0));
#476=FACE_SURFACE('',(#481),#477,.T.);
#477=PLANE('',#478);
#478=AXIS2_PLACEMENT_3D('',#48,#479,#480);
#479=DIRECTION('',(0.9999999999999707,-2.4234675021489386E-07,0));
#480=DIRECTION('',(0,0,1));
#481=FACE_BOUND('',#482,.T.);
#482=EDGE_LOOP('',(#483,#484,#485));
#483=ORIENTED_EDGE('',*,*,#486,.T.);
#484=ORIENTED_EDGE('',*,*,#487,.T.);
#485=ORIENTED_EDGE('',*,*,#488,.T.);
#486=EDGE_CURVE('',#49,#47,#489,.F.);
#487=EDGE_CURVE('',#47,#37,#490,.T.);
#488=EDGE_CURVE('',#37,#49,#491,.T.);
#489=LINE('',#48,#492);
#490=LINE('',#46,#493);
#491=LINE('',#36,#494);
#492=VECTOR('',#495,1.0);
#493=VECTOR('',#496,1.0);
#494=VECTOR('',#497,1.0);
#495=DIRECTION('',(0,0,1));
#496=DIRECTION('',(-2.4234675021489386E-07,-0.9999999999999707,0));
#497=DIRECTION('',(2.42224577973572E-07,0.9994958783593316,-0.031748844745115905));
#498=FACE_SURFACE('',(#503),#499,.T.);
#499=PLANE('',#500);
#500=AXIS2_PLACEMENT_3D('',#48,#501,#502);
#501=DIRECTION('',(0.9999999999999707,-2.4234675021489386E-07,0));
#502=DIRECTION('',(-2.42224577973572E-07,-0.9994958783593316,0.031748844745115905));
#503=FACE_BOUND('',#504,.T.);
#504=EDGE_LOOP('',(#505,#506,#507));
#505=ORIENTED_EDGE('',*,*,#508,.T.);
#506=ORIENTED_EDGE('',*,*,#509,.T.);
#507=ORIENTED_EDGE('',*,*,#510,.T.);
#508=EDGE_CURVE('',#49,#37,#511,.F.);
#509=EDGE_CURVE('',#37,#35,#512,.T.);
#510=EDGE_CURVE('',#35,#49,#513,.T.);
#511=LINE('',#48,#514);
#512=LINE('',#36,#515);
#513=LINE('',#34,#516);
#514=VECTOR('',#517,1.0);
#515=VECTOR('',#518,1.0);
#516=VECTOR('',#519,1.0);
#517=DIRECTION('',(-2.42224577973572E-07,-0.9994958783593316,0.031748844745115905));
#518=DIRECTION('',(0,0,-1));
#519=DIRECTION('',(2.4234675021489386E-07,0.9999999999999707,0));
#520=FACE_SURFACE('',(#525),#521,.T.);
#521=PLANE('',#522);
#522=AXIS2_PLACEMENT_3D('',#40,#523,#524);
#523=DIRECTION('',(0,0,-1));
#524=DIRECTION('',(3.029334377686123E-07,0.999999999999954,0));
#525=FACE_BOUND('',#526,.T.);
#526=EDGE_LOOP('',(#527,#528,#529));
#527=ORIENTED_EDGE('',*,*,#530,.T.);
#528=ORIENTED_EDGE('',*,*,#531,.T.);
#529=ORIENTED_EDGE('',*,*,#532,.T.);
#530=EDGE_CURVE('',#41,#45,#533,.F.);
#531=EDGE_CURVE('',#45,#49,#534,.T.);
#532=EDGE_CURVE('',#49,#41,#535,.T.);
#533=LINE('',#40,#536);
#534=LINE('',#44,#537);
#535=LINE('',#48,#538);
#536=VECTOR('',#539,1.0);
#537=VECTOR('',#540,1.0);
#538=VECTOR('',#541,1.0);
#539=DIRECTION('',(3.029334377686123E-07,0.999999999999954,0));
#540=DIRECTION('',(1,0,0));
#541=DIRECTION('',(-0.014720606346063052,-0.9998916460041078,0));
#542=FACE_SURFACE('',(#547),#543,.T.);
#543=PLANE('',#544);
#544=AXIS2_PLACEMENT_3D('',#40,#545,#546);
#545=DIRECTION('',(0,0,-1));
#546=DIRECTION('',(0.014720606346063052,0.9998916460041078,0));
#547=FACE_BOUND('',#548,.T.);
#548=EDGE_LOOP('',(#549,#550,#551));
#549=ORIENTED_EDGE('',*,*,#552,.T.);
#550=ORIENTED_EDGE('',*,*,#553,.T.);
#551=ORIENTED_EDGE('',*,*,#554,.T.);
#552=EDGE_CURVE('',#41,#49,#555,.F.);
#553=EDGE_CURVE('',#49,#35,#556,.T.);
#554=EDGE_CURVE('',#35,#41,#557,.T.);
#555=LINE('',#40,#558);
#556=LINE('',#48,#559);
#557=LINE('',#34,#560);
#558=VECTOR('',#561,1.0);
#559=VECTOR('',#562,1.0);
#560=VECTOR('',#563,1.0);
#561=DIRECTION('',(0.014720606346063052,0.9998916460041078,0));
#562=DIRECTION('',(-2.4234675021489386E-07,-0.9999999999999707,0));
#563=DIRECTION('',(-1,0,0));
#564=FACE_SURFACE('',(#569),#565,.T.);
#565=PLANE('',#566);
#566=AXIS2_PLACEMENT_3D('',#42,#567,#568);
#567=DIRECTION('',(0,0,1));
#568=DIRECTION('',(-3.029334377686123E-07,-0.999999999999954,0));
#569=FACE_BOUND('',#570,.T.);
#570=EDGE_LOOP('',(#571,#572,#573));
#571=ORIENTED_EDGE('',*,*,#574,.T.);
#572=ORIENTED_EDGE('',*,*,#575,.T.);
#573=ORIENTED_EDGE('',*,*,#576,.T.);
#574=EDGE_CURVE('',#43,#39,#577,.F.);
#575=EDGE_CURVE('',#39,#37,#578,.T.);
#576=EDGE_CURVE('',#37,#43,#579,.T.);
#577=LINE('',#42,#580);
#578=LINE('',#38,#581);
#579=LINE('',#36,#582);
#580=VECTOR('',#583,1.0);
#581=VECTOR('',#584,1.0);
#582=VECTOR('',#585,1.0);
#583=DIRECTION('',(-3.029334377686123E-07,-0.999999999999954,0));
#584=DIRECTION('',(1,0,0));
#585=DIRECTION('',(-0.014720061243099164,0.999891654029075,0));
#586=FACE_SURFACE('',(#591),#587,.T.);
#587=PLANE('',#588);
#588=AXIS2_PLACEMENT_3D('',#42,#589,#590);
#589=DIRECTION('',(-0,0,1));
#590=DIRECTION('',(0.014720061243099164,-0.999891654029075,0));
#591=FACE_BOUND('',#592,.T.);
#592=EDGE_LOOP('',(#593,#594,#595));
#593=ORIENTED_EDGE('',*,*,#596,.T.);
#594=ORIENTED_EDGE('',*,*,#597,.T.);
#595=ORIENTED_EDGE('',*,*,#598,.T.);
#596=EDGE_CURVE('',#43,#37,#599,.F.);
#597=EDGE_CURVE('',#37,#47,#600,.T.);
#598=EDGE_CURVE('',#47,#43,#601,.T.);
#599=LINE('',#42,#602);
#600=LINE('',#36,#603);
#601=LINE('',#46,#604);
#602=VECTOR('',#605,1.0);
#603=VECTOR('',#606,1.0);
#604=VECTOR('',#607,1.0);
#605=DIRECTION('',(0.014720061243099164,-0.999891654029075,0));
#606=DIRECTION('',(2.4234675021489386E-07,0.9999999999999707,0));
#607=DIRECTION('',(-1,0,0));
#608=FACE_SURFACE('',(#613),#609,.T.);
#609=PLANE('',#610);
#610=AXIS2_PLACEMENT_3D('',#50,#611,#612);
#611=DIRECTION('',(0,0,-1));
#612=DIRECTION('',(-0.9999999999999393,3.48591609286651E-07,0));
#613=FACE_BOUND('',#614,.T.);
#614=EDGE_LOOP('',(#615,#616,#617));
#615=ORIENTED_EDGE('',*,*,#618,.T.);
#616=ORIENTED_EDGE('',*,*,#619,.T.);
#617=ORIENTED_EDGE('',*,*,#620,.T.);
#618=EDGE_CURVE('',#51,#53,#621,.F.);
#619=EDGE_CURVE('',#53,#55,#622,.T.);
#620=EDGE_CURVE('',#55,#51,#623,.T.);
#621=LINE('',#50,#624);
#622=LINE('',#52,#625);
#623=LINE('',#54,#626);
#624=VECTOR('',#627,1.0);
#625=VECTOR('',#628,1.0);
#626=VECTOR('',#629,1.0);
#627=DIRECTION('',(-0.9999999999999393,3.48591609286651E-07,0));
#628=DIRECTION('',(1,0,0));
#629=DIRECTION('',(0.9999999999999393,-3.4859163966568117E-07,0));
#630=FACE_SURFACE('',(#635),#631,.T.);
#631=PLANE('',#632);
#632=AXIS2_PLACEMENT_3D('',#56,#633,#634);
#633=DIRECTION('',(0,0,1));
#634=DIRECTION('',(-0.9999999999999393,3.4859163966568117E-07,0));
#635=FACE_BOUND('',#636,.T.);
#636=EDGE_LOOP('',(#637,#638,#639));
#637=ORIENTED_EDGE('',*,*,#640,.T.);
#638=ORIENTED_EDGE('',*,*,#641,.T.);
#639=ORIENTED_EDGE('',*,*,#642,.T.);
#640=EDGE_CURVE('',#57,#59,#643,.F.);
#641=EDGE_CURVE('',#59,#61,#644,.T.);
#642=EDGE_CURVE('',#61,#57,#645,.T.);
#643=LINE('',#56,#646);
#644=LINE('',#58,#647);
#645=LINE('',#60,#648);
#646=VECTOR('',#649,1.0);
#647=VECTOR('',#650,1.0);
#648=VECTOR('',#651,1.0);
#649=DIRECTION('',(-0.9999999999999393,3.4859163966568117E-07,0));
#650=DIRECTION('',(-0.8944271909999159,-0.4472135954999579,0));
#651=DIRECTION('',(0.9999999999999534,-3.05017658125824E-07,0));
#652=FACE_SURFACE('',(#657),#653,.T.);
#653=PLANE('',#654);
#654=AXIS2_PLACEMENT_3D('',#56,#655,#656);
#655=DIRECTION('',(0,0,1));
#656=DIRECTION('',(-0.9999999999999534,3.05017658125824E-07,0));
#657=FACE_BOUND('',#658,.T.);
#658=EDGE_LOOP('',(#659,#660,#661));
#659=ORIENTED_EDGE('',*,*,#662,.T.);
#660=ORIENTED_EDGE('',*,*,#663,.T.);
#661=ORIENTED_EDGE('',*,*,#664,.T.);
#662=EDGE_CURVE('',#57,#61,#665,.F.);
#663=EDGE_CURVE('',#61,#63,#666,.T.);
#664=EDGE_CURVE('',#63,#57,#667,.T.);
#665=LINE('',#56,#668);
#666=LINE('',#60,#669);
#667=LINE('',#62,#670);
#668=VECTOR('',#671,1.0);
#669=VECTOR('',#672,1.0);
#670=VECTOR('',#673,1.0);
#671=DIRECTION('',(-0.9999999999999534,3.05017658125824E-07,0));
#672=DIRECTION('',(0.9999999999999393,-3.48591609286651E-07,0));
#673=DIRECTION('',(0,1,0));
#674=FACE_SURFACE('',(#679),#675,.T.);
#675=PLANE('',#676);
#676=AXIS2_PLACEMENT_3D('',#58,#677,#678);
#677=DIRECTION('',(0,0,-1));
#678=DIRECTION('',(-3.521258601114072E-07,-0.9999999999999379,0));
#679=FACE_BOUND('',#680,.T.);
#680=EDGE_LOOP('',(#681,#682,#683));
#681=ORIENTED_EDGE('',*,*,#684,.T.);
#682=ORIENTED_EDGE('',*,*,#685,.T.);
#683=ORIENTED_EDGE('',*,*,#686,.T.);
#684=EDGE_CURVE('',#59,#55,#687,.F.);
#685=EDGE_CURVE('',#55,#53,#688,.T.);
#686=EDGE_CURVE('',#53,#59,#689,.T.);
#687=LINE('',#58,#690);
#688=LINE('',#54,#691);
#689=LINE('',#52,#692);
#690=VECTOR('',#693,1.0);
#691=VECTOR('',#694,1.0);
#692=VECTOR('',#695,1.0);
#693=DIRECTION('',(-3.521258601114072E-07,-0.9999999999999379,0));
#694=DIRECTION('',(-1,0,0));
#695=DIRECTION('',(4.69501146815187E-07,0.9999999999998899,0));
#696=FACE_SURFACE('',(#701),#697,.T.);
#697=PLANE('',#698);
#698=AXIS2_PLACEMENT_3D('',#58,#699,#700);
#699=DIRECTION('',(0,0,-1));
#700=DIRECTION('',(-4.69501146815187E-07,-0.9999999999998899,0));
#701=FACE_BOUND('',#702,.T.);
#702=EDGE_LOOP('',(#703,#704,#705));
#703=ORIENTED_EDGE('',*,*,#706,.T.);
#704=ORIENTED_EDGE('',*,*,#707,.T.);
#705=ORIENTED_EDGE('',*,*,#708,.T.);
#706=EDGE_CURVE('',#59,#53,#709,.F.);
#707=EDGE_CURVE('',#53,#61,#710,.T.);
#708=EDGE_CURVE('',#61,#59,#711,.T.);
#709=LINE('',#58,#712);
#710=LINE('',#52,#713);
#711=LINE('',#60,#714);
#712=VECTOR('',#715,1.0);
#713=VECTOR('',#716,1.0);
#714=VECTOR('',#717,1.0);
#715=DIRECTION('',(-4.69501146815187E-07,-0.9999999999998899,0));
#716=DIRECTION('',(3.521258807768453E-07,0.9999999999999379,0));
#717=DIRECTION('',(0.8944271909999159,0.4472135954999579,0));
#718=FACE_SURFACE('',(#723),#719,.T.);
#719=PLANE('',#720);
#720=AXIS2_PLACEMENT_3D('',#64,#721,#722);
#721=DIRECTION('',(4.1128056213001187E-07,0.9999999999999153,0));
#722=DIRECTION('',(-0.9999999999999154,4.1128056213001187E-07,0));
#723=FACE_BOUND('',#724,.T.);
#724=EDGE_LOOP('',(#725,#726,#727));
#725=ORIENTED_EDGE('',*,*,#728,.T.);
#726=ORIENTED_EDGE('',*,*,#729,.T.);
#727=ORIENTED_EDGE('',*,*,#730,.T.);
#728=EDGE_CURVE('',#65,#67,#731,.F.);
#729=EDGE_CURVE('',#67,#69,#732,.T.);
#730=EDGE_CURVE('',#69,#65,#733,.T.);
#731=LINE('',#64,#734);
#732=LINE('',#66,#735);
#733=LINE('',#68,#736);
#734=VECTOR('',#737,1.0);
#735=VECTOR('',#738,1.0);
#736=VECTOR('',#739,1.0);
#737=DIRECTION('',(-0.9999999999999154,4.1128056213001187E-07,0));
#738=DIRECTION('',(0,0,1));
#739=DIRECTION('',(0.9984573258899043,-4.106460902548631E-07,-0.05552448447858568));
#740=FACE_SURFACE('',(#745),#741,.T.);
#741=PLANE('',#742);
#742=AXIS2_PLACEMENT_3D('',#64,#743,#744);
#743=DIRECTION('',(4.1128056213001187E-07,0.9999999999999153,-0));
#744=DIRECTION('',(-0.9984573258899043,4.106460902548631E-07,0.05552448447858568));
#745=FACE_BOUND('',#746,.T.);
#746=EDGE_LOOP('',(#747,#748,#749));
#747=ORIENTED_EDGE('',*,*,#750,.T.);
#748=ORIENTED_EDGE('',*,*,#751,.T.);
#749=ORIENTED_EDGE('',*,*,#752,.T.);
#750=EDGE_CURVE('',#65,#69,#753,.F.);
#751=EDGE_CURVE('',#69,#71,#754,.T.);
#752=EDGE_CURVE('',#71,#65,#755,.T.);
#753=LINE('',#64,#756);
#754=LINE('',#68,#757);
#755=LINE('',#70,#758);
#756=VECTOR('',#759,1.0);
#757=VECTOR('',#760,1.0);
#758=VECTOR('',#761,1.0);
#759=DIRECTION('',(-0.9984573258899043,4.106460902548631E-07,0.05552448447858568));
#760=DIRECTION('',(0.9999999999999154,-4.1128056213001187E-07,0));
#761=DIRECTION('',(0,0,-1));
#762=FACE_SURFACE('',(#767),#763,.T.);
#763=PLANE('',#764);
#764=AXIS2_PLACEMENT_3D('',#60,#765,#766);
#765=DIRECTION('',(-0.9999999999999379,3.521258807768453E-07,0));
#766=DIRECTION('',(-3.521258807768453E-07,-0.9999999999999379,0));
#767=FACE_BOUND('',#768,.T.);
#768=EDGE_LOOP('',(#769,#770,#771));
#769=ORIENTED_EDGE('',*,*,#772,.T.);
#770=ORIENTED_EDGE('',*,*,#773,.T.);
#771=ORIENTED_EDGE('',*,*,#774,.T.);
#772=EDGE_CURVE('',#61,#53,#775,.F.);
#773=EDGE_CURVE('',#53,#73,#776,.T.);
#774=EDGE_CURVE('',#73,#61,#777,.T.);
#775=LINE('',#60,#778);
#776=LINE('',#52,#779);
#777=LINE('',#72,#780);
#778=VECTOR('',#781,1.0);
#779=VECTOR('',#782,1.0);
#780=VECTOR('',#783,1.0);
#781=DIRECTION('',(-3.521258807768453E-07,-0.9999999999999379,0));
#782=DIRECTION('',(0,0,1));
#783=DIRECTION('',(3.519486304695767E-07,0.9994966280044528,-0.031725236131578426));
#784=FACE_SURFACE('',(#789),#785,.T.);
#785=PLANE('',#786);
#786=AXIS2_PLACEMENT_3D('',#60,#787,#788);
#787=DIRECTION('',(-0.9999999999999379,3.521258807768453E-07,0));
#788=DIRECTION('',(-3.519486304695767E-07,-0.9994966280044528,0.031725236131578426));
#789=FACE_BOUND('',#790,.T.);
#790=EDGE_LOOP('',(#791,#792,#793));
#791=ORIENTED_EDGE('',*,*,#794,.T.);
#792=ORIENTED_EDGE('',*,*,#795,.T.);
#793=ORIENTED_EDGE('',*,*,#796,.T.);
#794=EDGE_CURVE('',#61,#73,#797,.F.);
#795=EDGE_CURVE('',#73,#75,#798,.T.);
#796=EDGE_CURVE('',#75,#61,#799,.T.);
#797=LINE('',#60,#800);
#798=LINE('',#72,#801);
#799=LINE('',#74,#802);
#800=VECTOR('',#803,1.0);
#801=VECTOR('',#804,1.0);
#802=VECTOR('',#805,1.0);
#803=DIRECTION('',(-3.519486304695767E-07,-0.9994966280044528,0.031725236131578426));
#804=DIRECTION('',(3.521258807768453E-07,0.9999999999999379,0));
#805=DIRECTION('',(0,0,-1));
#806=FACE_SURFACE('',(#811),#807,.T.);
#807=PLANE('',#808);
#808=AXIS2_PLACEMENT_3D('',#76,#809,#810);
#809=DIRECTION('',(-0.9999999999999525,3.084605088163908E-07,0));
#810=DIRECTION('',(-3.084605088163908E-07,-0.9999999999999525,0));
#811=FACE_BOUND('',#812,.T.);
#812=EDGE_LOOP('',(#813,#814,#815));
#813=ORIENTED_EDGE('',*,*,#816,.T.);
#814=ORIENTED_EDGE('',*,*,#817,.T.);
#815=ORIENTED_EDGE('',*,*,#818,.T.);
#816=EDGE_CURVE('',#77,#65,#819,.F.);
#817=EDGE_CURVE('',#65,#71,#820,.T.);
#818=EDGE_CURVE('',#71,#77,#821,.T.);
#819=LINE('',#76,#822);
#820=LINE('',#64,#823);
#821=LINE('',#70,#824);
#822=VECTOR('',#825,1.0);
#823=VECTOR('',#826,1.0);
#824=VECTOR('',#827,1.0);
#825=DIRECTION('',(-3.084605088163908E-07,-0.9999999999999525,0));
#826=DIRECTION('',(0,0,1));
#827=DIRECTION('',(3.0798465450700044E-07,0.9984573250195596,-0.05552450013003706));
#828=FACE_SURFACE('',(#833),#829,.T.);
#829=PLANE('',#830);
#830=AXIS2_PLACEMENT_3D('',#76,#831,#832);
#831=DIRECTION('',(-0.9999999999999525,3.084605088163908E-07,0));
#832=DIRECTION('',(-3.0798465450700044E-07,-0.9984573250195596,0.05552450013003706));
#833=FACE_BOUND('',#834,.T.);
#834=EDGE_LOOP('',(#835,#836,#837));
#835=ORIENTED_EDGE('',*,*,#838,.T.);
#836=ORIENTED_EDGE('',*,*,#839,.T.);
#837=ORIENTED_EDGE('',*,*,#840,.T.);
#838=EDGE_CURVE('',#77,#71,#841,.F.);
#839=EDGE_CURVE('',#71,#79,#842,.T.);
#840=EDGE_CURVE('',#79,#77,#843,.T.);
#841=LINE('',#76,#844);
#842=LINE('',#70,#845);
#843=LINE('',#78,#846);
#844=VECTOR('',#847,1.0);
#845=VECTOR('',#848,1.0);
#846=VECTOR('',#849,1.0);
#847=DIRECTION('',(-3.0798465450700044E-07,-0.9984573250195596,0.05552450013003706));
#848=DIRECTION('',(3.084605088163908E-07,0.9999999999999525,0));
#849=DIRECTION('',(0,0,-1));
#850=FACE_SURFACE('',(#855),#851,.T.);
#851=PLANE('',#852);
#852=AXIS2_PLACEMENT_3D('',#66,#853,#854);
#853=DIRECTION('',(0.9999999999998929,-4.6269078701153115E-07,0));
#854=DIRECTION('',(4.6269078701153115E-07,0.999999999999893,0));
#855=FACE_BOUND('',#856,.T.);
#856=EDGE_LOOP('',(#857,#858,#859));
#857=ORIENTED_EDGE('',*,*,#860,.T.);
#858=ORIENTED_EDGE('',*,*,#861,.T.);
#859=ORIENTED_EDGE('',*,*,#862,.T.);
#860=EDGE_CURVE('',#67,#81,#863,.F.);
#861=EDGE_CURVE('',#81,#83,#864,.T.);
#862=EDGE_CURVE('',#83,#67,#865,.T.);
#863=LINE('',#66,#866);
#864=LINE('',#80,#867);
#865=LINE('',#82,#868);
#866=VECTOR('',#869,1.0);
#867=VECTOR('',#870,1.0);
#868=VECTOR('',#871,1.0);
#869=DIRECTION('',(4.6269078701153115E-07,0.999999999999893,0));
#870=DIRECTION('',(0,0,1));
#871=DIRECTION('',(-4.619770054375289E-07,-0.9984573248612492,-0.05552450297575278));
#872=FACE_SURFACE('',(#877),#873,.T.);
#873=PLANE('',#874);
#874=AXIS2_PLACEMENT_3D('',#66,#875,#876);
#875=DIRECTION('',(0.9999999999998929,-4.6269078701153115E-07,0));
#876=DIRECTION('',(4.619770054375289E-07,0.9984573248612492,0.05552450297575278));
#877=FACE_BOUND('',#878,.T.);
#878=EDGE_LOOP('',(#879,#880,#881));
#879=ORIENTED_EDGE('',*,*,#882,.T.);
#880=ORIENTED_EDGE('',*,*,#883,.T.);
#881=ORIENTED_EDGE('',*,*,#884,.T.);
#882=EDGE_CURVE('',#67,#83,#885,.F.);
#883=EDGE_CURVE('',#83,#69,#886,.T.);
#884=EDGE_CURVE('',#69,#67,#887,.T.);
#885=LINE('',#66,#888);
#886=LINE('',#82,#889);
#887=LINE('',#68,#890);
#888=VECTOR('',#891,1.0);
#889=VECTOR('',#892,1.0);
#890=VECTOR('',#893,1.0);
#891=DIRECTION('',(4.619770054375289E-07,0.9984573248612492,0.05552450297575278));
#892=DIRECTION('',(-4.6269078701153115E-07,-0.999999999999893,0));
#893=DIRECTION('',(0,0,-1));
#894=FACE_SURFACE('',(#899),#895,.T.);
#895=PLANE('',#896);
#896=AXIS2_PLACEMENT_3D('',#84,#897,#898);
#897=DIRECTION('',(0.9999999999999379,-3.521258807768453E-07,0));
#898=DIRECTION('',(3.521258807768453E-07,0.9999999999999379,0));
#899=FACE_BOUND('',#900,.T.);
#900=EDGE_LOOP('',(#901,#902,#903));
#901=ORIENTED_EDGE('',*,*,#904,.T.);
#902=ORIENTED_EDGE('',*,*,#905,.T.);
#903=ORIENTED_EDGE('',*,*,#906,.T.);
#904=EDGE_CURVE('',#85,#87,#907,.F.);
#905=EDGE_CURVE('',#87,#89,#908,.T.);
#906=EDGE_CURVE('',#89,#85,#909,.T.);
#907=LINE('',#84,#910);
#908=LINE('',#86,#911);
#909=LINE('',#88,#912);
#910=VECTOR('',#913,1.0);
#911=VECTOR('',#914,1.0);
#912=VECTOR('',#915,1.0);
#913=DIRECTION('',(3.521258807768453E-07,0.9999999999999379,0));
#914=DIRECTION('',(0,0,1));
#915=DIRECTION('',(-3.517107310485831E-07,-0.9988210189851193,-0.048544536596863426));
#916=FACE_SURFACE('',(#921),#917,.T.);
#917=PLANE('',#918);
#918=AXIS2_PLACEMENT_3D('',#84,#919,#920);
#919=DIRECTION('',(0.9999999999999379,-3.521258807768453E-07,0));
#920=DIRECTION('',(3.517107310485831E-07,0.9988210189851193,0.048544536596863426));
#921=FACE_BOUND('',#922,.T.);
#922=EDGE_LOOP('',(#923,#924,#925));
#923=ORIENTED_EDGE('',*,*,#926,.T.);
#924=ORIENTED_EDGE('',*,*,#927,.T.);
#925=ORIENTED_EDGE('',*,*,#928,.T.);
#926=EDGE_CURVE('',#85,#89,#929,.F.);
#927=EDGE_CURVE('',#89,#91,#930,.T.);
#928=EDGE_CURVE('',#91,#85,#931,.T.);
#929=LINE('',#84,#932);
#930=LINE('',#88,#933);
#931=LINE('',#90,#934);
#932=VECTOR('',#935,1.0);
#933=VECTOR('',#936,1.0);
#934=VECTOR('',#937,1.0);
#935=DIRECTION('',(3.517107310485831E-07,0.9988210189851193,0.048544536596863426));
#936=DIRECTION('',(-3.521258807768453E-07,-0.9999999999999379,0));
#937=DIRECTION('',(0,0,-1));
#938=FACE_SURFACE('',(#943),#939,.T.);
#939=PLANE('',#940);
#940=AXIS2_PLACEMENT_3D('',#92,#941,#942);
#941=DIRECTION('',(0.9999999999998912,-4.662408658380593E-07,0));
#942=DIRECTION('',(4.6624086583805936E-07,0.9999999999998914,0));
#943=FACE_BOUND('',#944,.T.);
#944=EDGE_LOOP('',(#945,#946,#947));
#945=ORIENTED_EDGE('',*,*,#948,.T.);
#946=ORIENTED_EDGE('',*,*,#949,.T.);
#947=ORIENTED_EDGE('',*,*,#950,.T.);
#948=EDGE_CURVE('',#93,#95,#951,.F.);
#949=EDGE_CURVE('',#95,#97,#952,.T.);
#950=EDGE_CURVE('',#97,#93,#953,.T.);
#951=LINE('',#92,#954);
#952=LINE('',#94,#955);
#953=LINE('',#96,#956);
#954=VECTOR('',#957,1.0);
#955=VECTOR('',#958,1.0);
#956=VECTOR('',#959,1.0);
#957=DIRECTION('',(4.6624086583805936E-07,0.9999999999998914,0));
#958=DIRECTION('',(0,0,1));
#959=DIRECTION('',(-4.650961809643338E-07,-0.9975448637010431,-0.07003031417501318));
#960=FACE_SURFACE('',(#965),#961,.T.);
#961=PLANE('',#962);
#962=AXIS2_PLACEMENT_3D('',#92,#963,#964);
#963=DIRECTION('',(0.9999999999998912,-4.662408658380593E-07,0));
#964=DIRECTION('',(4.650961809643338E-07,0.9975448637010431,0.07003031417501318));
#965=FACE_BOUND('',#966,.T.);
#966=EDGE_LOOP('',(#967,#968,#969));
#967=ORIENTED_EDGE('',*,*,#970,.T.);
#968=ORIENTED_EDGE('',*,*,#971,.T.);
#969=ORIENTED_EDGE('',*,*,#972,.T.);
#970=EDGE_CURVE('',#93,#97,#973,.F.);
#971=EDGE_CURVE('',#97,#99,#974,.T.);
#972=EDGE_CURVE('',#99,#93,#975,.T.);
#973=LINE('',#92,#976);
#974=LINE('',#96,#977);
#975=LINE('',#98,#978);
#976=VECTOR('',#979,1.0);
#977=VECTOR('',#980,1.0);
#978=VECTOR('',#981,1.0);
#979=DIRECTION('',(4.650961809643338E-07,0.9975448637010431,0.07003031417501318));
#980=DIRECTION('',(-4.6624086583805936E-07,-0.9999999999998914,0));
#981=DIRECTION('',(0,0,-1));
#982=FACE_SURFACE('',(#987),#983,.T.);
#983=PLANE('',#984);
#984=AXIS2_PLACEMENT_3D('',#74,#985,#986);
#985=DIRECTION('',(-0.9999999999999379,3.521258807768453E-07,0));
#986=DIRECTION('',(-3.521258807768453E-07,-0.9999999999999379,0));
#987=FACE_BOUND('',#988,.T.);
#988=EDGE_LOOP('',(#989,#990,#991));
#989=ORIENTED_EDGE('',*,*,#992,.T.);
#990=ORIENTED_EDGE('',*,*,#993,.T.);
#991=ORIENTED_EDGE('',*,*,#994,.T.);
#992=EDGE_CURVE('',#75,#73,#995,.F.);
#993=EDGE_CURVE('',#73,#101,#996,.T.);
#994=EDGE_CURVE('',#101,#75,#997,.T.);
#995=LINE('',#74,#998);
#996=LINE('',#72,#999);
#997=LINE('',#100,#1000);
#998=VECTOR('',#1001,1.0);
#999=VECTOR('',#1002,1.0);
#1000=VECTOR('',#1003,1.0);
#1001=DIRECTION('',(-3.521258807768453E-07,-0.9999999999999379,0));
#1002=DIRECTION('',(0,0,1));
#1003=DIRECTION('',(3.517107310485831E-07,0.9988210189851193,-0.048544536596863426));
#1004=FACE_SURFACE('',(#1009),#1005,.T.);
#1005=PLANE('',#1006);
#1006=AXIS2_PLACEMENT_3D('',#74,#1007,#1008);
#1007=DIRECTION('',(-0.9999999999999379,3.521258807768453E-07,0));
#1008=DIRECTION('',(-3.517107310485831E-07,-0.9988210189851193,0.048544536596863426));
#1009=FACE_BOUND('',#1010,.T.);
#1010=EDGE_LOOP('',(#1011,#1012,#1013));
#1011=ORIENTED_EDGE('',*,*,#1014,.T.);
#1012=ORIENTED_EDGE('',*,*,#1015,.T.);
#1013=ORIENTED_EDGE('',*,*,#1016,.T.);
#1014=EDGE_CURVE('',#75,#101,#1017,.F.);
#1015=EDGE_CURVE('',#101,#103,#1018,.T.);
#1016=EDGE_CURVE('',#103,#75,#1019,.T.);
#1017=LINE('',#74,#1020);
#1018=LINE('',#100,#1021);
#1019=LINE('',#102,#1022);
#1020=VECTOR('',#1023,1.0);
#1021=VECTOR('',#1024,1.0);
#1022=VECTOR('',#1025,1.0);
#1023=DIRECTION('',(-3.517107310485831E-07,-0.9988210189851193,0.048544536596863426));
#1024=DIRECTION('',(3.521258807768453E-07,0.9999999999999379,0));
#1025=DIRECTION('',(0,0,-1));
#1026=FACE_SURFACE('',(#1031),#1027,.T.);
#1027=PLANE('',#1028);
#1028=AXIS2_PLACEMENT_3D('',#94,#1029,#1030);
#1029=DIRECTION('',(-2.9669871394245713E-07,-0.999999999999956,0));
#1030=DIRECTION('',(0.9999999999999559,-2.9669871394245713E-07,0));
#1031=FACE_BOUND('',#1032,.T.);
#1032=EDGE_LOOP('',(#1033,#1034,#1035));
#1033=ORIENTED_EDGE('',*,*,#1036,.T.);
#1034=ORIENTED_EDGE('',*,*,#1037,.T.);
#1035=ORIENTED_EDGE('',*,*,#1038,.T.);
#1036=EDGE_CURVE('',#95,#105,#1039,.F.);
#1037=EDGE_CURVE('',#105,#107,#1040,.T.);
#1038=EDGE_CURVE('',#107,#95,#1041,.T.);
#1039=LINE('',#94,#1042);
#1040=LINE('',#104,#1043);
#1041=LINE('',#106,#1044);
#1042=VECTOR('',#1045,1.0);
#1043=VECTOR('',#1046,1.0);
#1044=VECTOR('',#1047,1.0);
#1045=DIRECTION('',(0.9999999999999559,-2.9669871394245713E-07,0));
#1046=DIRECTION('',(0,0,1));
#1047=DIRECTION('',(-0.9975448640121454,2.9597027825231986E-07,-0.07003030974444535));
#1048=FACE_SURFACE('',(#1053),#1049,.T.);
#1049=PLANE('',#1050);
#1050=AXIS2_PLACEMENT_3D('',#94,#1051,#1052);
#1051=DIRECTION('',(-2.9669871394245713E-07,-0.999999999999956,0));
#1052=DIRECTION('',(0.9975448640121454,-2.9597027825231986E-07,0.07003030974444535));
#1053=FACE_BOUND('',#1054,.T.);
#1054=EDGE_LOOP('',(#1055,#1056,#1057));
#1055=ORIENTED_EDGE('',*,*,#1058,.T.);
#1056=ORIENTED_EDGE('',*,*,#1059,.T.);
#1057=ORIENTED_EDGE('',*,*,#1060,.T.);
#1058=EDGE_CURVE('',#95,#107,#1061,.F.);
#1059=EDGE_CURVE('',#107,#97,#1062,.T.);
#1060=EDGE_CURVE('',#97,#95,#1063,.T.);
#1061=LINE('',#94,#1064);
#1062=LINE('',#106,#1065);
#1063=LINE('',#96,#1066);
#1064=VECTOR('',#1067,1.0);
#1065=VECTOR('',#1068,1.0);
#1066=VECTOR('',#1069,1.0);
#1067=DIRECTION('',(0.9975448640121454,-2.9597027825231986E-07,0.07003030974444535));
#1068=DIRECTION('',(-0.9999999999999559,2.9669871394245713E-07,0));
#1069=DIRECTION('',(0,0,-1));
#1070=FACE_SURFACE('',(#1075),#1071,.T.);
#1071=PLANE('',#1072);
#1072=AXIS2_PLACEMENT_3D('',#50,#1073,#1074);
#1073=DIRECTION('',(0.9999999999999379,-3.521258807768453E-07,0));
#1074=DIRECTION('',(3.521258807768453E-07,0.9999999999999379,0));
#1075=FACE_BOUND('',#1076,.T.);
#1076=EDGE_LOOP('',(#1077,#1078,#1079));
#1077=ORIENTED_EDGE('',*,*,#1080,.T.);
#1078=ORIENTED_EDGE('',*,*,#1081,.T.);
#1079=ORIENTED_EDGE('',*,*,#1082,.T.);
#1080=EDGE_CURVE('',#51,#63,#1083,.F.);
#1081=EDGE_CURVE('',#63,#87,#1084,.T.);
#1082=EDGE_CURVE('',#87,#51,#1085,.T.);
#1083=LINE('',#50,#1086);
#1084=LINE('',#62,#1087);
#1085=LINE('',#86,#1088);
#1086=VECTOR('',#1089,1.0);
#1087=VECTOR('',#1090,1.0);
#1088=VECTOR('',#1091,1.0);
#1089=DIRECTION('',(3.521258807768453E-07,0.9999999999999379,0));
#1090=DIRECTION('',(0,0,1));
#1091=DIRECTION('',(-3.519486304695767E-07,-0.9994966280044528,-0.031725236131578426));
#1092=FACE_SURFACE('',(#1097),#1093,.T.);
#1093=PLANE('',#1094);
#1094=AXIS2_PLACEMENT_3D('',#50,#1095,#1096);
#1095=DIRECTION('',(0.9999999999999379,-3.521258807768453E-07,0));
#1096=DIRECTION('',(3.519486304695767E-07,0.9994966280044528,0.031725236131578426));
#1097=FACE_BOUND('',#1098,.T.);
#1098=EDGE_LOOP('',(#1099,#1100,#1101));
#1099=ORIENTED_EDGE('',*,*,#1102,.T.);
#1100=ORIENTED_EDGE('',*,*,#1103,.T.);
#1101=ORIENTED_EDGE('',*,*,#1104,.T.);
#1102=EDGE_CURVE('',#51,#87,#1105,.F.);
#1103=EDGE_CURVE('',#87,#85,#1106,.T.);
#1104=EDGE_CURVE('',#85,#51,#1107,.T.);
#1105=LINE('',#50,#1108);
#1106=LINE('',#86,#1109);
#1107=LINE('',#84,#1110);
#1108=VECTOR('',#1111,1.0);
#1109=VECTOR('',#1112,1.0);
#1110=VECTOR('',#1113,1.0);
#1111=DIRECTION('',(3.519486304695767E-07,0.9994966280044528,0.031725236131578426));
#1112=DIRECTION('',(-3.521258807768453E-07,-0.9999999999999379,0));
#1113=DIRECTION('',(0,0,-1));
#1114=FACE_SURFACE('',(#1119),#1115,.T.);
#1115=PLANE('',#1116);
#1116=AXIS2_PLACEMENT_3D('',#80,#1117,#1118);
#1117=DIRECTION('',(-3.5987054736667795E-07,-0.9999999999999352,0));
#1118=DIRECTION('',(0.9999999999999353,-3.5987054736667795E-07,0));
#1119=FACE_BOUND('',#1120,.T.);
#1120=EDGE_LOOP('',(#1121,#1122,#1123));
#1121=ORIENTED_EDGE('',*,*,#1124,.T.);
#1122=ORIENTED_EDGE('',*,*,#1125,.T.);
#1123=ORIENTED_EDGE('',*,*,#1126,.T.);
#1124=EDGE_CURVE('',#81,#77,#1127,.F.);
#1125=EDGE_CURVE('',#77,#79,#1128,.T.);
#1126=EDGE_CURVE('',#79,#81,#1129,.T.);
#1127=LINE('',#80,#1130);
#1128=LINE('',#76,#1131);
#1129=LINE('',#78,#1132);
#1130=VECTOR('',#1133,1.0);
#1131=VECTOR('',#1134,1.0);
#1132=VECTOR('',#1135,1.0);
#1133=DIRECTION('',(0.9999999999999353,-3.5987054736667795E-07,0));
#1134=DIRECTION('',(0,0,1));
#1135=DIRECTION('',(-0.9984573254151706,3.5931538421945E-07,-0.05552449301573987));
#1136=FACE_SURFACE('',(#1141),#1137,.T.);
#1137=PLANE('',#1138);
#1138=AXIS2_PLACEMENT_3D('',#80,#1139,#1140);
#1139=DIRECTION('',(-3.5987054736667795E-07,-0.9999999999999352,0));
#1140=DIRECTION('',(0.9984573254151706,-3.5931538421945E-07,0.05552449301573987));
#1141=FACE_BOUND('',#1142,.T.);
#1142=EDGE_LOOP('',(#1143,#1144,#1145));
#1143=ORIENTED_EDGE('',*,*,#1146,.T.);
#1144=ORIENTED_EDGE('',*,*,#1147,.T.);
#1145=ORIENTED_EDGE('',*,*,#1148,.T.);
#1146=EDGE_CURVE('',#81,#79,#1149,.F.);
#1147=EDGE_CURVE('',#79,#83,#1150,.T.);
#1148=EDGE_CURVE('',#83,#81,#1151,.T.);
#1149=LINE('',#80,#1152);
#1150=LINE('',#78,#1153);
#1151=LINE('',#82,#1154);
#1152=VECTOR('',#1155,1.0);
#1153=VECTOR('',#1156,1.0);
#1154=VECTOR('',#1157,1.0);
#1155=DIRECTION('',(0.9984573254151706,-3.5931538421945E-07,0.05552449301573987));
#1156=DIRECTION('',(-0.9999999999999353,3.5987054736667795E-07,0));
#1157=DIRECTION('',(0,0,-1));
#1158=FACE_SURFACE('',(#1163),#1159,.T.);
#1159=PLANE('',#1160);
#1160=AXIS2_PLACEMENT_3D('',#52,#1161,#1162);
#1161=DIRECTION('',(-3.48591609286651E-07,-0.9999999999999393,0));
#1162=DIRECTION('',(0.9999999999999393,-3.48591609286651E-07,0));
#1163=FACE_BOUND('',#1164,.T.);
#1164=EDGE_LOOP('',(#1165,#1166,#1167));
#1165=ORIENTED_EDGE('',*,*,#1168,.T.);
#1166=ORIENTED_EDGE('',*,*,#1169,.T.);
#1167=ORIENTED_EDGE('',*,*,#1170,.T.);
#1168=EDGE_CURVE('',#53,#51,#1171,.F.);
#1169=EDGE_CURVE('',#51,#85,#1172,.T.);
#1170=EDGE_CURVE('',#85,#53,#1173,.T.);
#1171=LINE('',#52,#1174);
#1172=LINE('',#50,#1175);
#1173=LINE('',#84,#1176);
#1174=VECTOR('',#1177,1.0);
#1175=VECTOR('',#1178,1.0);
#1176=VECTOR('',#1179,1.0);
#1177=DIRECTION('',(0.9999999999999393,-3.48591609286651E-07,0));
#1178=DIRECTION('',(0,0,1));
#1179=DIRECTION('',(-0.9997224145507592,3.4849484532820676E-07,-0.023560429636970078));
#1180=FACE_SURFACE('',(#1185),#1181,.T.);
#1181=PLANE('',#1182);
#1182=AXIS2_PLACEMENT_3D('',#52,#1183,#1184);
#1183=DIRECTION('',(-3.48591609286651E-07,-0.9999999999999393,0));
#1184=DIRECTION('',(0.9997224145507592,-3.4849484532820676E-07,0.023560429636970078));
#1185=FACE_BOUND('',#1186,.T.);
#1186=EDGE_LOOP('',(#1187,#1188,#1189));
#1187=ORIENTED_EDGE('',*,*,#1190,.T.);
#1188=ORIENTED_EDGE('',*,*,#1191,.T.);
#1189=ORIENTED_EDGE('',*,*,#1192,.T.);
#1190=EDGE_CURVE('',#53,#85,#1193,.F.);
#1191=EDGE_CURVE('',#85,#73,#1194,.T.);
#1192=EDGE_CURVE('',#73,#53,#1195,.T.);
#1193=LINE('',#52,#1196);
#1194=LINE('',#84,#1197);
#1195=LINE('',#72,#1198);
#1196=VECTOR('',#1199,1.0);
#1197=VECTOR('',#1200,1.0);
#1198=VECTOR('',#1201,1.0);
#1199=DIRECTION('',(0.9997224145507592,-3.4849484532820676E-07,0.023560429636970078));
#1200=DIRECTION('',(-0.9999999999999393,3.48591609286651E-07,0));
#1201=DIRECTION('',(0,0,-1));
#1202=FACE_SURFACE('',(#1207),#1203,.T.);
#1203=PLANE('',#1204);
#1204=AXIS2_PLACEMENT_3D('',#62,#1205,#1206);
#1205=DIRECTION('',(3.48591609286651E-07,0.9999999999999393,0));
#1206=DIRECTION('',(-0.9999999999999393,3.48591609286651E-07,0));
#1207=FACE_BOUND('',#1208,.T.);
#1208=EDGE_LOOP('',(#1209,#1210,#1211));
#1209=ORIENTED_EDGE('',*,*,#1212,.T.);
#1210=ORIENTED_EDGE('',*,*,#1213,.T.);
#1211=ORIENTED_EDGE('',*,*,#1214,.T.);
#1212=EDGE_CURVE('',#63,#61,#1215,.F.);
#1213=EDGE_CURVE('',#61,#75,#1216,.T.);
#1214=EDGE_CURVE('',#75,#63,#1217,.T.);
#1215=LINE('',#62,#1218);
#1216=LINE('',#60,#1219);
#1217=LINE('',#74,#1220);
#1218=VECTOR('',#1221,1.0);
#1219=VECTOR('',#1222,1.0);
#1220=VECTOR('',#1223,1.0);
#1221=DIRECTION('',(-0.9999999999999393,3.48591609286651E-07,0));
#1222=DIRECTION('',(0,0,1));
#1223=DIRECTION('',(0.9997224145507592,-3.4849484532820676E-07,-0.023560429636970078));
#1224=FACE_SURFACE('',(#1229),#1225,.T.);
#1225=PLANE('',#1226);
#1226=AXIS2_PLACEMENT_3D('',#62,#1227,#1228);
#1227=DIRECTION('',(3.48591609286651E-07,0.9999999999999393,-0));
#1228=DIRECTION('',(-0.9997224145507592,3.4849484532820676E-07,0.023560429636970078));
#1229=FACE_BOUND('',#1230,.T.);
#1230=EDGE_LOOP('',(#1231,#1232,#1233));
#1231=ORIENTED_EDGE('',*,*,#1234,.T.);
#1232=ORIENTED_EDGE('',*,*,#1235,.T.);
#1233=ORIENTED_EDGE('',*,*,#1236,.T.);
#1234=EDGE_CURVE('',#63,#75,#1237,.F.);
#1235=EDGE_CURVE('',#75,#87,#1238,.T.);
#1236=EDGE_CURVE('',#87,#63,#1239,.T.);
#1237=LINE('',#62,#1240);
#1238=LINE('',#74,#1241);
#1239=LINE('',#86,#1242);
#1240=VECTOR('',#1243,1.0);
#1241=VECTOR('',#1244,1.0);
#1242=VECTOR('',#1245,1.0);
#1243=DIRECTION('',(-0.9997224145507592,3.4849484532820676E-07,0.023560429636970078));
#1244=DIRECTION('',(0.9999999999999393,-3.48591609286651E-07,0));
#1245=DIRECTION('',(0,0,-1));
#1246=FACE_SURFACE('',(#1251),#1247,.T.);
#1247=PLANE('',#1248);
#1248=AXIS2_PLACEMENT_3D('',#86,#1249,#1250);
#1249=DIRECTION('',(3.4859160928665097E-07,0.9999999999999392,0));
#1250=DIRECTION('',(-0.9999999999999393,3.48591609286651E-07,0));
#1251=FACE_BOUND('',#1252,.T.);
#1252=EDGE_LOOP('',(#1253,#1254,#1255));
#1253=ORIENTED_EDGE('',*,*,#1256,.T.);
#1254=ORIENTED_EDGE('',*,*,#1257,.T.);
#1255=ORIENTED_EDGE('',*,*,#1258,.T.);
#1256=EDGE_CURVE('',#87,#75,#1259,.F.);
#1257=EDGE_CURVE('',#75,#103,#1260,.T.);
#1258=EDGE_CURVE('',#103,#87,#1261,.T.);
#1259=LINE('',#86,#1262);
#1260=LINE('',#74,#1263);
#1261=LINE('',#102,#1264);
#1262=VECTOR('',#1265,1.0);
#1263=VECTOR('',#1266,1.0);
#1264=VECTOR('',#1267,1.0);
#1265=DIRECTION('',(-0.9999999999999393,3.48591609286651E-07,0));
#1266=DIRECTION('',(0,0,1));
#1267=DIRECTION('',(0.9993495529005969,-3.483648688855354E-07,-0.03606204538369501));
#1268=FACE_SURFACE('',(#1273),#1269,.T.);
#1269=PLANE('',#1270);
#1270=AXIS2_PLACEMENT_3D('',#86,#1271,#1272);
#1271=DIRECTION('',(3.4859160928665097E-07,0.9999999999999392,-0));
#1272=DIRECTION('',(-0.9993495529005969,3.483648688855354E-07,0.03606204538369501));
#1273=FACE_BOUND('',#1274,.T.);
#1274=EDGE_LOOP('',(#1275,#1276,#1277));
#1275=ORIENTED_EDGE('',*,*,#1278,.T.);
#1276=ORIENTED_EDGE('',*,*,#1279,.T.);
#1277=ORIENTED_EDGE('',*,*,#1280,.T.);
#1278=EDGE_CURVE('',#87,#103,#1281,.F.);
#1279=EDGE_CURVE('',#103,#89,#1282,.T.);
#1280=EDGE_CURVE('',#89,#87,#1283,.T.);
#1281=LINE('',#86,#1284);
#1282=LINE('',#102,#1285);
#1283=LINE('',#88,#1286);
#1284=VECTOR('',#1287,1.0);
#1285=VECTOR('',#1288,1.0);
#1286=VECTOR('',#1289,1.0);
#1287=DIRECTION('',(-0.9993495529005969,3.483648688855354E-07,0.03606204538369501));
#1288=DIRECTION('',(0.9999999999999393,-3.48591609286651E-07,0));
#1289=DIRECTION('',(0,0,-1));
#1290=FACE_SURFACE('',(#1295),#1291,.T.);
#1291=PLANE('',#1292);
#1292=AXIS2_PLACEMENT_3D('',#108,#1293,#1294);
#1293=DIRECTION('',(1.695421078805733E-07,0.9999999999999856,0));
#1294=DIRECTION('',(-0.9999999999999857,1.695421078805733E-07,0));
#1295=FACE_BOUND('',#1296,.T.);
#1296=EDGE_LOOP('',(#1297,#1298,#1299));
#1297=ORIENTED_EDGE('',*,*,#1300,.T.);
#1298=ORIENTED_EDGE('',*,*,#1301,.T.);
#1299=ORIENTED_EDGE('',*,*,#1302,.T.);
#1300=EDGE_CURVE('',#109,#93,#1303,.F.);
#1301=EDGE_CURVE('',#93,#99,#1304,.T.);
#1302=EDGE_CURVE('',#99,#109,#1305,.T.);
#1303=LINE('',#108,#1306);
#1304=LINE('',#92,#1307);
#1305=LINE('',#98,#1308);
#1306=VECTOR('',#1309,1.0);
#1307=VECTOR('',#1310,1.0);
#1308=VECTOR('',#1311,1.0);
#1309=DIRECTION('',(-0.9999999999999857,1.695421078805733E-07,0));
#1310=DIRECTION('',(0,0,1));
#1311=DIRECTION('',(0.9975448644268919,-1.6912585902037841E-07,-0.07003030383701851));
#1312=FACE_SURFACE('',(#1317),#1313,.T.);
#1313=PLANE('',#1314);
#1314=AXIS2_PLACEMENT_3D('',#108,#1315,#1316);
#1315=DIRECTION('',(1.695421078805733E-07,0.9999999999999856,-0));
#1316=DIRECTION('',(-0.9975448644268919,1.6912585902037841E-07,0.07003030383701851));
#1317=FACE_BOUND('',#1318,.T.);
#1318=EDGE_LOOP('',(#1319,#1320,#1321));
#1319=ORIENTED_EDGE('',*,*,#1322,.T.);
#1320=ORIENTED_EDGE('',*,*,#1323,.T.);
#1321=ORIENTED_EDGE('',*,*,#1324,.T.);
#1322=EDGE_CURVE('',#109,#99,#1325,.F.);
#1323=EDGE_CURVE('',#99,#111,#1326,.T.);
#1324=EDGE_CURVE('',#111,#109,#1327,.T.);
#1325=LINE('',#108,#1328);
#1326=LINE('',#98,#1329);
#1327=LINE('',#110,#1330);
#1328=VECTOR('',#1331,1.0);
#1329=VECTOR('',#1332,1.0);
#1330=VECTOR('',#1333,1.0);
#1331=DIRECTION('',(-0.9975448644268919,1.6912585902037841E-07,0.07003030383701851));
#1332=DIRECTION('',(0.9999999999999857,-1.695421078805733E-07,0));
#1333=DIRECTION('',(0,0,-1));
#1334=FACE_SURFACE('',(#1339),#1335,.T.);
#1335=PLANE('',#1336);
#1336=AXIS2_PLACEMENT_3D('',#72,#1337,#1338);
#1337=DIRECTION('',(-3.4859160928665097E-07,-0.9999999999999392,0));
#1338=DIRECTION('',(0.9999999999999393,-3.48591609286651E-07,0));
#1339=FACE_BOUND('',#1340,.T.);
#1340=EDGE_LOOP('',(#1341,#1342,#1343));
#1341=ORIENTED_EDGE('',*,*,#1344,.T.);
#1342=ORIENTED_EDGE('',*,*,#1345,.T.);
#1343=ORIENTED_EDGE('',*,*,#1346,.T.);
#1344=EDGE_CURVE('',#73,#85,#1347,.F.);
#1345=EDGE_CURVE('',#85,#91,#1348,.T.);
#1346=EDGE_CURVE('',#91,#73,#1349,.T.);
#1347=LINE('',#72,#1350);
#1348=LINE('',#84,#1351);
#1349=LINE('',#90,#1352);
#1350=VECTOR('',#1353,1.0);
#1351=VECTOR('',#1354,1.0);
#1352=VECTOR('',#1355,1.0);
#1353=DIRECTION('',(0.9999999999999393,-3.48591609286651E-07,0));
#1354=DIRECTION('',(0,0,1));
#1355=DIRECTION('',(-0.9993495529005969,3.483648688855354E-07,-0.03606204538369501));
#1356=FACE_SURFACE('',(#1361),#1357,.T.);
#1357=PLANE('',#1358);
#1358=AXIS2_PLACEMENT_3D('',#72,#1359,#1360);
#1359=DIRECTION('',(-3.4859160928665097E-07,-0.9999999999999392,0));
#1360=DIRECTION('',(0.9993495529005969,-3.483648688855354E-07,0.03606204538369501));
#1361=FACE_BOUND('',#1362,.T.);
#1362=EDGE_LOOP('',(#1363,#1364,#1365));
#1363=ORIENTED_EDGE('',*,*,#1366,.T.);
#1364=ORIENTED_EDGE('',*,*,#1367,.T.);
#1365=ORIENTED_EDGE('',*,*,#1368,.T.);
#1366=EDGE_CURVE('',#73,#91,#1369,.F.);
#1367=EDGE_CURVE('',#91,#101,#1370,.T.);
#1368=EDGE_CURVE('',#101,#73,#1371,.T.);
#1369=LINE('',#72,#1372);
#1370=LINE('',#90,#1373);
#1371=LINE('',#100,#1374);
#1372=VECTOR('',#1375,1.0);
#1373=VECTOR('',#1376,1.0);
#1374=VECTOR('',#1377,1.0);
#1375=DIRECTION('',(0.9993495529005969,-3.483648688855354E-07,0.03606204538369501));
#1376=DIRECTION('',(-0.9999999999999393,3.48591609286651E-07,0));
#1377=DIRECTION('',(0,0,-1));
#1378=FACE_SURFACE('',(#1383),#1379,.T.);
#1379=PLANE('',#1380);
#1380=AXIS2_PLACEMENT_3D('',#104,#1381,#1382);
#1381=DIRECTION('',(-0.9999999999999273,3.8146984782847103E-07,0));
#1382=DIRECTION('',(-3.8146984782847103E-07,-0.9999999999999272,0));
#1383=FACE_BOUND('',#1384,.T.);
#1384=EDGE_LOOP('',(#1385,#1386,#1387));
#1385=ORIENTED_EDGE('',*,*,#1388,.T.);
#1386=ORIENTED_EDGE('',*,*,#1389,.T.);
#1387=ORIENTED_EDGE('',*,*,#1390,.T.);
#1388=EDGE_CURVE('',#105,#109,#1391,.F.);
#1389=EDGE_CURVE('',#109,#111,#1392,.T.);
#1390=EDGE_CURVE('',#111,#105,#1393,.T.);
#1391=LINE('',#104,#1394);
#1392=LINE('',#108,#1395);
#1393=LINE('',#110,#1396);
#1394=VECTOR('',#1397,1.0);
#1395=VECTOR('',#1398,1.0);
#1396=VECTOR('',#1399,1.0);
#1397=DIRECTION('',(-3.8146984782847103E-07,-0.9999999999999272,0));
#1398=DIRECTION('',(0,0,1));
#1399=DIRECTION('',(3.805332871208477E-07,0.9975448630790025,-0.07003032303616202));
#1400=FACE_SURFACE('',(#1405),#1401,.T.);
#1401=PLANE('',#1402);
#1402=AXIS2_PLACEMENT_3D('',#104,#1403,#1404);
#1403=DIRECTION('',(-0.9999999999999273,3.8146984782847103E-07,0));
#1404=DIRECTION('',(-3.805332871208477E-07,-0.9975448630790025,0.07003032303616202));
#1405=FACE_BOUND('',#1406,.T.);
#1406=EDGE_LOOP('',(#1407,#1408,#1409));
#1407=ORIENTED_EDGE('',*,*,#1410,.T.);
#1408=ORIENTED_EDGE('',*,*,#1411,.T.);
#1409=ORIENTED_EDGE('',*,*,#1412,.T.);
#1410=EDGE_CURVE('',#105,#111,#1413,.F.);
#1411=EDGE_CURVE('',#111,#107,#1414,.T.);
#1412=EDGE_CURVE('',#107,#105,#1415,.T.);
#1413=LINE('',#104,#1416);
#1414=LINE('',#110,#1417);
#1415=LINE('',#106,#1418);
#1416=VECTOR('',#1419,1.0);
#1417=VECTOR('',#1420,1.0);
#1418=VECTOR('',#1421,1.0);
#1419=DIRECTION('',(-3.805332871208477E-07,-0.9975448630790025,0.07003032303616202));
#1420=DIRECTION('',(3.8146984782847103E-07,0.9999999999999272,0));
#1421=DIRECTION('',(0,0,-1));
#1422=FACE_SURFACE('',(#1427),#1423,.T.);
#1423=PLANE('',#1424);
#1424=AXIS2_PLACEMENT_3D('',#108,#1425,#1426);
#1425=DIRECTION('',(0,-0,1));
#1426=DIRECTION('',(3.8146984782847103E-07,0.9999999999999272,0));
#1427=FACE_BOUND('',#1428,.T.);
#1428=EDGE_LOOP('',(#1429,#1430,#1431));
#1429=ORIENTED_EDGE('',*,*,#1432,.T.);
#1430=ORIENTED_EDGE('',*,*,#1433,.T.);
#1431=ORIENTED_EDGE('',*,*,#1434,.T.);
#1432=EDGE_CURVE('',#109,#105,#1435,.F.);
#1433=EDGE_CURVE('',#105,#79,#1436,.T.);
#1434=EDGE_CURVE('',#79,#109,#1437,.T.);
#1435=LINE('',#108,#1438);
#1436=LINE('',#104,#1439);
#1437=LINE('',#78,#1440);
#1438=VECTOR('',#1441,1.0);
#1439=VECTOR('',#1442,1.0);
#1440=VECTOR('',#1443,1.0);
#1441=DIRECTION('',(3.8146984782847103E-07,0.9999999999999272,0));
#1442=DIRECTION('',(-0.5821896129441798,-0.8130530453666022,0));
#1443=DIRECTION('',(0.08508941755692592,-0.9963733191027463,0));
#1444=FACE_SURFACE('',(#1449),#1445,.T.);
#1445=PLANE('',#1446);
#1446=AXIS2_PLACEMENT_3D('',#108,#1447,#1448);
#1447=DIRECTION('',(0,0,1));
#1448=DIRECTION('',(-0.08508941755692592,0.9963733191027463,0));
#1449=FACE_BOUND('',#1450,.T.);
#1450=EDGE_LOOP('',(#1451,#1452,#1453));
#1451=ORIENTED_EDGE('',*,*,#1454,.T.);
#1452=ORIENTED_EDGE('',*,*,#1455,.T.);
#1453=ORIENTED_EDGE('',*,*,#1456,.T.);
#1454=EDGE_CURVE('',#109,#79,#1457,.F.);
#1455=EDGE_CURVE('',#79,#71,#1458,.T.);
#1456=EDGE_CURVE('',#71,#109,#1459,.T.);
#1457=LINE('',#108,#1460);
#1458=LINE('',#78,#1461);
#1459=LINE('',#70,#1462);
#1460=VECTOR('',#1463,1.0);
#1461=VECTOR('',#1464,1.0);
#1462=VECTOR('',#1465,1.0);
#1463=DIRECTION('',(-0.08508941755692592,0.9963733191027463,0));
#1464=DIRECTION('',(-3.084605088163908E-07,-0.9999999999999525,0));
#1465=DIRECTION('',(0.7417702101357294,-0.6706541249818687,0));
#1466=FACE_SURFACE('',(#1471),#1467,.T.);
#1467=PLANE('',#1468);
#1468=AXIS2_PLACEMENT_3D('',#104,#1469,#1470);
#1469=DIRECTION('',(0,0,1));
#1470=DIRECTION('',(-0.9999999999999559,2.9669871394245713E-07,0));
#1471=FACE_BOUND('',#1472,.T.);
#1472=EDGE_LOOP('',(#1473,#1474,#1475));
#1473=ORIENTED_EDGE('',*,*,#1476,.T.);
#1474=ORIENTED_EDGE('',*,*,#1477,.T.);
#1475=ORIENTED_EDGE('',*,*,#1478,.T.);
#1476=EDGE_CURVE('',#105,#95,#1479,.F.);
#1477=EDGE_CURVE('',#95,#83,#1480,.T.);
#1478=EDGE_CURVE('',#83,#105,#1481,.T.);
#1479=LINE('',#104,#1482);
#1480=LINE('',#94,#1483);
#1481=LINE('',#82,#1484);
#1482=VECTOR('',#1485,1.0);
#1483=VECTOR('',#1486,1.0);
#1484=VECTOR('',#1487,1.0);
#1485=DIRECTION('',(-0.9999999999999559,2.9669871394245713E-07,0));
#1486=DIRECTION('',(0.6815418712896029,-0.7317791180944332,0));
#1487=DIRECTION('',(0.9930757020798354,0.1174761675347039,0));
#1488=FACE_SURFACE('',(#1493),#1489,.T.);
#1489=PLANE('',#1490);
#1490=AXIS2_PLACEMENT_3D('',#104,#1491,#1492);
#1491=DIRECTION('',(0,0,1));
#1492=DIRECTION('',(-0.9930757020798354,-0.1174761675347039,0));
#1493=FACE_BOUND('',#1494,.T.);
#1494=EDGE_LOOP('',(#1495,#1496,#1497));
#1495=ORIENTED_EDGE('',*,*,#1498,.T.);
#1496=ORIENTED_EDGE('',*,*,#1499,.T.);
#1497=ORIENTED_EDGE('',*,*,#1500,.T.);
#1498=EDGE_CURVE('',#105,#83,#1501,.F.);
#1499=EDGE_CURVE('',#83,#79,#1502,.T.);
#1500=EDGE_CURVE('',#79,#105,#1503,.T.);
#1501=LINE('',#104,#1504);
#1502=LINE('',#82,#1505);
#1503=LINE('',#78,#1506);
#1504=VECTOR('',#1507,1.0);
#1505=VECTOR('',#1508,1.0);
#1506=VECTOR('',#1509,1.0);
#1507=DIRECTION('',(-0.9930757020798354,-0.1174761675347039,0));
#1508=DIRECTION('',(0.9999999999999353,-3.5987054736667795E-07,0));
#1509=DIRECTION('',(0.5821896129441798,0.8130530453666022,0));
#1510=FACE_SURFACE('',(#1515),#1511,.T.);
#1511=PLANE('',#1512);
#1512=AXIS2_PLACEMENT_3D('',#94,#1513,#1514);
#1513=DIRECTION('',(0,0,1));
#1514=DIRECTION('',(-4.6624086583805936E-07,-0.9999999999998914,0));
#1515=FACE_BOUND('',#1516,.T.);
#1516=EDGE_LOOP('',(#1517,#1518,#1519));
#1517=ORIENTED_EDGE('',*,*,#1520,.T.);
#1518=ORIENTED_EDGE('',*,*,#1521,.T.);
#1519=ORIENTED_EDGE('',*,*,#1522,.T.);
#1520=EDGE_CURVE('',#95,#93,#1523,.F.);
#1521=EDGE_CURVE('',#93,#69,#1524,.T.);
#1522=EDGE_CURVE('',#69,#95,#1525,.T.);
#1523=LINE('',#94,#1526);
#1524=LINE('',#92,#1527);
#1525=LINE('',#68,#1528);
#1526=VECTOR('',#1529,1.0);
#1527=VECTOR('',#1530,1.0);
#1528=VECTOR('',#1531,1.0);
#1529=DIRECTION('',(-4.6624086583805936E-07,-0.9999999999998914,0));
#1530=DIRECTION('',(0.8211084930885425,0.5707721459372933,0));
#1531=DIRECTION('',(-0.10599321346976541,0.9943668531776151,0));
#1532=FACE_SURFACE('',(#1537),#1533,.T.);
#1533=PLANE('',#1534);
#1534=AXIS2_PLACEMENT_3D('',#94,#1535,#1536);
#1535=DIRECTION('',(0,0,1));
#1536=DIRECTION('',(0.10599321346976541,-0.9943668531776151,0));
#1537=FACE_BOUND('',#1538,.T.);
#1538=EDGE_LOOP('',(#1539,#1540,#1541));
#1539=ORIENTED_EDGE('',*,*,#1542,.T.);
#1540=ORIENTED_EDGE('',*,*,#1543,.T.);
#1541=ORIENTED_EDGE('',*,*,#1544,.T.);
#1542=EDGE_CURVE('',#95,#69,#1545,.F.);
#1543=EDGE_CURVE('',#69,#83,#1546,.T.);
#1544=EDGE_CURVE('',#83,#95,#1547,.T.);
#1545=LINE('',#94,#1548);
#1546=LINE('',#68,#1549);
#1547=LINE('',#82,#1550);
#1548=VECTOR('',#1551,1.0);
#1549=VECTOR('',#1552,1.0);
#1550=VECTOR('',#1553,1.0);
#1551=DIRECTION('',(0.10599321346976541,-0.9943668531776151,0));
#1552=DIRECTION('',(4.6269078701153115E-07,0.999999999999893,0));
#1553=DIRECTION('',(-0.6815418712896029,0.7317791180944332,0));
#1554=FACE_SURFACE('',(#1559),#1555,.T.);
#1555=PLANE('',#1556);
#1556=AXIS2_PLACEMENT_3D('',#92,#1557,#1558);
#1557=DIRECTION('',(-0,0,1));
#1558=DIRECTION('',(0.9999999999999857,-1.695421078805733E-07,0));
#1559=FACE_BOUND('',#1560,.T.);
#1560=EDGE_LOOP('',(#1561,#1562,#1563));
#1561=ORIENTED_EDGE('',*,*,#1564,.T.);
#1562=ORIENTED_EDGE('',*,*,#1565,.T.);
#1563=ORIENTED_EDGE('',*,*,#1566,.T.);
#1564=EDGE_CURVE('',#93,#109,#1567,.F.);
#1565=EDGE_CURVE('',#109,#71,#1568,.T.);
#1566=EDGE_CURVE('',#71,#93,#1569,.T.);
#1567=LINE('',#92,#1570);
#1568=LINE('',#108,#1571);
#1569=LINE('',#70,#1572);
#1570=VECTOR('',#1573,1.0);
#1571=VECTOR('',#1574,1.0);
#1572=VECTOR('',#1575,1.0);
#1573=DIRECTION('',(0.9999999999999857,-1.695421078805733E-07,0));
#1574=DIRECTION('',(-0.7417702101357294,0.6706541249818687,0));
#1575=DIRECTION('',(-0.9972228694046473,-0.07447515516171777,0));
#1576=FACE_SURFACE('',(#1581),#1577,.T.);
#1577=PLANE('',#1578);
#1578=AXIS2_PLACEMENT_3D('',#92,#1579,#1580);
#1579=DIRECTION('',(0,0,1));
#1580=DIRECTION('',(0.9972228694046473,0.07447515516171777,0));
#1581=FACE_BOUND('',#1582,.T.);
#1582=EDGE_LOOP('',(#1583,#1584,#1585));
#1583=ORIENTED_EDGE('',*,*,#1586,.T.);
#1584=ORIENTED_EDGE('',*,*,#1587,.T.);
#1585=ORIENTED_EDGE('',*,*,#1588,.T.);
#1586=EDGE_CURVE('',#93,#71,#1589,.F.);
#1587=EDGE_CURVE('',#71,#69,#1590,.T.);
#1588=EDGE_CURVE('',#69,#93,#1591,.T.);
#1589=LINE('',#92,#1592);
#1590=LINE('',#70,#1593);
#1591=LINE('',#68,#1594);
#1592=VECTOR('',#1595,1.0);
#1593=VECTOR('',#1596,1.0);
#1594=VECTOR('',#1597,1.0);
#1595=DIRECTION('',(0.9972228694046473,0.07447515516171777,0));
#1596=DIRECTION('',(-0.9999999999999154,4.1128056213001187E-07,0));
#1597=DIRECTION('',(-0.8211084930885425,-0.5707721459372933,0));
#1598=FACE_SURFACE('',(#1603),#1599,.T.);
#1599=PLANE('',#1600);
#1600=AXIS2_PLACEMENT_3D('',#112,#1601,#1602);
#1601=DIRECTION('',(0,0,1));
#1602=DIRECTION('',(-0.9999999999917857,4.053243405339685E-06,0));
#1603=FACE_BOUND('',#1604,.T.);
#1604=EDGE_LOOP('',(#1605,#1606,#1607));
#1605=ORIENTED_EDGE('',*,*,#1608,.T.);
#1606=ORIENTED_EDGE('',*,*,#1609,.T.);
#1607=ORIENTED_EDGE('',*,*,#1610,.T.);
#1608=EDGE_CURVE('',#113,#115,#1611,.F.);
#1609=EDGE_CURVE('',#115,#111,#1612,.T.);
#1610=EDGE_CURVE('',#111,#113,#1613,.T.);
#1611=LINE('',#112,#1614);
#1612=LINE('',#114,#1615);
#1613=LINE('',#110,#1616);
#1614=VECTOR('',#1617,1.0);
#1615=VECTOR('',#1618,1.0);
#1616=VECTOR('',#1619,1.0);
#1617=DIRECTION('',(-0.9999999999917857,4.053243405339685E-06,0));
#1618=DIRECTION('',(-0.4476851457770748,-0.8941912604418359,0));
#1619=DIRECTION('',(0.626515736149712,0.7794087710289026,0));
#1620=FACE_SURFACE('',(#1625),#1621,.T.);
#1621=PLANE('',#1622);
#1622=AXIS2_PLACEMENT_3D('',#116,#1623,#1624);
#1623=DIRECTION('',(0,0,1));
#1624=DIRECTION('',(-0.9607457465535446,-0.2774303705063169,0));
#1625=FACE_BOUND('',#1626,.T.);
#1626=EDGE_LOOP('',(#1627,#1628,#1629));
#1627=ORIENTED_EDGE('',*,*,#1630,.T.);
#1628=ORIENTED_EDGE('',*,*,#1631,.T.);
#1629=ORIENTED_EDGE('',*,*,#1632,.T.);
#1630=EDGE_CURVE('',#117,#107,#1633,.F.);
#1631=EDGE_CURVE('',#107,#119,#1634,.T.);
#1632=EDGE_CURVE('',#119,#117,#1635,.T.);
#1633=LINE('',#116,#1636);
#1634=LINE('',#106,#1637);
#1635=LINE('',#118,#1638);
#1636=VECTOR('',#1639,1.0);
#1637=VECTOR('',#1640,1.0);
#1638=VECTOR('',#1641,1.0);
#1639=DIRECTION('',(-0.9607457465535446,-0.2774303705063169,0));
#1640=DIRECTION('',(0.30833533382630995,-0.9512777312195518,0));
#1641=DIRECTION('',(0.847229648323399,0.5312268093778868,0));
#1642=FACE_SURFACE('',(#1647),#1643,.T.);
#1643=PLANE('',#1644);
#1644=AXIS2_PLACEMENT_3D('',#116,#1645,#1646);
#1645=DIRECTION('',(0,0,1));
#1646=DIRECTION('',(-0.847229648323399,-0.5312268093778868,0));
#1647=FACE_BOUND('',#1648,.T.);
#1648=EDGE_LOOP('',(#1649,#1650,#1651));
#1649=ORIENTED_EDGE('',*,*,#1652,.T.);
#1650=ORIENTED_EDGE('',*,*,#1653,.T.);
#1651=ORIENTED_EDGE('',*,*,#1654,.T.);
#1652=EDGE_CURVE('',#117,#119,#1655,.F.);
#1653=EDGE_CURVE('',#119,#121,#1656,.T.);
#1654=EDGE_CURVE('',#121,#117,#1657,.T.);
#1655=LINE('',#116,#1658);
#1656=LINE('',#118,#1659);
#1657=LINE('',#120,#1660);
#1658=VECTOR('',#1661,1.0);
#1659=VECTOR('',#1662,1.0);
#1660=VECTOR('',#1663,1.0);
#1661=DIRECTION('',(-0.847229648323399,-0.5312268093778868,0));
#1662=DIRECTION('',(0.9999999999979463,-2.0266217026823278E-06,0));
#1663=DIRECTION('',(0.8317141812421707,0.5552040352164829,0));
#1664=FACE_SURFACE('',(#1669),#1665,.T.);
#1665=PLANE('',#1666);
#1666=AXIS2_PLACEMENT_3D('',#112,#1667,#1668);
#1667=DIRECTION('',(0,0,1));
#1668=DIRECTION('',(-0.626515736149712,-0.7794087710289026,0));
#1669=FACE_BOUND('',#1670,.T.);
#1670=EDGE_LOOP('',(#1671,#1672,#1673));
#1671=ORIENTED_EDGE('',*,*,#1674,.T.);
#1672=ORIENTED_EDGE('',*,*,#1675,.T.);
#1673=ORIENTED_EDGE('',*,*,#1676,.T.);
#1674=EDGE_CURVE('',#113,#111,#1677,.F.);
#1675=EDGE_CURVE('',#111,#123,#1678,.T.);
#1676=EDGE_CURVE('',#123,#113,#1679,.T.);
#1677=LINE('',#112,#1680);
#1678=LINE('',#110,#1681);
#1679=LINE('',#122,#1682);
#1680=VECTOR('',#1683,1.0);
#1681=VECTOR('',#1684,1.0);
#1682=VECTOR('',#1685,1.0);
#1683=DIRECTION('',(-0.626515736149712,-0.7794087710289026,0));
#1684=DIRECTION('',(0.9031711864492794,-0.4292805702192927,0));
#1685=DIRECTION('',(-0.7923527775971961,0.6100631736418846,0));
#1686=FACE_SURFACE('',(#1691),#1687,.T.);
#1687=PLANE('',#1688);
#1688=AXIS2_PLACEMENT_3D('',#124,#1689,#1690);
#1689=DIRECTION('',(0,0,1));
#1690=DIRECTION('',(-0.9999999999993905,1.1041841955900985E-06,0));
#1691=FACE_BOUND('',#1692,.T.);
#1692=EDGE_LOOP('',(#1693,#1694,#1695));
#1693=ORIENTED_EDGE('',*,*,#1696,.T.);
#1694=ORIENTED_EDGE('',*,*,#1697,.T.);
#1695=ORIENTED_EDGE('',*,*,#1698,.T.);
#1696=EDGE_CURVE('',#125,#127,#1699,.F.);
#1697=EDGE_CURVE('',#127,#129,#1700,.T.);
#1698=EDGE_CURVE('',#129,#125,#1701,.T.);
#1699=LINE('',#124,#1702);
#1700=LINE('',#126,#1703);
#1701=LINE('',#128,#1704);
#1702=VECTOR('',#1705,1.0);
#1703=VECTOR('',#1706,1.0);
#1704=VECTOR('',#1707,1.0);
#1705=DIRECTION('',(-0.9999999999993905,1.1041841955900985E-06,0));
#1706=DIRECTION('',(-1,0,0));
#1707=DIRECTION('',(0.9999999999996234,-8.677828668418634E-07,0));
#1708=FACE_SURFACE('',(#1713),#1709,.T.);
#1709=PLANE('',#1710);
#1710=AXIS2_PLACEMENT_3D('',#128,#1711,#1712);
#1711=DIRECTION('',(0,0,1));
#1712=DIRECTION('',(-1,0,0));
#1713=FACE_BOUND('',#1714,.T.);
#1714=EDGE_LOOP('',(#1715,#1716,#1717));
#1715=ORIENTED_EDGE('',*,*,#1718,.T.);
#1716=ORIENTED_EDGE('',*,*,#1719,.T.);
#1717=ORIENTED_EDGE('',*,*,#1720,.T.);
#1718=EDGE_CURVE('',#129,#113,#1721,.F.);
#1719=EDGE_CURVE('',#113,#123,#1722,.T.);
#1720=EDGE_CURVE('',#123,#129,#1723,.T.);
#1721=LINE('',#128,#1724);
#1722=LINE('',#112,#1725);
#1723=LINE('',#122,#1726);
#1724=VECTOR('',#1727,1.0);
#1725=VECTOR('',#1728,1.0);
#1726=VECTOR('',#1729,1.0);
#1727=DIRECTION('',(-1,0,0));
#1728=DIRECTION('',(0.7923527775971961,-0.6100631736418846,0));
#1729=DIRECTION('',(-0.6926275274178499,0.7212954375725911,0));
#1730=FACE_SURFACE('',(#1735),#1731,.T.);
#1731=PLANE('',#1732);
#1732=AXIS2_PLACEMENT_3D('',#116,#1733,#1734);
#1733=DIRECTION('',(0,0,1));
#1734=DIRECTION('',(-0.8317141812421707,-0.5552040352164829,0));
#1735=FACE_BOUND('',#1736,.T.);
#1736=EDGE_LOOP('',(#1737,#1738,#1739));
#1737=ORIENTED_EDGE('',*,*,#1740,.T.);
#1738=ORIENTED_EDGE('',*,*,#1741,.T.);
#1739=ORIENTED_EDGE('',*,*,#1742,.T.);
#1740=EDGE_CURVE('',#117,#121,#1743,.F.);
#1741=EDGE_CURVE('',#121,#131,#1744,.T.);
#1742=EDGE_CURVE('',#131,#117,#1745,.T.);
#1743=LINE('',#116,#1746);
#1744=LINE('',#120,#1747);
#1745=LINE('',#130,#1748);
#1746=VECTOR('',#1749,1.0);
#1747=VECTOR('',#1750,1.0);
#1748=VECTOR('',#1751,1.0);
#1749=DIRECTION('',(-0.8317141812421707,-0.5552040352164829,0));
#1750=DIRECTION('',(1,0,0));
#1751=DIRECTION('',(0.742225998303216,0.6701496604809961,0));
#1752=FACE_SURFACE('',(#1757),#1753,.T.);
#1753=PLANE('',#1754);
#1754=AXIS2_PLACEMENT_3D('',#130,#1755,#1756);
#1755=DIRECTION('',(NaN,NaN,NaN));
#1756=DIRECTION('',(1,0,0));
#1757=FACE_BOUND('',#1758,.T.);
#1758=EDGE_LOOP('',(#1759,#1760,#1761));
#1759=ORIENTED_EDGE('',*,*,#1762,.T.);
#1760=ORIENTED_EDGE('',*,*,#1763,.T.);
#1761=ORIENTED_EDGE('',*,*,#1764,.T.);
#1762=EDGE_CURVE('',#131,#133,#1765,.F.);
#1763=EDGE_CURVE('',#133,#135,#1766,.T.);
#1764=EDGE_CURVE('',#135,#131,#1767,.T.);
#1765=LINE('',#130,#1768);
#1766=LINE('',#132,#1769);
#1767=LINE('',#134,#1770);
#1768=VECTOR('',#1771,1.0);
#1769=VECTOR('',#1772,1.0);
#1770=VECTOR('',#1773,1.0);
#1771=DIRECTION('',(1,0,0));
#1772=DIRECTION('',(1,0,0));
#1773=DIRECTION('',(-1,0,0));
#1774=FACE_SURFACE('',(#1779),#1775,.T.);
#1775=PLANE('',#1776);
#1776=AXIS2_PLACEMENT_3D('',#116,#1777,#1778);
#1777=DIRECTION('',(0,0,1));
#1778=DIRECTION('',(-0.742225998303216,-0.6701496604809961,0));
#1779=FACE_BOUND('',#1780,.T.);
#1780=EDGE_LOOP('',(#1781,#1782,#1783));
#1781=ORIENTED_EDGE('',*,*,#1784,.T.);
#1782=ORIENTED_EDGE('',*,*,#1785,.T.);
#1783=ORIENTED_EDGE('',*,*,#1786,.T.);
#1784=EDGE_CURVE('',#117,#131,#1787,.F.);
#1785=EDGE_CURVE('',#131,#135,#1788,.T.);
#1786=EDGE_CURVE('',#135,#117,#1789,.T.);
#1787=LINE('',#116,#1790);
#1788=LINE('',#130,#1791);
#1789=LINE('',#134,#1792);
#1790=VECTOR('',#1793,1.0);
#1791=VECTOR('',#1794,1.0);
#1792=VECTOR('',#1795,1.0);
#1793=DIRECTION('',(-0.742225998303216,-0.6701496604809961,0));
#1794=DIRECTION('',(1,0,0));
#1795=DIRECTION('',(0.5481126571108417,0.8364045164362116,0));
#1796=FACE_SURFACE('',(#1801),#1797,.T.);
#1797=PLANE('',#1798);
#1798=AXIS2_PLACEMENT_3D('',#124,#1799,#1800);
#1799=DIRECTION('',(0,0,1));
#1800=DIRECTION('',(-0.9999999999996234,8.677828668418634E-07,0));
#1801=FACE_BOUND('',#1802,.T.);
#1802=EDGE_LOOP('',(#1803,#1804,#1805));
#1803=ORIENTED_EDGE('',*,*,#1806,.T.);
#1804=ORIENTED_EDGE('',*,*,#1807,.T.);
#1805=ORIENTED_EDGE('',*,*,#1808,.T.);
#1806=EDGE_CURVE('',#125,#129,#1809,.F.);
#1807=EDGE_CURVE('',#129,#123,#1810,.T.);
#1808=EDGE_CURVE('',#123,#125,#1811,.T.);
#1809=LINE('',#124,#1812);
#1810=LINE('',#128,#1813);
#1811=LINE('',#122,#1814);
#1812=VECTOR('',#1815,1.0);
#1813=VECTOR('',#1816,1.0);
#1814=VECTOR('',#1817,1.0);
#1815=DIRECTION('',(-0.9999999999996234,8.677828668418634E-07,0));
#1816=DIRECTION('',(0.6926275274178499,-0.7212954375725911,0));
#1817=DIRECTION('',(-0.49399931853502893,0.8694622897440274,0));
#1818=FACE_SURFACE('',(#1823),#1819,.T.);
#1819=PLANE('',#1820);
#1820=AXIS2_PLACEMENT_3D('',#136,#1821,#1822);
#1821=DIRECTION('',(0,0,1));
#1822=DIRECTION('',(-1,0,0));
#1823=FACE_BOUND('',#1824,.T.);
#1824=EDGE_LOOP('',(#1825,#1826,#1827));
#1825=ORIENTED_EDGE('',*,*,#1828,.T.);
#1826=ORIENTED_EDGE('',*,*,#1829,.T.);
#1827=ORIENTED_EDGE('',*,*,#1830,.T.);
#1828=EDGE_CURVE('',#137,#125,#1831,.F.);
#1829=EDGE_CURVE('',#125,#123,#1832,.T.);
#1830=EDGE_CURVE('',#123,#137,#1833,.T.);
#1831=LINE('',#136,#1834);
#1832=LINE('',#124,#1835);
#1833=LINE('',#122,#1836);
#1834=VECTOR('',#1837,1.0);
#1835=VECTOR('',#1838,1.0);
#1836=VECTOR('',#1839,1.0);
#1837=DIRECTION('',(-1,0,0));
#1838=DIRECTION('',(0.49399931853502893,-0.8694622897440274,0));
#1839=DIRECTION('',(-0.43581680514101206,0.9000353950577061,0));
#1840=FACE_SURFACE('',(#1845),#1841,.T.);
#1841=PLANE('',#1842);
#1842=AXIS2_PLACEMENT_3D('',#116,#1843,#1844);
#1843=DIRECTION('',(0,0,1));
#1844=DIRECTION('',(-0.5481126571108417,-0.8364045164362116,0));
#1845=FACE_BOUND('',#1846,.T.);
#1846=EDGE_LOOP('',(#1847,#1848,#1849));
#1847=ORIENTED_EDGE('',*,*,#1850,.T.);
#1848=ORIENTED_EDGE('',*,*,#1851,.T.);
#1849=ORIENTED_EDGE('',*,*,#1852,.T.);
#1850=EDGE_CURVE('',#117,#135,#1853,.F.);
#1851=EDGE_CURVE('',#135,#139,#1854,.T.);
#1852=EDGE_CURVE('',#139,#117,#1855,.T.);
#1853=LINE('',#116,#1856);
#1854=LINE('',#134,#1857);
#1855=LINE('',#138,#1858);
#1856=VECTOR('',#1859,1.0);
#1857=VECTOR('',#1860,1.0);
#1858=VECTOR('',#1861,1.0);
#1859=DIRECTION('',(-0.5481126571108417,-0.8364045164362116,0));
#1860=DIRECTION('',(1,0,0));
#1861=DIRECTION('',(0.48760537855091446,0.8730641412910162,0));
#1862=FACE_SURFACE('',(#1867),#1863,.T.);
#1863=PLANE('',#1864);
#1864=AXIS2_PLACEMENT_3D('',#138,#1865,#1866);
#1865=DIRECTION('',(0,0,1));
#1866=DIRECTION('',(-3.084605088163908E-07,-0.9999999999999525,0));
#1867=FACE_BOUND('',#1868,.T.);
#1868=EDGE_LOOP('',(#1869,#1870,#1871));
#1869=ORIENTED_EDGE('',*,*,#1872,.T.);
#1870=ORIENTED_EDGE('',*,*,#1873,.T.);
#1871=ORIENTED_EDGE('',*,*,#1874,.T.);
#1872=EDGE_CURVE('',#139,#137,#1875,.F.);
#1873=EDGE_CURVE('',#137,#123,#1876,.T.);
#1874=EDGE_CURVE('',#123,#139,#1877,.T.);
#1875=LINE('',#138,#1878);
#1876=LINE('',#136,#1879);
#1877=LINE('',#122,#1880);
#1878=VECTOR('',#1881,1.0);
#1879=VECTOR('',#1882,1.0);
#1880=VECTOR('',#1883,1.0);
#1881=DIRECTION('',(-3.084605088163908E-07,-0.9999999999999525,0));
#1882=DIRECTION('',(0.43581680514101206,-0.9000353950577061,0));
#1883=DIRECTION('',(-0.11166742466867598,0.9937456345905956,0));
#1884=FACE_SURFACE('',(#1889),#1885,.T.);
#1885=PLANE('',#1886);
#1886=AXIS2_PLACEMENT_3D('',#122,#1887,#1888);
#1887=DIRECTION('',(0,-0,1));
#1888=DIRECTION('',(3.286681356488812E-07,0.999999999999946,0));
#1889=FACE_BOUND('',#1890,.T.);
#1890=EDGE_LOOP('',(#1891,#1892,#1893));
#1891=ORIENTED_EDGE('',*,*,#1894,.T.);
#1892=ORIENTED_EDGE('',*,*,#1895,.T.);
#1893=ORIENTED_EDGE('',*,*,#1896,.T.);
#1894=EDGE_CURVE('',#123,#117,#1897,.F.);
#1895=EDGE_CURVE('',#117,#139,#1898,.T.);
#1896=EDGE_CURVE('',#139,#123,#1899,.T.);
#1897=LINE('',#122,#1900);
#1898=LINE('',#116,#1901);
#1899=LINE('',#138,#1902);
#1900=VECTOR('',#1903,1.0);
#1901=VECTOR('',#1904,1.0);
#1902=VECTOR('',#1905,1.0);
#1903=DIRECTION('',(3.286681356488812E-07,0.999999999999946,0));
#1904=DIRECTION('',(-0.48760537855091446,-0.8730641412910162,0));
#1905=DIRECTION('',(0.11166742466867598,-0.9937456345905956,0));
#1906=FACE_SURFACE('',(#1911),#1907,.T.);
#1907=PLANE('',#1908);
#1908=AXIS2_PLACEMENT_3D('',#118,#1909,#1910);
#1909=DIRECTION('',(0,0,1));
#1910=DIRECTION('',(-0.30833533382630995,0.9512777312195518,0));
#1911=FACE_BOUND('',#1912,.T.);
#1912=EDGE_LOOP('',(#1913,#1914,#1915));
#1913=ORIENTED_EDGE('',*,*,#1916,.T.);
#1914=ORIENTED_EDGE('',*,*,#1917,.T.);
#1915=ORIENTED_EDGE('',*,*,#1918,.T.);
#1916=EDGE_CURVE('',#119,#107,#1919,.F.);
#1917=EDGE_CURVE('',#107,#111,#1920,.T.);
#1918=EDGE_CURVE('',#111,#119,#1921,.T.);
#1919=LINE('',#118,#1922);
#1920=LINE('',#106,#1923);
#1921=LINE('',#110,#1924);
#1922=VECTOR('',#1925,1.0);
#1923=VECTOR('',#1926,1.0);
#1924=VECTOR('',#1927,1.0);
#1925=DIRECTION('',(-0.30833533382630995,0.9512777312195518,0));
#1926=DIRECTION('',(-3.8146984782847103E-07,-0.9999999999999272,0));
#1927=DIRECTION('',(0.03862836898568573,0.9992536460326306,0));
#1928=FACE_SURFACE('',(#1933),#1929,.T.);
#1929=PLANE('',#1930);
#1930=AXIS2_PLACEMENT_3D('',#118,#1931,#1932);
#1931=DIRECTION('',(0,0,1));
#1932=DIRECTION('',(-0.03862836898568573,-0.9992536460326306,0));
#1933=FACE_BOUND('',#1934,.T.);
#1934=EDGE_LOOP('',(#1935,#1936,#1937));
#1935=ORIENTED_EDGE('',*,*,#1938,.T.);
#1936=ORIENTED_EDGE('',*,*,#1939,.T.);
#1937=ORIENTED_EDGE('',*,*,#1940,.T.);
#1938=EDGE_CURVE('',#119,#111,#1941,.F.);
#1939=EDGE_CURVE('',#111,#115,#1942,.T.);
#1940=EDGE_CURVE('',#115,#119,#1943,.T.);
#1941=LINE('',#118,#1944);
#1942=LINE('',#110,#1945);
#1943=LINE('',#114,#1946);
#1944=VECTOR('',#1947,1.0);
#1945=VECTOR('',#1948,1.0);
#1946=VECTOR('',#1949,1.0);
#1947=DIRECTION('',(-0.03862836898568573,-0.9992536460326306,0));
#1948=DIRECTION('',(0.4476851457770748,0.8941912604418359,0));
#1949=DIRECTION('',(3.0846055639034084E-07,0.9999999999999525,0));
#1950=FACE_SURFACE('',(#1955),#1951,.T.);
#1951=PLANE('',#1952);
#1952=AXIS2_PLACEMENT_3D('',#126,#1953,#1954);
#1953=DIRECTION('',(-0,0,1));
#1954=DIRECTION('',(0.9999999999993905,-1.1041841955900985E-06,0));
#1955=FACE_BOUND('',#1956,.T.);
#1956=EDGE_LOOP('',(#1957,#1958,#1959));
#1957=ORIENTED_EDGE('',*,*,#1960,.T.);
#1958=ORIENTED_EDGE('',*,*,#1961,.T.);
#1959=ORIENTED_EDGE('',*,*,#1962,.T.);
#1960=EDGE_CURVE('',#127,#125,#1963,.F.);
#1961=EDGE_CURVE('',#125,#135,#1964,.T.);
#1962=EDGE_CURVE('',#135,#127,#1965,.T.);
#1963=LINE('',#126,#1966);
#1964=LINE('',#124,#1967);
#1965=LINE('',#134,#1968);
#1966=VECTOR('',#1969,1.0);
#1967=VECTOR('',#1970,1.0);
#1968=VECTOR('',#1971,1.0);
#1969=DIRECTION('',(0.9999999999993905,-1.1041841955900985E-06,0));
#1970=DIRECTION('',(3.084605088163908E-07,0.9999999999999525,0));
#1971=DIRECTION('',(-0.0927178758558784,-0.9956924201262024,0));
#1972=FACE_SURFACE('',(#1977),#1973,.T.);
#1973=PLANE('',#1974);
#1974=AXIS2_PLACEMENT_3D('',#126,#1975,#1976);
#1975=DIRECTION('',(0,0,1));
#1976=DIRECTION('',(0.0927178758558784,0.9956924201262024,0));
#1977=FACE_BOUND('',#1978,.T.);
#1978=EDGE_LOOP('',(#1979,#1980,#1981));
#1979=ORIENTED_EDGE('',*,*,#1982,.T.);
#1980=ORIENTED_EDGE('',*,*,#1983,.T.);
#1981=ORIENTED_EDGE('',*,*,#1984,.T.);
#1982=EDGE_CURVE('',#127,#135,#1985,.F.);
#1983=EDGE_CURVE('',#135,#133,#1986,.T.);
#1984=EDGE_CURVE('',#133,#127,#1987,.T.);
#1985=LINE('',#126,#1988);
#1986=LINE('',#134,#1989);
#1987=LINE('',#132,#1990);
#1988=VECTOR('',#1991,1.0);
#1989=VECTOR('',#1992,1.0);
#1990=VECTOR('',#1993,1.0);
#1991=DIRECTION('',(0.0927178758558784,0.9956924201262024,0));
#1992=DIRECTION('',(-1,0,0));
#1993=DIRECTION('',(-3.0846054053235586E-07,-0.9999999999999525,0));
#1994=FACE_SURFACE('',(#1999),#1995,.T.);
#1995=PLANE('',#1996);
#1996=AXIS2_PLACEMENT_3D('',#130,#1997,#1998);
#1997=DIRECTION('',(0,0,1));
#1998=DIRECTION('',(-1,0,0));
#1999=FACE_BOUND('',#2000,.T.);
#2000=EDGE_LOOP('',(#2001,#2002,#2003));
#2001=ORIENTED_EDGE('',*,*,#2004,.T.);
#2002=ORIENTED_EDGE('',*,*,#2005,.T.);
#2003=ORIENTED_EDGE('',*,*,#2006,.T.);
#2004=EDGE_CURVE('',#131,#121,#2007,.F.);
#2005=EDGE_CURVE('',#121,#113,#2008,.T.);
#2006=EDGE_CURVE('',#113,#131,#2009,.T.);
#2007=LINE('',#130,#2010);
#2008=LINE('',#120,#2011);
#2009=LINE('',#112,#2012);
#2010=VECTOR('',#2013,1.0);
#2011=VECTOR('',#2014,1.0);
#2012=VECTOR('',#2015,1.0);
#2013=DIRECTION('',(-1,0,0));
#2014=DIRECTION('',(-3.0846054053235586E-07,-0.9999999999999525,0));
#2015=DIRECTION('',(0.10177601483607006,0.9948073395407213,0));
#2016=FACE_SURFACE('',(#2021),#2017,.T.);
#2017=PLANE('',#2018);
#2018=AXIS2_PLACEMENT_3D('',#130,#2019,#2020);
#2019=DIRECTION('',(0,0,1));
#2020=DIRECTION('',(-0.10177601483607006,-0.9948073395407213,0));
#2021=FACE_BOUND('',#2022,.T.);
#2022=EDGE_LOOP('',(#2023,#2024,#2025));
#2023=ORIENTED_EDGE('',*,*,#2026,.T.);
#2024=ORIENTED_EDGE('',*,*,#2027,.T.);
#2025=ORIENTED_EDGE('',*,*,#2028,.T.);
#2026=EDGE_CURVE('',#131,#113,#2029,.F.);
#2027=EDGE_CURVE('',#113,#129,#2030,.T.);
#2028=EDGE_CURVE('',#129,#131,#2031,.T.);
#2029=LINE('',#130,#2032);
#2030=LINE('',#112,#2033);
#2031=LINE('',#128,#2034);
#2032=VECTOR('',#2035,1.0);
#2033=VECTOR('',#2036,1.0);
#2034=VECTOR('',#2037,1.0);
#2035=DIRECTION('',(-0.10177601483607006,-0.9948073395407213,0));
#2036=DIRECTION('',(1,0,0));
#2037=DIRECTION('',(3.0846054053235586E-07,0.9999999999999525,0));
#2038=FACE_SURFACE('',(#2043),#2039,.T.);
#2039=PLANE('',#2040);
#2040=AXIS2_PLACEMENT_3D('',#96,#2041,#2042);
#2041=DIRECTION('',(-0,0,1));
#2042=DIRECTION('',(0.9999999999999559,-2.9669871394245713E-07,0));
#2043=FACE_BOUND('',#2044,.T.);
#2044=EDGE_LOOP('',(#2045,#2046,#2047));
#2045=ORIENTED_EDGE('',*,*,#2048,.T.);
#2046=ORIENTED_EDGE('',*,*,#2049,.T.);
#2047=ORIENTED_EDGE('',*,*,#2050,.T.);
#2048=EDGE_CURVE('',#97,#107,#2051,.F.);
#2049=EDGE_CURVE('',#107,#117,#2052,.T.);
#2050=EDGE_CURVE('',#117,#97,#2053,.T.);
#2051=LINE('',#96,#2054);
#2052=LINE('',#106,#2055);
#2053=LINE('',#116,#2056);
#2054=VECTOR('',#2057,1.0);
#2055=VECTOR('',#2058,1.0);
#2056=VECTOR('',#2059,1.0);
#2057=DIRECTION('',(0.9999999999999559,-2.9669871394245713E-07,0));
#2058=DIRECTION('',(0.9607457465535446,0.2774303705063169,0));
#2059=DIRECTION('',(-0.9968650262617714,-0.0791209164261745,0));
#2060=FACE_SURFACE('',(#2065),#2061,.T.);
#2061=PLANE('',#2062);
#2062=AXIS2_PLACEMENT_3D('',#96,#2063,#2064);
#2063=DIRECTION('',(0,-0,1));
#2064=DIRECTION('',(0.9968650262617714,0.0791209164261745,0));
#2065=FACE_BOUND('',#2066,.T.);
#2066=EDGE_LOOP('',(#2067,#2068,#2069));
#2067=ORIENTED_EDGE('',*,*,#2070,.T.);
#2068=ORIENTED_EDGE('',*,*,#2071,.T.);
#2069=ORIENTED_EDGE('',*,*,#2072,.T.);
#2070=EDGE_CURVE('',#97,#117,#2073,.F.);
#2071=EDGE_CURVE('',#117,#141,#2074,.T.);
#2072=EDGE_CURVE('',#141,#97,#2075,.T.);
#2073=LINE('',#96,#2076);
#2074=LINE('',#116,#2077);
#2075=LINE('',#140,#2078);
#2076=VECTOR('',#2079,1.0);
#2077=VECTOR('',#2080,1.0);
#2078=VECTOR('',#2081,1.0);
#2079=DIRECTION('',(0.9968650262617714,0.0791209164261745,0));
#2080=DIRECTION('',(-0.9999999999999449,3.315783051535802E-07,0));
#2081=DIRECTION('',(0.9662530762476903,-0.2575946285190651,0));
#2082=FACE_SURFACE('',(#2087),#2083,.T.);
#2083=PLANE('',#2084);
#2084=AXIS2_PLACEMENT_3D('',#142,#2085,#2086);
#2085=DIRECTION('',(-0,0,1));
#2086=DIRECTION('',(0.9999999999979463,-2.0266175954951257E-06,0));
#2087=FACE_BOUND('',#2088,.T.);
#2088=EDGE_LOOP('',(#2089,#2090,#2091));
#2089=ORIENTED_EDGE('',*,*,#2092,.T.);
#2090=ORIENTED_EDGE('',*,*,#2093,.T.);
#2091=ORIENTED_EDGE('',*,*,#2094,.T.);
#2092=EDGE_CURVE('',#143,#145,#2095,.F.);
#2093=EDGE_CURVE('',#145,#97,#2096,.T.);
#2094=EDGE_CURVE('',#97,#143,#2097,.T.);
#2095=LINE('',#142,#2098);
#2096=LINE('',#144,#2099);
#2097=LINE('',#96,#2100);
#2098=VECTOR('',#2101,1.0);
#2099=VECTOR('',#2102,1.0);
#2100=VECTOR('',#2103,1.0);
#2101=DIRECTION('',(0.9999999999979463,-2.0266175954951257E-06,0));
#2102=DIRECTION('',(0.28350756718603676,0.9589699991909314,0));
#2103=DIRECTION('',(-0.4413997854242,-0.8973105535027827,0));
#2104=FACE_SURFACE('',(#2109),#2105,.T.);
#2105=PLANE('',#2106);
#2106=AXIS2_PLACEMENT_3D('',#146,#2107,#2108);
#2107=DIRECTION('',(0,0,1));
#2108=DIRECTION('',(0.9157187601443548,0.40181980080589064,0));
#2109=FACE_BOUND('',#2110,.T.);
#2110=EDGE_LOOP('',(#2111,#2112,#2113));
#2111=ORIENTED_EDGE('',*,*,#2114,.T.);
#2112=ORIENTED_EDGE('',*,*,#2115,.T.);
#2113=ORIENTED_EDGE('',*,*,#2116,.T.);
#2114=EDGE_CURVE('',#147,#99,#2117,.F.);
#2115=EDGE_CURVE('',#99,#149,#2118,.T.);
#2116=EDGE_CURVE('',#149,#147,#2119,.T.);
#2117=LINE('',#146,#2120);
#2118=LINE('',#98,#2121);
#2119=LINE('',#148,#2122);
#2120=VECTOR('',#2123,1.0);
#2121=VECTOR('',#2124,1.0);
#2122=VECTOR('',#2125,1.0);
#2123=DIRECTION('',(0.9157187601443548,0.40181980080589064,0));
#2124=DIRECTION('',(-0.4153876848327257,0.9096444752150744,0));
#2125=DIRECTION('',(-0.8356635194922335,-0.5492417338384381,0));
#2126=FACE_SURFACE('',(#2131),#2127,.T.);
#2127=PLANE('',#2128);
#2128=AXIS2_PLACEMENT_3D('',#146,#2129,#2130);
#2129=DIRECTION('',(0,0,1));
#2130=DIRECTION('',(0.8356635194922335,0.5492417338384381,0));
#2131=FACE_BOUND('',#2132,.T.);
#2132=EDGE_LOOP('',(#2133,#2134,#2135));
#2133=ORIENTED_EDGE('',*,*,#2136,.T.);
#2134=ORIENTED_EDGE('',*,*,#2137,.T.);
#2135=ORIENTED_EDGE('',*,*,#2138,.T.);
#2136=EDGE_CURVE('',#147,#149,#2139,.F.);
#2137=EDGE_CURVE('',#149,#151,#2140,.T.);
#2138=EDGE_CURVE('',#151,#147,#2141,.T.);
#2139=LINE('',#146,#2142);
#2140=LINE('',#148,#2143);
#2141=LINE('',#150,#2144);
#2142=VECTOR('',#2145,1.0);
#2143=VECTOR('',#2146,1.0);
#2144=VECTOR('',#2147,1.0);
#2145=DIRECTION('',(0.8356635194922335,0.5492417338384381,0));
#2146=DIRECTION('',(-1,0,0));
#2147=DIRECTION('',(-0.8209128252053842,-0.5710535293764626,0));
#2148=FACE_SURFACE('',(#2153),#2149,.T.);
#2149=PLANE('',#2150);
#2150=AXIS2_PLACEMENT_3D('',#142,#2151,#2152);
#2151=DIRECTION('',(0,-0,1));
#2152=DIRECTION('',(0.4413997854242,0.8973105535027827,0));
#2153=FACE_BOUND('',#2154,.T.);
#2154=EDGE_LOOP('',(#2155,#2156,#2157));
#2155=ORIENTED_EDGE('',*,*,#2158,.T.);
#2156=ORIENTED_EDGE('',*,*,#2159,.T.);
#2157=ORIENTED_EDGE('',*,*,#2160,.T.);
#2158=EDGE_CURVE('',#143,#97,#2161,.F.);
#2159=EDGE_CURVE('',#97,#141,#2162,.T.);
#2160=EDGE_CURVE('',#141,#143,#2163,.T.);
#2161=LINE('',#142,#2164);
#2162=LINE('',#96,#2165);
#2163=LINE('',#140,#2166);
#2164=VECTOR('',#2167,1.0);
#2165=VECTOR('',#2168,1.0);
#2166=VECTOR('',#2169,1.0);
#2167=DIRECTION('',(0.4413997854242,0.8973105535027827,0));
#2168=DIRECTION('',(-0.9662530762476903,0.2575946285190651,0));
#2169=DIRECTION('',(0.8563119439087735,-0.5164589574391925,0));
#2170=FACE_SURFACE('',(#2175),#2171,.T.);
#2171=PLANE('',#2172);
#2172=AXIS2_PLACEMENT_3D('',#152,#2173,#2174);
#2173=DIRECTION('',(0,0,1));
#2174=DIRECTION('',(0.999999999999495,-1.0050160350303313E-06,0));
#2175=FACE_BOUND('',#2176,.T.);
#2176=EDGE_LOOP('',(#2177,#2178,#2179));
#2177=ORIENTED_EDGE('',*,*,#2180,.T.);
#2178=ORIENTED_EDGE('',*,*,#2181,.T.);
#2179=ORIENTED_EDGE('',*,*,#2182,.T.);
#2180=EDGE_CURVE('',#153,#155,#2183,.F.);
#2181=EDGE_CURVE('',#155,#157,#2184,.T.);
#2182=EDGE_CURVE('',#157,#153,#2185,.T.);
#2183=LINE('',#152,#2186);
#2184=LINE('',#154,#2187);
#2185=LINE('',#156,#2188);
#2186=VECTOR('',#2189,1.0);
#2187=VECTOR('',#2190,1.0);
#2188=VECTOR('',#2191,1.0);
#2189=DIRECTION('',(0.999999999999495,-1.0050160350303313E-06,0));
#2190=DIRECTION('',(1,0,0));
#2191=DIRECTION('',(-0.9999999999996758,8.053309688813476E-07,0));
#2192=FACE_SURFACE('',(#2197),#2193,.T.);
#2193=PLANE('',#2194);
#2194=AXIS2_PLACEMENT_3D('',#156,#2195,#2196);
#2195=DIRECTION('',(0,-0,1));
#2196=DIRECTION('',(1,0,0));
#2197=FACE_BOUND('',#2198,.T.);
#2198=EDGE_LOOP('',(#2199,#2200,#2201));
#2199=ORIENTED_EDGE('',*,*,#2202,.T.);
#2200=ORIENTED_EDGE('',*,*,#2203,.T.);
#2201=ORIENTED_EDGE('',*,*,#2204,.T.);
#2202=EDGE_CURVE('',#157,#143,#2205,.F.);
#2203=EDGE_CURVE('',#143,#141,#2206,.T.);
#2204=EDGE_CURVE('',#141,#157,#2207,.T.);
#2205=LINE('',#156,#2208);
#2206=LINE('',#142,#2209);
#2207=LINE('',#140,#2210);
#2208=VECTOR('',#2211,1.0);
#2209=VECTOR('',#2212,1.0);
#2210=VECTOR('',#2213,1.0);
#2211=DIRECTION('',(1,0,0));
#2212=DIRECTION('',(-0.8563119439087735,0.5164589574391925,0));
#2213=DIRECTION('',(0.7932198402946946,-0.6089353701033133,0));
#2214=FACE_SURFACE('',(#2219),#2215,.T.);
#2215=PLANE('',#2216);
#2216=AXIS2_PLACEMENT_3D('',#146,#2217,#2218);
#2217=DIRECTION('',(0,0,1));
#2218=DIRECTION('',(0.8209128252053842,0.5710535293764626,0));
#2219=FACE_BOUND('',#2220,.T.);
#2220=EDGE_LOOP('',(#2221,#2222,#2223));
#2221=ORIENTED_EDGE('',*,*,#2224,.T.);
#2222=ORIENTED_EDGE('',*,*,#2225,.T.);
#2223=ORIENTED_EDGE('',*,*,#2226,.T.);
#2224=EDGE_CURVE('',#147,#151,#2227,.F.);
#2225=EDGE_CURVE('',#151,#159,#2228,.T.);
#2226=EDGE_CURVE('',#159,#147,#2229,.T.);
#2227=LINE('',#146,#2230);
#2228=LINE('',#150,#2231);
#2229=LINE('',#158,#2232);
#2230=VECTOR('',#2233,1.0);
#2231=VECTOR('',#2234,1.0);
#2232=VECTOR('',#2235,1.0);
#2233=DIRECTION('',(0.8209128252053842,0.5710535293764626,0));
#2234=DIRECTION('',(-1,0,0));
#2235=DIRECTION('',(-0.7486943143499887,-0.6629153970605905,0));
#2236=FACE_SURFACE('',(#2241),#2237,.T.);
#2237=PLANE('',#2238);
#2238=AXIS2_PLACEMENT_3D('',#158,#2239,#2240);
#2239=DIRECTION('',(NaN,NaN,NaN));
#2240=DIRECTION('',(-1,0,0));
#2241=FACE_BOUND('',#2242,.T.);
#2242=EDGE_LOOP('',(#2243,#2244,#2245));
#2243=ORIENTED_EDGE('',*,*,#2246,.T.);
#2244=ORIENTED_EDGE('',*,*,#2247,.T.);
#2245=ORIENTED_EDGE('',*,*,#2248,.T.);
#2246=EDGE_CURVE('',#159,#161,#2249,.F.);
#2247=EDGE_CURVE('',#161,#163,#2250,.T.);
#2248=EDGE_CURVE('',#163,#159,#2251,.T.);
#2249=LINE('',#158,#2252);
#2250=LINE('',#160,#2253);
#2251=LINE('',#162,#2254);
#2252=VECTOR('',#2255,1.0);
#2253=VECTOR('',#2256,1.0);
#2254=VECTOR('',#2257,1.0);
#2255=DIRECTION('',(-1,0,0));
#2256=DIRECTION('',(-1,0,0));
#2257=DIRECTION('',(1,0,0));
#2258=FACE_SURFACE('',(#2263),#2259,.T.);
#2259=PLANE('',#2260);
#2260=AXIS2_PLACEMENT_3D('',#146,#2261,#2262);
#2261=DIRECTION('',(0,0,1));
#2262=DIRECTION('',(0.7486943143499887,0.6629153970605905,0));
#2263=FACE_BOUND('',#2264,.T.);
#2264=EDGE_LOOP('',(#2265,#2266,#2267));
#2265=ORIENTED_EDGE('',*,*,#2268,.T.);
#2266=ORIENTED_EDGE('',*,*,#2269,.T.);
#2267=ORIENTED_EDGE('',*,*,#2270,.T.);
#2268=EDGE_CURVE('',#147,#159,#2271,.F.);
#2269=EDGE_CURVE('',#159,#163,#2272,.T.);
#2270=EDGE_CURVE('',#163,#147,#2273,.T.);
#2271=LINE('',#146,#2274);
#2272=LINE('',#158,#2275);
#2273=LINE('',#162,#2276);
#2274=VECTOR('',#2277,1.0);
#2275=VECTOR('',#2278,1.0);
#2276=VECTOR('',#2279,1.0);
#2277=DIRECTION('',(0.7486943143499887,0.6629153970605905,0));
#2278=DIRECTION('',(-1,0,0));
#2279=DIRECTION('',(-0.577238417812016,-0.816575660304592,0));
#2280=FACE_SURFACE('',(#2285),#2281,.T.);
#2281=PLANE('',#2282);
#2282=AXIS2_PLACEMENT_3D('',#152,#2283,#2284);
#2283=DIRECTION('',(-0,-0,1));
#2284=DIRECTION('',(0.9999999999996758,-8.053309688813476E-07,0));
#2285=FACE_BOUND('',#2286,.T.);
#2286=EDGE_LOOP('',(#2287,#2288,#2289));
#2287=ORIENTED_EDGE('',*,*,#2290,.T.);
#2288=ORIENTED_EDGE('',*,*,#2291,.T.);
#2289=ORIENTED_EDGE('',*,*,#2292,.T.);
#2290=EDGE_CURVE('',#153,#157,#2293,.F.);
#2291=EDGE_CURVE('',#157,#141,#2294,.T.);
#2292=EDGE_CURVE('',#141,#153,#2295,.T.);
#2293=LINE('',#152,#2296);
#2294=LINE('',#156,#2297);
#2295=LINE('',#140,#2298);
#2296=VECTOR('',#2299,1.0);
#2297=VECTOR('',#2300,1.0);
#2298=VECTOR('',#2301,1.0);
#2299=DIRECTION('',(0.9999999999996758,-8.053309688813476E-07,0));
#2300=DIRECTION('',(-0.7932198402946946,0.6089353701033133,0));
#2301=DIRECTION('',(0.6319141174886492,-0.7750384171888138,0));
#2302=FACE_SURFACE('',(#2307),#2303,.T.);
#2303=PLANE('',#2304);
#2304=AXIS2_PLACEMENT_3D('',#164,#2305,#2306);
#2305=DIRECTION('',(0,-0,1));
#2306=DIRECTION('',(1,0,0));
#2307=FACE_BOUND('',#2308,.T.);
#2308=EDGE_LOOP('',(#2309,#2310,#2311));
#2309=ORIENTED_EDGE('',*,*,#2312,.T.);
#2310=ORIENTED_EDGE('',*,*,#2313,.T.);
#2311=ORIENTED_EDGE('',*,*,#2314,.T.);
#2312=EDGE_CURVE('',#165,#153,#2315,.F.);
#2313=EDGE_CURVE('',#153,#141,#2316,.T.);
#2314=EDGE_CURVE('',#141,#165,#2317,.T.);
#2315=LINE('',#164,#2318);
#2316=LINE('',#152,#2319);
#2317=LINE('',#140,#2320);
#2318=VECTOR('',#2321,1.0);
#2319=VECTOR('',#2322,1.0);
#2320=VECTOR('',#2323,1.0);
#2321=DIRECTION('',(1,0,0));
#2322=DIRECTION('',(-0.6319141174886492,0.7750384171888138,0));
#2323=DIRECTION('',(0.5835081789476716,-0.8121072620665154,0));
#2324=FACE_SURFACE('',(#2329),#2325,.T.);
#2325=PLANE('',#2326);
#2326=AXIS2_PLACEMENT_3D('',#146,#2327,#2328);
#2327=DIRECTION('',(0,0,1));
#2328=DIRECTION('',(0.577238417812016,0.816575660304592,0));
#2329=FACE_BOUND('',#2330,.T.);
#2330=EDGE_LOOP('',(#2331,#2332,#2333));
#2331=ORIENTED_EDGE('',*,*,#2334,.T.);
#2332=ORIENTED_EDGE('',*,*,#2335,.T.);
#2333=ORIENTED_EDGE('',*,*,#2336,.T.);
#2334=EDGE_CURVE('',#147,#163,#2337,.F.);
#2335=EDGE_CURVE('',#163,#167,#2338,.T.);
#2336=EDGE_CURVE('',#167,#147,#2339,.T.);
#2337=LINE('',#146,#2340);
#2338=LINE('',#162,#2341);
#2339=LINE('',#166,#2342);
#2340=VECTOR('',#2343,1.0);
#2341=VECTOR('',#2344,1.0);
#2342=VECTOR('',#2345,1.0);
#2343=DIRECTION('',(0.577238417812016,0.816575660304592,0));
#2344=DIRECTION('',(-1,0,0));
#2345=DIRECTION('',(-0.5287509536880086,-0.8487770195840727,0));
#2346=FACE_SURFACE('',(#2351),#2347,.T.);
#2347=PLANE('',#2348);
#2348=AXIS2_PLACEMENT_3D('',#166,#2349,#2350);
#2349=DIRECTION('',(0,-0,1));
#2350=DIRECTION('',(3.084605088163908E-07,0.9999999999999525,0));
#2351=FACE_BOUND('',#2352,.T.);
#2352=EDGE_LOOP('',(#2353,#2354,#2355));
#2353=ORIENTED_EDGE('',*,*,#2356,.T.);
#2354=ORIENTED_EDGE('',*,*,#2357,.T.);
#2355=ORIENTED_EDGE('',*,*,#2358,.T.);
#2356=EDGE_CURVE('',#167,#165,#2359,.F.);
#2357=EDGE_CURVE('',#165,#141,#2360,.T.);
#2358=EDGE_CURVE('',#141,#167,#2361,.T.);
#2359=LINE('',#166,#2362);
#2360=LINE('',#164,#2363);
#2361=LINE('',#140,#2364);
#2362=VECTOR('',#2365,1.0);
#2363=VECTOR('',#2366,1.0);
#2364=VECTOR('',#2367,1.0);
#2365=DIRECTION('',(3.084605088163908E-07,0.9999999999999525,0));
#2366=DIRECTION('',(-0.5835081789476716,0.8121072620665154,0));
#2367=DIRECTION('',(0.14753654718322823,-0.9890566046719729,0));
#2368=FACE_SURFACE('',(#2373),#2369,.T.);
#2369=PLANE('',#2370);
#2370=AXIS2_PLACEMENT_3D('',#140,#2371,#2372);
#2371=DIRECTION('',(0,0,1));
#2372=DIRECTION('',(-2.6293452580275016E-07,-0.9999999999999655,0));
#2373=FACE_BOUND('',#2374,.T.);
#2374=EDGE_LOOP('',(#2375,#2376,#2377));
#2375=ORIENTED_EDGE('',*,*,#2378,.T.);
#2376=ORIENTED_EDGE('',*,*,#2379,.T.);
#2377=ORIENTED_EDGE('',*,*,#2380,.T.);
#2378=EDGE_CURVE('',#141,#147,#2381,.F.);
#2379=EDGE_CURVE('',#147,#167,#2382,.T.);
#2380=EDGE_CURVE('',#167,#141,#2383,.T.);
#2381=LINE('',#140,#2384);
#2382=LINE('',#146,#2385);
#2383=LINE('',#166,#2386);
#2384=VECTOR('',#2387,1.0);
#2385=VECTOR('',#2388,1.0);
#2386=VECTOR('',#2389,1.0);
#2387=DIRECTION('',(-2.6293452580275016E-07,-0.9999999999999655,0));
#2388=DIRECTION('',(0.5287509536880086,0.8487770195840727,0));
#2389=DIRECTION('',(-0.14753654718322823,0.9890566046719729,0));
#2390=FACE_SURFACE('',(#2395),#2391,.T.);
#2391=PLANE('',#2392);
#2392=AXIS2_PLACEMENT_3D('',#148,#2393,#2394);
#2393=DIRECTION('',(-0,0,1));
#2394=DIRECTION('',(0.4153876848327257,-0.9096444752150744,0));
#2395=FACE_BOUND('',#2396,.T.);
#2396=EDGE_LOOP('',(#2397,#2398,#2399));
#2397=ORIENTED_EDGE('',*,*,#2400,.T.);
#2398=ORIENTED_EDGE('',*,*,#2401,.T.);
#2399=ORIENTED_EDGE('',*,*,#2402,.T.);
#2400=EDGE_CURVE('',#149,#99,#2403,.F.);
#2401=EDGE_CURVE('',#99,#97,#2404,.T.);
#2402=EDGE_CURVE('',#97,#149,#2405,.T.);
#2403=LINE('',#148,#2406);
#2404=LINE('',#98,#2407);
#2405=LINE('',#96,#2408);
#2406=VECTOR('',#2409,1.0);
#2407=VECTOR('',#2410,1.0);
#2408=VECTOR('',#2411,1.0);
#2409=DIRECTION('',(0.4153876848327257,-0.9096444752150744,0));
#2410=DIRECTION('',(4.6624086583805936E-07,0.9999999999998914,0));
#2411=DIRECTION('',(-0.03381703880138144,-0.9994280403744463,0));
#2412=FACE_SURFACE('',(#2417),#2413,.T.);
#2413=PLANE('',#2414);
#2414=AXIS2_PLACEMENT_3D('',#148,#2415,#2416);
#2415=DIRECTION('',(0,0,1));
#2416=DIRECTION('',(0.03381703880138144,0.9994280403744463,0));
#2417=FACE_BOUND('',#2418,.T.);
#2418=EDGE_LOOP('',(#2419,#2420,#2421));
#2419=ORIENTED_EDGE('',*,*,#2422,.T.);
#2420=ORIENTED_EDGE('',*,*,#2423,.T.);
#2421=ORIENTED_EDGE('',*,*,#2424,.T.);
#2422=EDGE_CURVE('',#149,#97,#2425,.F.);
#2423=EDGE_CURVE('',#97,#145,#2426,.T.);
#2424=EDGE_CURVE('',#145,#149,#2427,.T.);
#2425=LINE('',#148,#2428);
#2426=LINE('',#96,#2429);
#2427=LINE('',#144,#2430);
#2428=VECTOR('',#2431,1.0);
#2429=VECTOR('',#2432,1.0);
#2430=VECTOR('',#2433,1.0);
#2431=DIRECTION('',(0.03381703880138144,0.9994280403744463,0));
#2432=DIRECTION('',(-0.28350756718603676,-0.9589699991909314,0));
#2433=DIRECTION('',(-3.0846055639034084E-07,-0.9999999999999525,0));
#2434=FACE_SURFACE('',(#2439),#2435,.T.);
#2435=PLANE('',#2436);
#2436=AXIS2_PLACEMENT_3D('',#154,#2437,#2438);
#2437=DIRECTION('',(0,0,1));
#2438=DIRECTION('',(-0.999999999999495,1.0050160350303313E-06,0));
#2439=FACE_BOUND('',#2440,.T.);
#2440=EDGE_LOOP('',(#2441,#2442,#2443));
#2441=ORIENTED_EDGE('',*,*,#2444,.T.);
#2442=ORIENTED_EDGE('',*,*,#2445,.T.);
#2443=ORIENTED_EDGE('',*,*,#2446,.T.);
#2444=EDGE_CURVE('',#155,#153,#2447,.F.);
#2445=EDGE_CURVE('',#153,#163,#2448,.T.);
#2446=EDGE_CURVE('',#163,#155,#2449,.T.);
#2447=LINE('',#154,#2450);
#2448=LINE('',#152,#2451);
#2449=LINE('',#162,#2452);
#2450=VECTOR('',#2453,1.0);
#2451=VECTOR('',#2454,1.0);
#2452=VECTOR('',#2455,1.0);
#2453=DIRECTION('',(-0.999999999999495,1.0050160350303313E-06,0));
#2454=DIRECTION('',(-3.084605088163908E-07,-0.9999999999999525,0));
#2455=DIRECTION('',(0.10177606544944574,0.9948073343626042,0));
#2456=FACE_SURFACE('',(#2461),#2457,.T.);
#2457=PLANE('',#2458);
#2458=AXIS2_PLACEMENT_3D('',#154,#2459,#2460);
#2459=DIRECTION('',(0,0,1));
#2460=DIRECTION('',(-0.10177606544944574,-0.9948073343626042,0));
#2461=FACE_BOUND('',#2462,.T.);
#2462=EDGE_LOOP('',(#2463,#2464,#2465));
#2463=ORIENTED_EDGE('',*,*,#2466,.T.);
#2464=ORIENTED_EDGE('',*,*,#2467,.T.);
#2465=ORIENTED_EDGE('',*,*,#2468,.T.);
#2466=EDGE_CURVE('',#155,#163,#2469,.F.);
#2467=EDGE_CURVE('',#163,#161,#2470,.T.);
#2468=EDGE_CURVE('',#161,#155,#2471,.T.);
#2469=LINE('',#154,#2472);
#2470=LINE('',#162,#2473);
#2471=LINE('',#160,#2474);
#2472=VECTOR('',#2475,1.0);
#2473=VECTOR('',#2476,1.0);
#2474=VECTOR('',#2477,1.0);
#2475=DIRECTION('',(-0.10177606544944574,-0.9948073343626042,0));
#2476=DIRECTION('',(1,0,0));
#2477=DIRECTION('',(3.0846054053235586E-07,0.9999999999999525,0));
#2478=FACE_SURFACE('',(#2483),#2479,.T.);
#2479=PLANE('',#2480);
#2480=AXIS2_PLACEMENT_3D('',#158,#2481,#2482);
#2481=DIRECTION('',(0,0,1));
#2482=DIRECTION('',(1,0,0));
#2483=FACE_BOUND('',#2484,.T.);
#2484=EDGE_LOOP('',(#2485,#2486,#2487));
#2485=ORIENTED_EDGE('',*,*,#2488,.T.);
#2486=ORIENTED_EDGE('',*,*,#2489,.T.);
#2487=ORIENTED_EDGE('',*,*,#2490,.T.);
#2488=EDGE_CURVE('',#159,#151,#2491,.F.);
#2489=EDGE_CURVE('',#151,#143,#2492,.T.);
#2490=EDGE_CURVE('',#143,#159,#2493,.T.);
#2491=LINE('',#158,#2494);
#2492=LINE('',#150,#2495);
#2493=LINE('',#142,#2496);
#2494=VECTOR('',#2497,1.0);
#2495=VECTOR('',#2498,1.0);
#2496=VECTOR('',#2499,1.0);
#2497=DIRECTION('',(1,0,0));
#2498=DIRECTION('',(3.0846054053235586E-07,0.9999999999999525,0));
#2499=DIRECTION('',(-0.09271782510728949,-0.9956924248518585,0));
#2500=FACE_SURFACE('',(#2505),#2501,.T.);
#2501=PLANE('',#2502);
#2502=AXIS2_PLACEMENT_3D('',#158,#2503,#2504);
#2503=DIRECTION('',(0,0,1));
#2504=DIRECTION('',(0.09271782510728949,0.9956924248518585,0));
#2505=FACE_BOUND('',#2506,.T.);
#2506=EDGE_LOOP('',(#2507,#2508,#2509));
#2507=ORIENTED_EDGE('',*,*,#2510,.T.);
#2508=ORIENTED_EDGE('',*,*,#2511,.T.);
#2509=ORIENTED_EDGE('',*,*,#2512,.T.);
#2510=EDGE_CURVE('',#159,#143,#2513,.F.);
#2511=EDGE_CURVE('',#143,#157,#2514,.T.);
#2512=EDGE_CURVE('',#157,#159,#2515,.T.);
#2513=LINE('',#158,#2516);
#2514=LINE('',#142,#2517);
#2515=LINE('',#156,#2518);
#2516=VECTOR('',#2519,1.0);
#2517=VECTOR('',#2520,1.0);
#2518=VECTOR('',#2521,1.0);
#2519=DIRECTION('',(0.09271782510728949,0.9956924248518585,0));
#2520=DIRECTION('',(-1,0,0));
#2521=DIRECTION('',(-3.0846054053235586E-07,-0.9999999999999525,0));
#2522=FACE_SURFACE('',(#2527),#2523,.T.);
#2523=PLANE('',#2524);
#2524=AXIS2_PLACEMENT_3D('',#110,#2525,#2526);
#2525=DIRECTION('',(0,0,1));
#2526=DIRECTION('',(-0.9999999999999857,1.695421078805733E-07,0));
#2527=FACE_BOUND('',#2528,.T.);
#2528=EDGE_LOOP('',(#2529,#2530,#2531));
#2529=ORIENTED_EDGE('',*,*,#2532,.T.);
#2530=ORIENTED_EDGE('',*,*,#2533,.T.);
#2531=ORIENTED_EDGE('',*,*,#2534,.T.);
#2532=EDGE_CURVE('',#111,#99,#2535,.F.);
#2533=EDGE_CURVE('',#99,#147,#2536,.T.);
#2534=EDGE_CURVE('',#147,#111,#2537,.T.);
#2535=LINE('',#110,#2538);
#2536=LINE('',#98,#2539);
#2537=LINE('',#146,#2540);
#2538=VECTOR('',#2541,1.0);
#2539=VECTOR('',#2542,1.0);
#2540=VECTOR('',#2543,1.0);
#2541=DIRECTION('',(-0.9999999999999857,1.695421078805733E-07,0));
#2542=DIRECTION('',(-0.9157187601443548,-0.40181980080589064,0));
#2543=DIRECTION('',(0.9919421117264989,0.12669193732662654,0));
#2544=FACE_SURFACE('',(#2549),#2545,.T.);
#2545=PLANE('',#2546);
#2546=AXIS2_PLACEMENT_3D('',#110,#2547,#2548);
#2547=DIRECTION('',(0,0,1));
#2548=DIRECTION('',(-0.9919421117264989,-0.12669193732662654,0));
#2549=FACE_BOUND('',#2550,.T.);
#2550=EDGE_LOOP('',(#2551,#2552,#2553));
#2551=ORIENTED_EDGE('',*,*,#2554,.T.);
#2552=ORIENTED_EDGE('',*,*,#2555,.T.);
#2553=ORIENTED_EDGE('',*,*,#2556,.T.);
#2554=EDGE_CURVE('',#111,#147,#2557,.F.);
#2555=EDGE_CURVE('',#147,#123,#2558,.T.);
#2556=EDGE_CURVE('',#123,#111,#2559,.T.);
#2557=LINE('',#110,#2560);
#2558=LINE('',#146,#2561);
#2559=LINE('',#122,#2562);
#2560=VECTOR('',#2563,1.0);
#2561=VECTOR('',#2564,1.0);
#2562=VECTOR('',#2565,1.0);
#2563=DIRECTION('',(-0.9919421117264989,-0.12669193732662654,0));
#2564=DIRECTION('',(0.9999999999999282,-3.78946652411298E-07,0));
#2565=DIRECTION('',(-0.9031711864492794,0.4292805702192927,0));
#2566=FACE_SURFACE('',(#2571),#2567,.T.);
#2567=PLANE('',#2568);
#2568=AXIS2_PLACEMENT_3D('',#116,#2569,#2570);
#2569=DIRECTION('',(0,0,1));
#2570=DIRECTION('',(-3.286681356488812E-07,-0.999999999999946,0));
#2571=FACE_BOUND('',#2572,.T.);
#2572=EDGE_LOOP('',(#2573,#2574,#2575));
#2573=ORIENTED_EDGE('',*,*,#2576,.T.);
#2574=ORIENTED_EDGE('',*,*,#2577,.T.);
#2575=ORIENTED_EDGE('',*,*,#2578,.T.);
#2576=EDGE_CURVE('',#117,#123,#2579,.F.);
#2577=EDGE_CURVE('',#123,#91,#2580,.T.);
#2578=EDGE_CURVE('',#91,#117,#2581,.T.);
#2579=LINE('',#116,#2582);
#2580=LINE('',#122,#2583);
#2581=LINE('',#90,#2584);
#2582=VECTOR('',#2585,1.0);
#2583=VECTOR('',#2586,1.0);
#2584=VECTOR('',#2587,1.0);
#2585=DIRECTION('',(-3.286681356488812E-07,-0.999999999999946,0));
#2586=DIRECTION('',(0.7071064021973947,-0.7071071601754972,0));
#2587=DIRECTION('',(-0.05768229262675885,0.9983349904302268,0));
#2588=FACE_SURFACE('',(#2593),#2589,.T.);
#2589=PLANE('',#2590);
#2590=AXIS2_PLACEMENT_3D('',#116,#2591,#2592);
#2591=DIRECTION('',(-0,0,1));
#2592=DIRECTION('',(0.05768229262675885,-0.9983349904302268,0));
#2593=FACE_BOUND('',#2594,.T.);
#2594=EDGE_LOOP('',(#2595,#2596,#2597));
#2595=ORIENTED_EDGE('',*,*,#2598,.T.);
#2596=ORIENTED_EDGE('',*,*,#2599,.T.);
#2597=ORIENTED_EDGE('',*,*,#2600,.T.);
#2598=EDGE_CURVE('',#117,#91,#2601,.F.);
#2599=EDGE_CURVE('',#91,#89,#2602,.T.);
#2600=EDGE_CURVE('',#89,#117,#2603,.T.);
#2601=LINE('',#116,#2604);
#2602=LINE('',#90,#2605);
#2603=LINE('',#88,#2606);
#2604=VECTOR('',#2607,1.0);
#2605=VECTOR('',#2608,1.0);
#2606=VECTOR('',#2609,1.0);
#2607=DIRECTION('',(0.05768229262675885,-0.9983349904302268,0));
#2608=DIRECTION('',(3.521258807768453E-07,0.9999999999999379,0));
#2609=DIRECTION('',(-0.7221639409583749,-0.691721940073805,0));
#2610=FACE_SURFACE('',(#2615),#2611,.T.);
#2611=PLANE('',#2612);
#2612=AXIS2_PLACEMENT_3D('',#140,#2613,#2614);
#2613=DIRECTION('',(-0,0,1));
#2614=DIRECTION('',(0.9999999999999449,-3.315783051535802E-07,0));
#2615=FACE_BOUND('',#2616,.T.);
#2616=EDGE_LOOP('',(#2617,#2618,#2619));
#2617=ORIENTED_EDGE('',*,*,#2620,.T.);
#2618=ORIENTED_EDGE('',*,*,#2621,.T.);
#2619=ORIENTED_EDGE('',*,*,#2622,.T.);
#2620=EDGE_CURVE('',#141,#117,#2623,.F.);
#2621=EDGE_CURVE('',#117,#89,#2624,.T.);
#2622=EDGE_CURVE('',#89,#141,#2625,.T.);
#2623=LINE('',#140,#2626);
#2624=LINE('',#116,#2627);
#2625=LINE('',#88,#2628);
#2626=VECTOR('',#2629,1.0);
#2627=VECTOR('',#2630,1.0);
#2628=VECTOR('',#2631,1.0);
#2629=DIRECTION('',(0.9999999999999449,-3.315783051535802E-07,0));
#2630=DIRECTION('',(0.7221639409583749,0.691721940073805,0));
#2631=DIRECTION('',(-0.9991794694259727,-0.04050170215721471,0));
#2632=FACE_SURFACE('',(#2637),#2633,.T.);
#2633=PLANE('',#2634);
#2634=AXIS2_PLACEMENT_3D('',#140,#2635,#2636);
#2635=DIRECTION('',(0,-0,1));
#2636=DIRECTION('',(0.9991794694259727,0.04050170215721471,0));
#2637=FACE_BOUND('',#2638,.T.);
#2638=EDGE_LOOP('',(#2639,#2640,#2641));
#2639=ORIENTED_EDGE('',*,*,#2642,.T.);
#2640=ORIENTED_EDGE('',*,*,#2643,.T.);
#2641=ORIENTED_EDGE('',*,*,#2644,.T.);
#2642=EDGE_CURVE('',#141,#89,#2645,.F.);
#2643=EDGE_CURVE('',#89,#103,#2646,.T.);
#2644=EDGE_CURVE('',#103,#141,#2647,.T.);
#2645=LINE('',#140,#2648);
#2646=LINE('',#88,#2649);
#2647=LINE('',#102,#2650);
#2648=VECTOR('',#2651,1.0);
#2649=VECTOR('',#2652,1.0);
#2650=VECTOR('',#2653,1.0);
#2651=DIRECTION('',(0.9991794694259727,0.04050170215721471,0));
#2652=DIRECTION('',(-0.9999999999999393,3.48591609286651E-07,0));
#2653=DIRECTION('',(0.7117649186912635,-0.7024177535629486,0));
#2654=FACE_SURFACE('',(#2659),#2655,.T.);
#2655=PLANE('',#2656);
#2656=AXIS2_PLACEMENT_3D('',#146,#2657,#2658);
#2657=DIRECTION('',(0,-0,1));
#2658=DIRECTION('',(2.6293452580275016E-07,0.9999999999999655,0));
#2659=FACE_BOUND('',#2660,.T.);
#2660=EDGE_LOOP('',(#2661,#2662,#2663));
#2661=ORIENTED_EDGE('',*,*,#2664,.T.);
#2662=ORIENTED_EDGE('',*,*,#2665,.T.);
#2663=ORIENTED_EDGE('',*,*,#2666,.T.);
#2664=EDGE_CURVE('',#147,#141,#2667,.F.);
#2665=EDGE_CURVE('',#141,#103,#2668,.T.);
#2666=EDGE_CURVE('',#103,#147,#2669,.T.);
#2667=LINE('',#146,#2670);
#2668=LINE('',#140,#2671);
#2669=LINE('',#102,#2672);
#2670=VECTOR('',#2673,1.0);
#2671=VECTOR('',#2674,1.0);
#2672=VECTOR('',#2675,1.0);
#2673=DIRECTION('',(2.6293452580275016E-07,0.9999999999999655,0));
#2674=DIRECTION('',(-0.7117649186912635,0.7024177535629486,0));
#2675=DIRECTION('',(0.056127839356854704,-0.9984235902907799,0));
#2676=FACE_SURFACE('',(#2681),#2677,.T.);
#2677=PLANE('',#2678);
#2678=AXIS2_PLACEMENT_3D('',#146,#2679,#2680);
#2679=DIRECTION('',(0,0,1));
#2680=DIRECTION('',(-0.056127839356854704,0.9984235902907799,0));
#2681=FACE_BOUND('',#2682,.T.);
#2682=EDGE_LOOP('',(#2683,#2684,#2685));
#2683=ORIENTED_EDGE('',*,*,#2686,.T.);
#2684=ORIENTED_EDGE('',*,*,#2687,.T.);
#2685=ORIENTED_EDGE('',*,*,#2688,.T.);
#2686=EDGE_CURVE('',#147,#103,#2689,.F.);
#2687=EDGE_CURVE('',#103,#101,#2690,.T.);
#2688=EDGE_CURVE('',#101,#147,#2691,.T.);
#2689=LINE('',#146,#2692);
#2690=LINE('',#102,#2693);
#2691=LINE('',#100,#2694);
#2692=VECTOR('',#2695,1.0);
#2693=VECTOR('',#2696,1.0);
#2694=VECTOR('',#2697,1.0);
#2695=DIRECTION('',(-0.056127839356854704,0.9984235902907799,0));
#2696=DIRECTION('',(-3.521258807768453E-07,-0.9999999999999379,0));
#2697=DIRECTION('',(0.6964780798220009,0.7175780684548952,0));
#2698=FACE_SURFACE('',(#2703),#2699,.T.);
#2699=PLANE('',#2700);
#2700=AXIS2_PLACEMENT_3D('',#122,#2701,#2702);
#2701=DIRECTION('',(0,0,1));
#2702=DIRECTION('',(-0.9999999999999282,3.78946652411298E-07,0));
#2703=FACE_BOUND('',#2704,.T.);
#2704=EDGE_LOOP('',(#2705,#2706,#2707));
#2705=ORIENTED_EDGE('',*,*,#2708,.T.);
#2706=ORIENTED_EDGE('',*,*,#2709,.T.);
#2707=ORIENTED_EDGE('',*,*,#2710,.T.);
#2708=EDGE_CURVE('',#123,#147,#2711,.F.);
#2709=EDGE_CURVE('',#147,#101,#2712,.T.);
#2710=EDGE_CURVE('',#101,#123,#2713,.T.);
#2711=LINE('',#122,#2714);
#2712=LINE('',#146,#2715);
#2713=LINE('',#100,#2716);
#2714=VECTOR('',#2717,1.0);
#2715=VECTOR('',#2718,1.0);
#2716=VECTOR('',#2719,1.0);
#2717=DIRECTION('',(-0.9999999999999282,3.78946652411298E-07,0));
#2718=DIRECTION('',(-0.6964780798220009,-0.7175780684548952,0));
#2719=DIRECTION('',(0.9991035322643204,0.04233357788987434,0));
#2720=FACE_SURFACE('',(#2725),#2721,.T.);
#2721=PLANE('',#2722);
#2722=AXIS2_PLACEMENT_3D('',#122,#2723,#2724);
#2723=DIRECTION('',(0,0,1));
#2724=DIRECTION('',(-0.9991035322643204,-0.04233357788987434,0));
#2725=FACE_BOUND('',#2726,.T.);
#2726=EDGE_LOOP('',(#2727,#2728,#2729));
#2727=ORIENTED_EDGE('',*,*,#2730,.T.);
#2728=ORIENTED_EDGE('',*,*,#2731,.T.);
#2729=ORIENTED_EDGE('',*,*,#2732,.T.);
#2730=EDGE_CURVE('',#123,#101,#2733,.F.);
#2731=EDGE_CURVE('',#101,#91,#2734,.T.);
#2732=EDGE_CURVE('',#91,#123,#2735,.T.);
#2733=LINE('',#122,#2736);
#2734=LINE('',#100,#2737);
#2735=LINE('',#90,#2738);
#2736=VECTOR('',#2739,1.0);
#2737=VECTOR('',#2740,1.0);
#2738=VECTOR('',#2741,1.0);
#2739=DIRECTION('',(-0.9991035322643204,-0.04233357788987434,0));
#2740=DIRECTION('',(0.9999999999999393,-3.48591609286651E-07,0));
#2741=DIRECTION('',(-0.7071064021973947,0.7071071601754972,0));
#2742=FACE_SURFACE('',(#2747),#2743,.T.);
#2743=PLANE('',#2744);
#2744=AXIS2_PLACEMENT_3D('',#60,#2745,#2746);
#2745=DIRECTION('',(0,0,-1));
#2746=DIRECTION('',(0.9999999999999393,-3.48591609286651E-07,0));
#2747=FACE_BOUND('',#2748,.T.);
#2748=EDGE_LOOP('',(#2749,#2750,#2751));
#2749=ORIENTED_EDGE('',*,*,#2752,.T.);
#2750=ORIENTED_EDGE('',*,*,#2753,.T.);
#2751=ORIENTED_EDGE('',*,*,#2754,.T.);
#2752=EDGE_CURVE('',#61,#63,#2755,.F.);
#2753=EDGE_CURVE('',#63,#77,#2756,.T.);
#2754=EDGE_CURVE('',#77,#61,#2757,.T.);
#2755=LINE('',#60,#2758);
#2756=LINE('',#62,#2759);
#2757=LINE('',#76,#2760);
#2758=VECTOR('',#2761,1.0);
#2759=VECTOR('',#2762,1.0);
#2760=VECTOR('',#2763,1.0);
#2761=DIRECTION('',(0.9999999999999393,-3.48591609286651E-07,0));
#2762=DIRECTION('',(-0.8777198868174317,-0.4791740813996464,0));
#2763=DIRECTION('',(-0.9792848735780609,0.2024873733870864,0));
#2764=FACE_SURFACE('',(#2769),#2765,.T.);
#2765=PLANE('',#2766);
#2766=AXIS2_PLACEMENT_3D('',#60,#2767,#2768);
#2767=DIRECTION('',(0,0,-1));
#2768=DIRECTION('',(0.9792848735780609,-0.2024873733870864,0));
#2769=FACE_BOUND('',#2770,.T.);
#2770=EDGE_LOOP('',(#2771,#2772,#2773));
#2771=ORIENTED_EDGE('',*,*,#2774,.T.);
#2772=ORIENTED_EDGE('',*,*,#2775,.T.);
#2773=ORIENTED_EDGE('',*,*,#2776,.T.);
#2774=EDGE_CURVE('',#61,#77,#2777,.F.);
#2775=EDGE_CURVE('',#77,#81,#2778,.T.);
#2776=EDGE_CURVE('',#81,#61,#2779,.T.);
#2777=LINE('',#60,#2780);
#2778=LINE('',#76,#2781);
#2779=LINE('',#80,#2782);
#2780=VECTOR('',#2783,1.0);
#2781=VECTOR('',#2784,1.0);
#2782=VECTOR('',#2785,1.0);
#2783=DIRECTION('',(0.9792848735780609,-0.2024873733870864,0));
#2784=DIRECTION('',(-0.9999999999999353,3.5987054736667795E-07,0));
#2785=DIRECTION('',(-0.8953566390412943,0.4453498500332939,0));
#2786=FACE_SURFACE('',(#2791),#2787,.T.);
#2787=PLANE('',#2788);
#2788=AXIS2_PLACEMENT_3D('',#168,#2789,#2790);
#2789=DIRECTION('',(0,0,-1));
#2790=DIRECTION('',(3.0846054053235586E-07,0.9999999999999525,0));
#2791=FACE_BOUND('',#2792,.T.);
#2792=EDGE_LOOP('',(#2793,#2794,#2795));
#2793=ORIENTED_EDGE('',*,*,#2796,.T.);
#2794=ORIENTED_EDGE('',*,*,#2797,.T.);
#2795=ORIENTED_EDGE('',*,*,#2798,.T.);
#2796=EDGE_CURVE('',#169,#171,#2799,.F.);
#2797=EDGE_CURVE('',#171,#173,#2800,.T.);
#2798=EDGE_CURVE('',#173,#169,#2801,.T.);
#2799=LINE('',#168,#2802);
#2800=LINE('',#170,#2803);
#2801=LINE('',#172,#2804);
#2802=VECTOR('',#2805,1.0);
#2803=VECTOR('',#2806,1.0);
#2804=VECTOR('',#2807,1.0);
#2805=DIRECTION('',(3.0846054053235586E-07,0.9999999999999525,0));
#2806=DIRECTION('',(1,0,0));
#2807=DIRECTION('',(-0.10177601483607006,-0.9948073395407213,0));
#2808=FACE_SURFACE('',(#2813),#2809,.T.);
#2809=PLANE('',#2810);
#2810=AXIS2_PLACEMENT_3D('',#168,#2811,#2812);
#2811=DIRECTION('',(0,0,-1));
#2812=DIRECTION('',(0.10177601483607006,0.9948073395407213,0));
#2813=FACE_BOUND('',#2814,.T.);
#2814=EDGE_LOOP('',(#2815,#2816,#2817));
#2815=ORIENTED_EDGE('',*,*,#2818,.T.);
#2816=ORIENTED_EDGE('',*,*,#2819,.T.);
#2817=ORIENTED_EDGE('',*,*,#2820,.T.);
#2818=EDGE_CURVE('',#169,#173,#2821,.F.);
#2819=EDGE_CURVE('',#173,#175,#2822,.T.);
#2820=EDGE_CURVE('',#175,#169,#2823,.T.);
#2821=LINE('',#168,#2824);
#2822=LINE('',#172,#2825);
#2823=LINE('',#174,#2826);
#2824=VECTOR('',#2827,1.0);
#2825=VECTOR('',#2828,1.0);
#2826=VECTOR('',#2829,1.0);
#2827=DIRECTION('',(0.10177601483607006,0.9948073395407213,0));
#2828=DIRECTION('',(-3.0846054053235586E-07,-0.9999999999999525,0));
#2829=DIRECTION('',(-1,0,0));
#2830=FACE_SURFACE('',(#2835),#2831,.T.);
#2831=PLANE('',#2832);
#2832=AXIS2_PLACEMENT_3D('',#176,#2833,#2834);
#2833=DIRECTION('',(-0,0,-1));
#2834=DIRECTION('',(-0.9999999999999268,-3.824118101003857E-07,0));
#2835=FACE_BOUND('',#2836,.T.);
#2836=EDGE_LOOP('',(#2837,#2838,#2839));
#2837=ORIENTED_EDGE('',*,*,#2840,.T.);
#2838=ORIENTED_EDGE('',*,*,#2841,.T.);
#2839=ORIENTED_EDGE('',*,*,#2842,.T.);
#2840=EDGE_CURVE('',#177,#77,#2843,.F.);
#2841=EDGE_CURVE('',#77,#63,#2844,.T.);
#2842=EDGE_CURVE('',#63,#177,#2845,.T.);
#2843=LINE('',#176,#2846);
#2844=LINE('',#76,#2847);
#2845=LINE('',#62,#2848);
#2846=VECTOR('',#2849,1.0);
#2847=VECTOR('',#2850,1.0);
#2848=VECTOR('',#2851,1.0);
#2849=DIRECTION('',(-0.9999999999999268,-3.824118101003857E-07,0));
#2850=DIRECTION('',(0.8777198868174317,0.4791740813996464,0));
#2851=DIRECTION('',(-0.8235492174536464,-0.5672448205417892,0));
#2852=FACE_SURFACE('',(#2857),#2853,.T.);
#2853=PLANE('',#2854);
#2854=AXIS2_PLACEMENT_3D('',#50,#2855,#2856);
#2855=DIRECTION('',(0,0,-1));
#2856=DIRECTION('',(-0.8521203660651856,0.5233458528897827,0));
#2857=FACE_BOUND('',#2858,.T.);
#2858=EDGE_LOOP('',(#2859,#2860,#2861));
#2859=ORIENTED_EDGE('',*,*,#2862,.T.);
#2860=ORIENTED_EDGE('',*,*,#2863,.T.);
#2861=ORIENTED_EDGE('',*,*,#2864,.T.);
#2862=EDGE_CURVE('',#51,#65,#2865,.F.);
#2863=EDGE_CURVE('',#65,#179,#2866,.T.);
#2864=EDGE_CURVE('',#179,#51,#2867,.T.);
#2865=LINE('',#50,#2868);
#2866=LINE('',#64,#2869);
#2867=LINE('',#178,#2870);
#2868=VECTOR('',#2871,1.0);
#2869=VECTOR('',#2872,1.0);
#2870=VECTOR('',#2873,1.0);
#2871=DIRECTION('',(-0.8521203660651856,0.5233458528897827,0));
#2872=DIRECTION('',(0.99999999999883,1.5296472403998652E-06,0));
#2873=DIRECTION('',(0.790462799880349,-0.6125100505341275,0));
#2874=FACE_SURFACE('',(#2879),#2875,.T.);
#2875=PLANE('',#2876);
#2876=AXIS2_PLACEMENT_3D('',#50,#2877,#2878);
#2877=DIRECTION('',(0,0,-1));
#2878=DIRECTION('',(-0.790462799880349,0.6125100505341275,0));
#2879=FACE_BOUND('',#2880,.T.);
#2880=EDGE_LOOP('',(#2881,#2882,#2883));
#2881=ORIENTED_EDGE('',*,*,#2884,.T.);
#2882=ORIENTED_EDGE('',*,*,#2885,.T.);
#2883=ORIENTED_EDGE('',*,*,#2886,.T.);
#2884=EDGE_CURVE('',#51,#179,#2887,.F.);
#2885=EDGE_CURVE('',#179,#169,#2888,.T.);
#2886=EDGE_CURVE('',#169,#51,#2889,.T.);
#2887=LINE('',#50,#2890);
#2888=LINE('',#178,#2891);
#2889=LINE('',#168,#2892);
#2890=VECTOR('',#2893,1.0);
#2891=VECTOR('',#2894,1.0);
#2892=VECTOR('',#2895,1.0);
#2893=DIRECTION('',(-0.790462799880349,0.6125100505341275,0));
#2894=DIRECTION('',(0.9999999999917857,-4.053243405339685E-06,0));
#2895=DIRECTION('',(0.775118664960803,-0.6318156813734386,0));
#2896=FACE_SURFACE('',(#2901),#2897,.T.);
#2897=PLANE('',#2898);
#2898=AXIS2_PLACEMENT_3D('',#170,#2899,#2900);
#2899=DIRECTION('',(0,0,-1));
#2900=DIRECTION('',(-0.9999999999979463,2.0266217026823278E-06,0));
#2901=FACE_BOUND('',#2902,.T.);
#2902=EDGE_LOOP('',(#2903,#2904,#2905));
#2903=ORIENTED_EDGE('',*,*,#2906,.T.);
#2904=ORIENTED_EDGE('',*,*,#2907,.T.);
#2905=ORIENTED_EDGE('',*,*,#2908,.T.);
#2906=EDGE_CURVE('',#171,#177,#2909,.F.);
#2907=EDGE_CURVE('',#177,#63,#2910,.T.);
#2908=EDGE_CURVE('',#63,#171,#2911,.T.);
#2909=LINE('',#170,#2912);
#2910=LINE('',#176,#2913);
#2911=LINE('',#62,#2914);
#2912=VECTOR('',#2915,1.0);
#2913=VECTOR('',#2916,1.0);
#2914=VECTOR('',#2917,1.0);
#2915=DIRECTION('',(-0.9999999999979463,2.0266217026823278E-06,0));
#2916=DIRECTION('',(0.8235492174536464,0.5672448205417892,0));
#2917=DIRECTION('',(-0.8097815211850702,-0.5867315297026346,0));
#2918=FACE_SURFACE('',(#2923),#2919,.T.);
#2919=PLANE('',#2920);
#2920=AXIS2_PLACEMENT_3D('',#180,#2921,#2922);
#2921=DIRECTION('',(NaN,NaN,NaN));
#2922=DIRECTION('',(-1,0,0));
#2923=FACE_BOUND('',#2924,.T.);
#2924=EDGE_LOOP('',(#2925,#2926,#2927));
#2925=ORIENTED_EDGE('',*,*,#2928,.T.);
#2926=ORIENTED_EDGE('',*,*,#2929,.T.);
#2927=ORIENTED_EDGE('',*,*,#2930,.T.);
#2928=EDGE_CURVE('',#181,#183,#2931,.F.);
#2929=EDGE_CURVE('',#183,#173,#2932,.T.);
#2930=EDGE_CURVE('',#173,#181,#2933,.T.);
#2931=LINE('',#180,#2934);
#2932=LINE('',#182,#2935);
#2933=LINE('',#172,#2936);
#2934=VECTOR('',#2937,1.0);
#2935=VECTOR('',#2938,1.0);
#2936=VECTOR('',#2939,1.0);
#2937=DIRECTION('',(-1,0,0));
#2938=DIRECTION('',(-1,0,0));
#2939=DIRECTION('',(1,0,0));
#2940=FACE_SURFACE('',(#2945),#2941,.T.);
#2941=PLANE('',#2942);
#2942=AXIS2_PLACEMENT_3D('',#172,#2943,#2944);
#2943=DIRECTION('',(0,0,-1));
#2944=DIRECTION('',(-1,0,0));
#2945=FACE_BOUND('',#2946,.T.);
#2946=EDGE_LOOP('',(#2947,#2948,#2949));
#2947=ORIENTED_EDGE('',*,*,#2950,.T.);
#2948=ORIENTED_EDGE('',*,*,#2951,.T.);
#2949=ORIENTED_EDGE('',*,*,#2952,.T.);
#2950=EDGE_CURVE('',#173,#171,#2953,.F.);
#2951=EDGE_CURVE('',#171,#63,#2954,.T.);
#2952=EDGE_CURVE('',#63,#173,#2955,.T.);
#2953=LINE('',#172,#2956);
#2954=LINE('',#170,#2957);
#2955=LINE('',#62,#2958);
#2956=VECTOR('',#2959,1.0);
#2957=VECTOR('',#2960,1.0);
#2958=VECTOR('',#2961,1.0);
#2959=DIRECTION('',(-1,0,0));
#2960=DIRECTION('',(0.8097815211850702,0.5867315297026346,0));
#2961=DIRECTION('',(-0.7371991622728197,-0.6756755102445647,0));
#2962=FACE_SURFACE('',(#2967),#2963,.T.);
#2963=PLANE('',#2964);
#2964=AXIS2_PLACEMENT_3D('',#50,#2965,#2966);
#2965=DIRECTION('',(0,0,-1));
#2966=DIRECTION('',(-0.775118664960803,0.6318156813734386,0));
#2967=FACE_BOUND('',#2968,.T.);
#2968=EDGE_LOOP('',(#2969,#2970,#2971));
#2969=ORIENTED_EDGE('',*,*,#2972,.T.);
#2970=ORIENTED_EDGE('',*,*,#2973,.T.);
#2971=ORIENTED_EDGE('',*,*,#2974,.T.);
#2972=EDGE_CURVE('',#51,#169,#2975,.F.);
#2973=EDGE_CURVE('',#169,#175,#2976,.T.);
#2974=EDGE_CURVE('',#175,#51,#2977,.T.);
#2975=LINE('',#50,#2978);
#2976=LINE('',#168,#2979);
#2977=LINE('',#174,#2980);
#2978=VECTOR('',#2981,1.0);
#2979=VECTOR('',#2982,1.0);
#2980=VECTOR('',#2983,1.0);
#2981=DIRECTION('',(-0.775118664960803,0.6318156813734386,0));
#2982=DIRECTION('',(1,0,0));
#2983=DIRECTION('',(0.6961953213712583,-0.7178524043985437,0));
#2984=FACE_SURFACE('',(#2989),#2985,.T.);
#2985=PLANE('',#2986);
#2986=AXIS2_PLACEMENT_3D('',#174,#2987,#2988);
#2987=DIRECTION('',(0,0,-1));
#2988=DIRECTION('',(1,0,0));
#2989=FACE_BOUND('',#2990,.T.);
#2990=EDGE_LOOP('',(#2991,#2992,#2993));
#2991=ORIENTED_EDGE('',*,*,#2994,.T.);
#2992=ORIENTED_EDGE('',*,*,#2995,.T.);
#2993=ORIENTED_EDGE('',*,*,#2996,.T.);
#2994=EDGE_CURVE('',#175,#185,#2997,.F.);
#2995=EDGE_CURVE('',#185,#187,#2998,.T.);
#2996=EDGE_CURVE('',#187,#175,#2999,.T.);
#2997=LINE('',#174,#3000);
#2998=LINE('',#184,#3001);
#2999=LINE('',#186,#3002);
#3000=VECTOR('',#3003,1.0);
#3001=VECTOR('',#3004,1.0);
#3002=VECTOR('',#3005,1.0);
#3003=DIRECTION('',(1,0,0));
#3004=DIRECTION('',(0.9999999999993905,-1.1041841955900985E-06,0));
#3005=DIRECTION('',(-0.9999999999996234,8.677828668418634E-07,0));
#3006=FACE_SURFACE('',(#3011),#3007,.T.);
#3007=PLANE('',#3008);
#3008=AXIS2_PLACEMENT_3D('',#50,#3009,#3010);
#3009=DIRECTION('',(0,0,-1));
#3010=DIRECTION('',(-0.6961953213712583,0.7178524043985437,0));
#3011=FACE_BOUND('',#3012,.T.);
#3012=EDGE_LOOP('',(#3013,#3014,#3015));
#3013=ORIENTED_EDGE('',*,*,#3016,.T.);
#3014=ORIENTED_EDGE('',*,*,#3017,.T.);
#3015=ORIENTED_EDGE('',*,*,#3018,.T.);
#3016=EDGE_CURVE('',#51,#175,#3019,.F.);
#3017=EDGE_CURVE('',#175,#187,#3020,.T.);
#3018=EDGE_CURVE('',#187,#51,#3021,.T.);
#3019=LINE('',#50,#3022);
#3020=LINE('',#174,#3023);
#3021=LINE('',#186,#3024);
#3022=VECTOR('',#3025,1.0);
#3023=VECTOR('',#3026,1.0);
#3024=VECTOR('',#3027,1.0);
#3025=DIRECTION('',(-0.6961953213712583,0.7178524043985437,0));
#3026=DIRECTION('',(0.9999999999996234,-8.677828668418634E-07,0));
#3027=DIRECTION('',(0.5578814571195518,-0.8299206466898902,0));
#3028=FACE_SURFACE('',(#3033),#3029,.T.);
#3029=PLANE('',#3030);
#3030=AXIS2_PLACEMENT_3D('',#180,#3031,#3032);
#3031=DIRECTION('',(0,0,-1));
#3032=DIRECTION('',(-1,0,0));
#3033=FACE_BOUND('',#3034,.T.);
#3034=EDGE_LOOP('',(#3035,#3036,#3037));
#3035=ORIENTED_EDGE('',*,*,#3038,.T.);
#3036=ORIENTED_EDGE('',*,*,#3039,.T.);
#3037=ORIENTED_EDGE('',*,*,#3040,.T.);
#3038=EDGE_CURVE('',#181,#173,#3041,.F.);
#3039=EDGE_CURVE('',#173,#63,#3042,.T.);
#3040=EDGE_CURVE('',#63,#181,#3043,.T.);
#3041=LINE('',#180,#3044);
#3042=LINE('',#172,#3045);
#3043=LINE('',#62,#3046);
#3044=VECTOR('',#3047,1.0);
#3045=VECTOR('',#3048,1.0);
#3046=VECTOR('',#3049,1.0);
#3047=DIRECTION('',(-1,0,0));
#3048=DIRECTION('',(0.7371991622728197,0.6756755102445647,0));
#3049=DIRECTION('',(-0.6031774370364633,-0.7976070332250857,0));
#3050=FACE_SURFACE('',(#3055),#3051,.T.);
#3051=PLANE('',#3052);
#3052=AXIS2_PLACEMENT_3D('',#188,#3053,#3054);
#3053=DIRECTION('',(0,0,-1));
#3054=DIRECTION('',(-1,0,0));
#3055=FACE_BOUND('',#3056,.T.);
#3056=EDGE_LOOP('',(#3057,#3058,#3059));
#3057=ORIENTED_EDGE('',*,*,#3060,.T.);
#3058=ORIENTED_EDGE('',*,*,#3061,.T.);
#3059=ORIENTED_EDGE('',*,*,#3062,.T.);
#3060=EDGE_CURVE('',#189,#181,#3063,.F.);
#3061=EDGE_CURVE('',#181,#63,#3064,.T.);
#3062=EDGE_CURVE('',#63,#189,#3065,.T.);
#3063=LINE('',#188,#3066);
#3064=LINE('',#180,#3067);
#3065=LINE('',#62,#3068);
#3066=VECTOR('',#3069,1.0);
#3067=VECTOR('',#3070,1.0);
#3068=VECTOR('',#3071,1.0);
#3069=DIRECTION('',(-1,0,0));
#3070=DIRECTION('',(0.6031774370364633,0.7976070332250857,0));
#3071=DIRECTION('',(-0.564874704281597,-0.8251766892386008,0));
#3072=FACE_SURFACE('',(#3077),#3073,.T.);
#3073=PLANE('',#3074);
#3074=AXIS2_PLACEMENT_3D('',#50,#3075,#3076);
#3075=DIRECTION('',(0,0,-1));
#3076=DIRECTION('',(-0.5578814571195518,0.8299206466898902,0));
#3077=FACE_BOUND('',#3078,.T.);
#3078=EDGE_LOOP('',(#3079,#3080,#3081));
#3079=ORIENTED_EDGE('',*,*,#3082,.T.);
#3080=ORIENTED_EDGE('',*,*,#3083,.T.);
#3081=ORIENTED_EDGE('',*,*,#3084,.T.);
#3082=EDGE_CURVE('',#51,#187,#3085,.F.);
#3083=EDGE_CURVE('',#187,#191,#3086,.T.);
#3084=EDGE_CURVE('',#191,#51,#3087,.T.);
#3085=LINE('',#50,#3088);
#3086=LINE('',#186,#3089);
#3087=LINE('',#190,#3090);
#3088=VECTOR('',#3091,1.0);
#3089=VECTOR('',#3092,1.0);
#3090=VECTOR('',#3093,1.0);
#3091=DIRECTION('',(-0.5578814571195518,0.8299206466898902,0));
#3092=DIRECTION('',(1,0,0));
#3093=DIRECTION('',(0.5198195587402705,-0.854276083213776,0));
#3094=FACE_SURFACE('',(#3099),#3095,.T.);
#3095=PLANE('',#3096);
#3096=AXIS2_PLACEMENT_3D('',#190,#3097,#3098);
#3097=DIRECTION('',(0,0,-1));
#3098=DIRECTION('',(3.084605088163908E-07,0.9999999999999525,0));
#3099=FACE_BOUND('',#3100,.T.);
#3100=EDGE_LOOP('',(#3101,#3102,#3103));
#3101=ORIENTED_EDGE('',*,*,#3104,.T.);
#3102=ORIENTED_EDGE('',*,*,#3105,.T.);
#3103=ORIENTED_EDGE('',*,*,#3106,.T.);
#3104=EDGE_CURVE('',#191,#189,#3107,.F.);
#3105=EDGE_CURVE('',#189,#63,#3108,.T.);
#3106=EDGE_CURVE('',#63,#191,#3109,.T.);
#3107=LINE('',#190,#3110);
#3108=LINE('',#188,#3111);
#3109=LINE('',#62,#3112);
#3110=VECTOR('',#3113,1.0);
#3111=VECTOR('',#3114,1.0);
#3112=VECTOR('',#3115,1.0);
#3113=DIRECTION('',(3.084605088163908E-07,0.9999999999999525,0));
#3114=DIRECTION('',(0.564874704281597,0.8251766892386008,0));
#3115=DIRECTION('',(-0.17613157074271346,-0.9843666338248694,0));
#3116=FACE_SURFACE('',(#3121),#3117,.T.);
#3117=PLANE('',#3118);
#3118=AXIS2_PLACEMENT_3D('',#62,#3119,#3120);
#3119=DIRECTION('',(0,0,-1));
#3120=DIRECTION('',(-3.521258807768453E-07,-0.9999999999999379,0));
#3121=FACE_BOUND('',#3122,.T.);
#3122=EDGE_LOOP('',(#3123,#3124,#3125));
#3123=ORIENTED_EDGE('',*,*,#3126,.T.);
#3124=ORIENTED_EDGE('',*,*,#3127,.T.);
#3125=ORIENTED_EDGE('',*,*,#3128,.T.);
#3126=EDGE_CURVE('',#63,#51,#3129,.F.);
#3127=EDGE_CURVE('',#51,#191,#3130,.T.);
#3128=EDGE_CURVE('',#191,#63,#3131,.T.);
#3129=LINE('',#62,#3132);
#3130=LINE('',#50,#3133);
#3131=LINE('',#190,#3134);
#3132=VECTOR('',#3135,1.0);
#3133=VECTOR('',#3136,1.0);
#3134=VECTOR('',#3137,1.0);
#3135=DIRECTION('',(-3.521258807768453E-07,-0.9999999999999379,0));
#3136=DIRECTION('',(-0.5198195587402705,0.854276083213776,0));
#3137=DIRECTION('',(0.17613157074271346,0.9843666338248694,0));
#3138=FACE_SURFACE('',(#3143),#3139,.T.);
#3139=PLANE('',#3140);
#3140=AXIS2_PLACEMENT_3D('',#178,#3141,#3142);
#3141=DIRECTION('',(-0,0,-1));
#3142=DIRECTION('',(-0.99999999999883,-1.5296472403998652E-06,0));
#3143=FACE_BOUND('',#3144,.T.);
#3144=EDGE_LOOP('',(#3145,#3146,#3147));
#3145=ORIENTED_EDGE('',*,*,#3148,.T.);
#3146=ORIENTED_EDGE('',*,*,#3149,.T.);
#3147=ORIENTED_EDGE('',*,*,#3150,.T.);
#3148=EDGE_CURVE('',#179,#65,#3151,.F.);
#3149=EDGE_CURVE('',#65,#77,#3152,.T.);
#3150=EDGE_CURVE('',#77,#179,#3153,.T.);
#3151=LINE('',#178,#3154);
#3152=LINE('',#64,#3155);
#3153=LINE('',#76,#3156);
#3154=VECTOR('',#3157,1.0);
#3155=VECTOR('',#3158,1.0);
#3156=VECTOR('',#3159,1.0);
#3157=DIRECTION('',(-0.99999999999883,-1.5296472403998652E-06,0));
#3158=DIRECTION('',(3.084605088163908E-07,0.9999999999999525,0));
#3159=DIRECTION('',(0.13323755035252433,-0.991084131230068,0));
#3160=FACE_SURFACE('',(#3165),#3161,.T.);
#3161=PLANE('',#3162);
#3162=AXIS2_PLACEMENT_3D('',#178,#3163,#3164);
#3163=DIRECTION('',(0,0,-1));
#3164=DIRECTION('',(-0.13323755035252433,0.991084131230068,0));
#3165=FACE_BOUND('',#3166,.T.);
#3166=EDGE_LOOP('',(#3167,#3168,#3169));
#3167=ORIENTED_EDGE('',*,*,#3170,.T.);
#3168=ORIENTED_EDGE('',*,*,#3171,.T.);
#3169=ORIENTED_EDGE('',*,*,#3172,.T.);
#3170=EDGE_CURVE('',#179,#77,#3173,.F.);
#3171=EDGE_CURVE('',#77,#177,#3174,.T.);
#3172=EDGE_CURVE('',#177,#179,#3175,.T.);
#3173=LINE('',#178,#3176);
#3174=LINE('',#76,#3177);
#3175=LINE('',#176,#3178);
#3176=VECTOR('',#3179,1.0);
#3177=VECTOR('',#3180,1.0);
#3178=VECTOR('',#3181,1.0);
#3179=DIRECTION('',(-0.13323755035252433,0.991084131230068,0));
#3180=DIRECTION('',(0.9999999999999268,3.824118101003857E-07,0));
#3181=DIRECTION('',(-3.0846055639034084E-07,-0.9999999999999525,0));
#3182=FACE_SURFACE('',(#3187),#3183,.T.);
#3183=PLANE('',#3184);
#3184=AXIS2_PLACEMENT_3D('',#180,#3185,#3186);
#3185=DIRECTION('',(0,0,-1));
#3186=DIRECTION('',(-3.084605088163908E-07,-0.9999999999999525,0));
#3187=FACE_BOUND('',#3188,.T.);
#3188=EDGE_LOOP('',(#3189,#3190,#3191));
#3189=ORIENTED_EDGE('',*,*,#3192,.T.);
#3190=ORIENTED_EDGE('',*,*,#3193,.T.);
#3191=ORIENTED_EDGE('',*,*,#3194,.T.);
#3192=EDGE_CURVE('',#181,#187,#3195,.F.);
#3193=EDGE_CURVE('',#187,#185,#3196,.T.);
#3194=EDGE_CURVE('',#185,#181,#3197,.T.);
#3195=LINE('',#180,#3198);
#3196=LINE('',#186,#3199);
#3197=LINE('',#184,#3200);
#3198=VECTOR('',#3201,1.0);
#3199=VECTOR('',#3202,1.0);
#3200=VECTOR('',#3203,1.0);
#3201=DIRECTION('',(-3.084605088163908E-07,-0.9999999999999525,0));
#3202=DIRECTION('',(-0.9999999999993905,1.1041841955900985E-06,0));
#3203=DIRECTION('',(0.0927178758558784,0.9956924201262024,0));
#3204=FACE_SURFACE('',(#3209),#3205,.T.);
#3205=PLANE('',#3206);
#3206=AXIS2_PLACEMENT_3D('',#180,#3207,#3208);
#3207=DIRECTION('',(-0,0,-1));
#3208=DIRECTION('',(-0.0927178758558784,-0.9956924201262024,0));
#3209=FACE_BOUND('',#3210,.T.);
#3210=EDGE_LOOP('',(#3211,#3212,#3213));
#3211=ORIENTED_EDGE('',*,*,#3214,.T.);
#3212=ORIENTED_EDGE('',*,*,#3215,.T.);
#3213=ORIENTED_EDGE('',*,*,#3216,.T.);
#3214=EDGE_CURVE('',#181,#185,#3217,.F.);
#3215=EDGE_CURVE('',#185,#183,#3218,.T.);
#3216=EDGE_CURVE('',#183,#181,#3219,.T.);
#3217=LINE('',#180,#3220);
#3218=LINE('',#184,#3221);
#3219=LINE('',#182,#3222);
#3220=VECTOR('',#3223,1.0);
#3221=VECTOR('',#3224,1.0);
#3222=VECTOR('',#3225,1.0);
#3223=DIRECTION('',(-0.0927178758558784,-0.9956924201262024,0));
#3224=DIRECTION('',(3.0846054053235586E-07,0.9999999999999525,0));
#3225=DIRECTION('',(1,0,0));
#3226=FACE_SURFACE('',(#3231),#3227,.T.);
#3227=PLANE('',#3228);
#3228=AXIS2_PLACEMENT_3D('',#50,#3229,#3230);
#3229=DIRECTION('',(0,0,-1));
#3230=DIRECTION('',(-0.9999999999999393,3.48591609286651E-07,0));
#3231=FACE_BOUND('',#3232,.T.);
#3232=EDGE_LOOP('',(#3233,#3234,#3235));
#3233=ORIENTED_EDGE('',*,*,#3236,.T.);
#3234=ORIENTED_EDGE('',*,*,#3237,.T.);
#3235=ORIENTED_EDGE('',*,*,#3238,.T.);
#3236=EDGE_CURVE('',#51,#53,#3239,.F.);
#3237=EDGE_CURVE('',#53,#67,#3240,.T.);
#3238=EDGE_CURVE('',#67,#51,#3241,.T.);
#3239=LINE('',#50,#3242);
#3240=LINE('',#52,#3243);
#3241=LINE('',#66,#3244);
#3242=VECTOR('',#3245,1.0);
#3243=VECTOR('',#3246,1.0);
#3244=VECTOR('',#3247,1.0);
#3245=DIRECTION('',(-0.9999999999999393,3.48591609286651E-07,0));
#3246=DIRECTION('',(0.8726659529944294,0.48831765735464083,0));
#3247=DIRECTION('',(0.9720462063436632,-0.2347896350627355,0));
#3248=FACE_SURFACE('',(#3253),#3249,.T.);
#3249=PLANE('',#3250);
#3250=AXIS2_PLACEMENT_3D('',#50,#3251,#3252);
#3251=DIRECTION('',(0,0,-1));
#3252=DIRECTION('',(-0.9720462063436632,0.2347896350627355,0));
#3253=FACE_BOUND('',#3254,.T.);
#3254=EDGE_LOOP('',(#3255,#3256,#3257));
#3255=ORIENTED_EDGE('',*,*,#3258,.T.);
#3256=ORIENTED_EDGE('',*,*,#3259,.T.);
#3257=ORIENTED_EDGE('',*,*,#3260,.T.);
#3258=EDGE_CURVE('',#51,#67,#3261,.F.);
#3259=EDGE_CURVE('',#67,#65,#3262,.T.);
#3260=EDGE_CURVE('',#65,#51,#3263,.T.);
#3261=LINE('',#50,#3264);
#3262=LINE('',#66,#3265);
#3263=LINE('',#64,#3266);
#3264=VECTOR('',#3267,1.0);
#3265=VECTOR('',#3268,1.0);
#3266=VECTOR('',#3269,1.0);
#3267=DIRECTION('',(-0.9720462063436632,0.2347896350627355,0));
#3268=DIRECTION('',(0.9999999999999154,-4.1128056213001187E-07,0));
#3269=DIRECTION('',(0.8521203660651856,-0.5233458528897827,0));
#3270=FACE_SURFACE('',(#3275),#3271,.T.);
#3271=PLANE('',#3272);
#3272=AXIS2_PLACEMENT_3D('',#60,#3273,#3274);
#3273=DIRECTION('',(0,0,-1));
#3274=DIRECTION('',(0.8953566390412943,-0.4453498500332939,0));
#3275=FACE_BOUND('',#3276,.T.);
#3276=EDGE_LOOP('',(#3277,#3278,#3279));
#3277=ORIENTED_EDGE('',*,*,#3280,.T.);
#3278=ORIENTED_EDGE('',*,*,#3281,.T.);
#3279=ORIENTED_EDGE('',*,*,#3282,.T.);
#3280=EDGE_CURVE('',#61,#81,#3283,.F.);
#3281=EDGE_CURVE('',#81,#193,#3284,.T.);
#3282=EDGE_CURVE('',#193,#61,#3285,.T.);
#3283=LINE('',#60,#3286);
#3284=LINE('',#80,#3287);
#3285=LINE('',#192,#3288);
#3286=VECTOR('',#3289,1.0);
#3287=VECTOR('',#3290,1.0);
#3288=VECTOR('',#3291,1.0);
#3289=DIRECTION('',(0.8953566390412943,-0.4453498500332939,0));
#3290=DIRECTION('',(-0.9999999999997898,-6.483810249994909E-07,0));
#3291=DIRECTION('',(-0.8422459591559707,0.539093446709788,0));
#3292=FACE_SURFACE('',(#3297),#3293,.T.);
#3293=PLANE('',#3294);
#3294=AXIS2_PLACEMENT_3D('',#60,#3295,#3296);
#3295=DIRECTION('',(0,0,-1));
#3296=DIRECTION('',(0.8422459591559707,-0.539093446709788,0));
#3297=FACE_BOUND('',#3298,.T.);
#3298=EDGE_LOOP('',(#3299,#3300,#3301));
#3299=ORIENTED_EDGE('',*,*,#3302,.T.);
#3300=ORIENTED_EDGE('',*,*,#3303,.T.);
#3301=ORIENTED_EDGE('',*,*,#3304,.T.);
#3302=EDGE_CURVE('',#61,#193,#3305,.F.);
#3303=EDGE_CURVE('',#193,#195,#3306,.T.);
#3304=EDGE_CURVE('',#195,#61,#3307,.T.);
#3305=LINE('',#60,#3308);
#3306=LINE('',#192,#3309);
#3307=LINE('',#194,#3310);
#3308=VECTOR('',#3311,1.0);
#3309=VECTOR('',#3312,1.0);
#3310=VECTOR('',#3313,1.0);
#3311=DIRECTION('',(0.8422459591559707,-0.539093446709788,0));
#3312=DIRECTION('',(-0.9999999999979463,2.0266175954951257E-06,0));
#3313=DIRECTION('',(-0.8304447617198664,0.5571009762440147,0));
#3314=FACE_SURFACE('',(#3319),#3315,.T.);
#3315=PLANE('',#3316);
#3316=AXIS2_PLACEMENT_3D('',#196,#3317,#3318);
#3317=DIRECTION('',(0,-0,-1));
#3318=DIRECTION('',(1,0,0));
#3319=FACE_BOUND('',#3320,.T.);
#3320=EDGE_LOOP('',(#3321,#3322,#3323));
#3321=ORIENTED_EDGE('',*,*,#3324,.T.);
#3322=ORIENTED_EDGE('',*,*,#3325,.T.);
#3323=ORIENTED_EDGE('',*,*,#3326,.T.);
#3324=EDGE_CURVE('',#197,#67,#3327,.F.);
#3325=EDGE_CURVE('',#67,#53,#3328,.T.);
#3326=EDGE_CURVE('',#53,#197,#3329,.T.);
#3327=LINE('',#196,#3330);
#3328=LINE('',#66,#3331);
#3329=LINE('',#52,#3332);
#3330=VECTOR('',#3333,1.0);
#3331=VECTOR('',#3334,1.0);
#3332=VECTOR('',#3335,1.0);
#3333=DIRECTION('',(1,0,0));
#3334=DIRECTION('',(-0.8726659529944294,-0.48831765735464083,0));
#3335=DIRECTION('',(0.8115078709773517,0.5843414886364017,0));
#3336=FACE_SURFACE('',(#3341),#3337,.T.);
#3337=PLANE('',#3338);
#3338=AXIS2_PLACEMENT_3D('',#198,#3339,#3340);
#3339=DIRECTION('',(0,-0,-1));
#3340=DIRECTION('',(1,0,0));
#3341=FACE_BOUND('',#3342,.T.);
#3342=EDGE_LOOP('',(#3343,#3344,#3345));
#3343=ORIENTED_EDGE('',*,*,#3346,.T.);
#3344=ORIENTED_EDGE('',*,*,#3347,.T.);
#3345=ORIENTED_EDGE('',*,*,#3348,.T.);
#3346=EDGE_CURVE('',#199,#197,#3349,.F.);
#3347=EDGE_CURVE('',#197,#53,#3350,.T.);
#3348=EDGE_CURVE('',#53,#199,#3351,.T.);
#3349=LINE('',#198,#3352);
#3350=LINE('',#196,#3353);
#3351=LINE('',#52,#3354);
#3352=VECTOR('',#3355,1.0);
#3353=VECTOR('',#3356,1.0);
#3354=VECTOR('',#3357,1.0);
#3355=DIRECTION('',(1,0,0));
#3356=DIRECTION('',(-0.8115078709773517,-0.5843414886364017,0));
#3357=DIRECTION('',(0.7981971745562566,0.6023962736690931,0));
#3358=FACE_SURFACE('',(#3363),#3359,.T.);
#3359=PLANE('',#3360);
#3360=AXIS2_PLACEMENT_3D('',#60,#3361,#3362);
#3361=DIRECTION('',(0,0,-1));
#3362=DIRECTION('',(0.8304447617198664,-0.5571009762440147,0));
#3363=FACE_BOUND('',#3364,.T.);
#3364=EDGE_LOOP('',(#3365,#3366,#3367));
#3365=ORIENTED_EDGE('',*,*,#3368,.T.);
#3366=ORIENTED_EDGE('',*,*,#3369,.T.);
#3367=ORIENTED_EDGE('',*,*,#3370,.T.);
#3368=EDGE_CURVE('',#61,#195,#3371,.F.);
#3369=EDGE_CURVE('',#195,#201,#3372,.T.);
#3370=EDGE_CURVE('',#201,#61,#3373,.T.);
#3371=LINE('',#60,#3374);
#3372=LINE('',#194,#3375);
#3373=LINE('',#200,#3376);
#3374=VECTOR('',#3377,1.0);
#3375=VECTOR('',#3378,1.0);
#3376=VECTOR('',#3379,1.0);
#3377=DIRECTION('',(0.8304447617198664,-0.5571009762440147,0));
#3378=DIRECTION('',(-1,0,0));
#3379=DIRECTION('',(-0.7752965749562983,0.6315973565975661,0));
#3380=FACE_SURFACE('',(#3385),#3381,.T.);
#3381=PLANE('',#3382);
#3382=AXIS2_PLACEMENT_3D('',#200,#3383,#3384);
#3383=DIRECTION('',(0,0,-1));
#3384=DIRECTION('',(-1,0,0));
#3385=FACE_BOUND('',#3386,.T.);
#3386=EDGE_LOOP('',(#3387,#3388,#3389));
#3387=ORIENTED_EDGE('',*,*,#3390,.T.);
#3388=ORIENTED_EDGE('',*,*,#3391,.T.);
#3389=ORIENTED_EDGE('',*,*,#3392,.T.);
#3390=EDGE_CURVE('',#201,#203,#3393,.F.);
#3391=EDGE_CURVE('',#203,#205,#3394,.T.);
#3392=EDGE_CURVE('',#205,#201,#3395,.T.);
#3393=LINE('',#200,#3396);
#3394=LINE('',#202,#3397);
#3395=LINE('',#204,#3398);
#3396=VECTOR('',#3399,1.0);
#3397=VECTOR('',#3400,1.0);
#3398=VECTOR('',#3401,1.0);
#3399=DIRECTION('',(-1,0,0));
#3400=DIRECTION('',(-0.999999999999495,1.0050160350303313E-06,0));
#3401=DIRECTION('',(0.9999999999996758,-8.053309688813476E-07,0));
#3402=FACE_SURFACE('',(#3407),#3403,.T.);
#3403=PLANE('',#3404);
#3404=AXIS2_PLACEMENT_3D('',#60,#3405,#3406);
#3405=DIRECTION('',(0,0,-1));
#3406=DIRECTION('',(0.7752965749562983,-0.6315973565975661,0));
#3407=FACE_BOUND('',#3408,.T.);
#3408=EDGE_LOOP('',(#3409,#3410,#3411));
#3409=ORIENTED_EDGE('',*,*,#3412,.T.);
#3410=ORIENTED_EDGE('',*,*,#3413,.T.);
#3411=ORIENTED_EDGE('',*,*,#3414,.T.);
#3412=EDGE_CURVE('',#61,#201,#3415,.F.);
#3413=EDGE_CURVE('',#201,#205,#3416,.T.);
#3414=EDGE_CURVE('',#205,#61,#3417,.T.);
#3415=LINE('',#60,#3418);
#3416=LINE('',#200,#3419);
#3417=LINE('',#204,#3420);
#3418=VECTOR('',#3421,1.0);
#3419=VECTOR('',#3422,1.0);
#3420=VECTOR('',#3423,1.0);
#3421=DIRECTION('',(0.7752965749562983,-0.6315973565975661,0));
#3422=DIRECTION('',(-0.9999999999996758,8.053309688813476E-07,0));
#3423=DIRECTION('',(-0.654958721986335,0.7556646561101207,0));
#3424=FACE_SURFACE('',(#3429),#3425,.T.);
#3425=PLANE('',#3426);
#3426=AXIS2_PLACEMENT_3D('',#206,#3427,#3428);
#3427=DIRECTION('',(0,-0,-1));
#3428=DIRECTION('',(1,0,0));
#3429=FACE_BOUND('',#3430,.T.);
#3430=EDGE_LOOP('',(#3431,#3432,#3433));
#3431=ORIENTED_EDGE('',*,*,#3434,.T.);
#3432=ORIENTED_EDGE('',*,*,#3435,.T.);
#3433=ORIENTED_EDGE('',*,*,#3436,.T.);
#3434=EDGE_CURVE('',#207,#199,#3437,.F.);
#3435=EDGE_CURVE('',#199,#53,#3438,.T.);
#3436=EDGE_CURVE('',#53,#207,#3439,.T.);
#3437=LINE('',#206,#3440);
#3438=LINE('',#198,#3441);
#3439=LINE('',#52,#3442);
#3440=VECTOR('',#3443,1.0);
#3441=VECTOR('',#3444,1.0);
#3442=VECTOR('',#3445,1.0);
#3443=DIRECTION('',(1,0,0));
#3444=DIRECTION('',(-0.7981971745562566,-0.6023962736690931,0));
#3445=DIRECTION('',(0.7372239914975748,0.6756484191947641,0));
#3446=FACE_SURFACE('',(#3451),#3447,.T.);
#3447=PLANE('',#3448);
#3448=AXIS2_PLACEMENT_3D('',#208,#3449,#3450);
#3449=DIRECTION('',(NaN,NaN,NaN));
#3450=DIRECTION('',(1,0,0));
#3451=FACE_BOUND('',#3452,.T.);
#3452=EDGE_LOOP('',(#3453,#3454,#3455));
#3453=ORIENTED_EDGE('',*,*,#3456,.T.);
#3454=ORIENTED_EDGE('',*,*,#3457,.T.);
#3455=ORIENTED_EDGE('',*,*,#3458,.T.);
#3456=EDGE_CURVE('',#209,#211,#3459,.F.);
#3457=EDGE_CURVE('',#211,#207,#3460,.T.);
#3458=EDGE_CURVE('',#207,#209,#3461,.T.);
#3459=LINE('',#208,#3462);
#3460=LINE('',#210,#3463);
#3461=LINE('',#206,#3464);
#3462=VECTOR('',#3465,1.0);
#3463=VECTOR('',#3466,1.0);
#3464=VECTOR('',#3467,1.0);
#3465=DIRECTION('',(1,0,0));
#3466=DIRECTION('',(1,0,0));
#3467=DIRECTION('',(-1,0,0));
#3468=FACE_SURFACE('',(#3473),#3469,.T.);
#3469=PLANE('',#3470);
#3470=AXIS2_PLACEMENT_3D('',#208,#3471,#3472);
#3471=DIRECTION('',(0,-0,-1));
#3472=DIRECTION('',(1,0,0));
#3473=FACE_BOUND('',#3474,.T.);
#3474=EDGE_LOOP('',(#3475,#3476,#3477));
#3475=ORIENTED_EDGE('',*,*,#3478,.T.);
#3476=ORIENTED_EDGE('',*,*,#3479,.T.);
#3477=ORIENTED_EDGE('',*,*,#3480,.T.);
#3478=EDGE_CURVE('',#209,#207,#3481,.F.);
#3479=EDGE_CURVE('',#207,#53,#3482,.T.);
#3480=EDGE_CURVE('',#53,#209,#3483,.T.);
#3481=LINE('',#208,#3484);
#3482=LINE('',#206,#3485);
#3483=LINE('',#52,#3486);
#3484=VECTOR('',#3487,1.0);
#3485=VECTOR('',#3488,1.0);
#3486=VECTOR('',#3489,1.0);
#3487=DIRECTION('',(1,0,0));
#3488=DIRECTION('',(-0.7372239914975748,-0.6756484191947641,0));
#3489=DIRECTION('',(0.6103098635105897,0.7921627803057181,0));
#3490=FACE_SURFACE('',(#3495),#3491,.T.);
#3491=PLANE('',#3492);
#3492=AXIS2_PLACEMENT_3D('',#60,#3493,#3494);
#3493=DIRECTION('',(0,0,-1));
#3494=DIRECTION('',(0.654958721986335,-0.7556646561101207,0));
#3495=FACE_BOUND('',#3496,.T.);
#3496=EDGE_LOOP('',(#3497,#3498,#3499));
#3497=ORIENTED_EDGE('',*,*,#3500,.T.);
#3498=ORIENTED_EDGE('',*,*,#3501,.T.);
#3499=ORIENTED_EDGE('',*,*,#3502,.T.);
#3500=EDGE_CURVE('',#61,#205,#3503,.F.);
#3501=EDGE_CURVE('',#205,#213,#3504,.T.);
#3502=EDGE_CURVE('',#213,#61,#3505,.T.);
#3503=LINE('',#60,#3506);
#3504=LINE('',#204,#3507);
#3505=LINE('',#212,#3508);
#3506=VECTOR('',#3509,1.0);
#3507=VECTOR('',#3510,1.0);
#3508=VECTOR('',#3511,1.0);
#3509=DIRECTION('',(0.654958721986335,-0.7556646561101207,0));
#3510=DIRECTION('',(-1,0,0));
#3511=DIRECTION('',(-0.6223286076521297,0.7827560948965916,0));
#3512=FACE_SURFACE('',(#3517),#3513,.T.);
#3513=PLANE('',#3514);
#3514=AXIS2_PLACEMENT_3D('',#214,#3515,#3516);
#3515=DIRECTION('',(0,-0,-1));
#3516=DIRECTION('',(1,0,0));
#3517=FACE_BOUND('',#3518,.T.);
#3518=EDGE_LOOP('',(#3519,#3520,#3521));
#3519=ORIENTED_EDGE('',*,*,#3522,.T.);
#3520=ORIENTED_EDGE('',*,*,#3523,.T.);
#3521=ORIENTED_EDGE('',*,*,#3524,.T.);
#3522=EDGE_CURVE('',#215,#209,#3525,.F.);
#3523=EDGE_CURVE('',#209,#53,#3526,.T.);
#3524=EDGE_CURVE('',#53,#215,#3527,.T.);
#3525=LINE('',#214,#3528);
#3526=LINE('',#208,#3529);
#3527=LINE('',#52,#3530);
#3528=VECTOR('',#3531,1.0);
#3529=VECTOR('',#3532,1.0);
#3530=VECTOR('',#3533,1.0);
#3531=DIRECTION('',(1,0,0));
#3532=DIRECTION('',(-0.6103098635105897,-0.7921627803057181,0));
#3533=DIRECTION('',(0.5771371048678269,0.8166472691344673,0));
#3534=FACE_SURFACE('',(#3539),#3535,.T.);
#3535=PLANE('',#3536);
#3536=AXIS2_PLACEMENT_3D('',#60,#3537,#3538);
#3537=DIRECTION('',(0,0,-1));
#3538=DIRECTION('',(0.6223286076521297,-0.7827560948965916,0));
#3539=FACE_BOUND('',#3540,.T.);
#3540=EDGE_LOOP('',(#3541,#3542,#3543));
#3541=ORIENTED_EDGE('',*,*,#3544,.T.);
#3542=ORIENTED_EDGE('',*,*,#3545,.T.);
#3543=ORIENTED_EDGE('',*,*,#3546,.T.);
#3544=EDGE_CURVE('',#61,#213,#3547,.F.);
#3545=EDGE_CURVE('',#213,#215,#3548,.T.);
#3546=EDGE_CURVE('',#215,#61,#3549,.T.);
#3547=LINE('',#60,#3550);
#3548=LINE('',#212,#3551);
#3549=LINE('',#214,#3552);
#3550=VECTOR('',#3553,1.0);
#3551=VECTOR('',#3554,1.0);
#3552=VECTOR('',#3555,1.0);
#3553=DIRECTION('',(0.6223286076521297,-0.7827560948965916,0));
#3554=DIRECTION('',(-3.084605088163908E-07,-0.9999999999999525,0));
#3555=DIRECTION('',(-0.2034637650028375,0.9790824767765329,0));
#3556=FACE_SURFACE('',(#3561),#3557,.T.);
#3557=PLANE('',#3558);
#3558=AXIS2_PLACEMENT_3D('',#52,#3559,#3560);
#3559=DIRECTION('',(0,0,-1));
#3560=DIRECTION('',(3.521258807768453E-07,0.9999999999999379,0));
#3561=FACE_BOUND('',#3562,.T.);
#3562=EDGE_LOOP('',(#3563,#3564,#3565));
#3563=ORIENTED_EDGE('',*,*,#3566,.T.);
#3564=ORIENTED_EDGE('',*,*,#3567,.T.);
#3565=ORIENTED_EDGE('',*,*,#3568,.T.);
#3566=EDGE_CURVE('',#53,#61,#3569,.F.);
#3567=EDGE_CURVE('',#61,#215,#3570,.T.);
#3568=EDGE_CURVE('',#215,#53,#3571,.T.);
#3569=LINE('',#52,#3572);
#3570=LINE('',#60,#3573);
#3571=LINE('',#214,#3574);
#3572=VECTOR('',#3575,1.0);
#3573=VECTOR('',#3576,1.0);
#3574=VECTOR('',#3577,1.0);
#3575=DIRECTION('',(3.521258807768453E-07,0.9999999999999379,0));
#3576=DIRECTION('',(0.2034637650028375,-0.9790824767765329,0));
#3577=DIRECTION('',(-0.5771371048678269,-0.8166472691344673,0));
#3578=FACE_SURFACE('',(#3583),#3579,.T.);
#3579=PLANE('',#3580);
#3580=AXIS2_PLACEMENT_3D('',#80,#3581,#3582);
#3581=DIRECTION('',(0,0,-1));
#3582=DIRECTION('',(-4.6269078701153115E-07,-0.999999999999893,0));
#3583=FACE_BOUND('',#3584,.T.);
#3584=EDGE_LOOP('',(#3585,#3586,#3587));
#3585=ORIENTED_EDGE('',*,*,#3588,.T.);
#3586=ORIENTED_EDGE('',*,*,#3589,.T.);
#3587=ORIENTED_EDGE('',*,*,#3590,.T.);
#3588=EDGE_CURVE('',#81,#67,#3591,.F.);
#3589=EDGE_CURVE('',#67,#197,#3592,.T.);
#3590=EDGE_CURVE('',#197,#81,#3593,.T.);
#3591=LINE('',#80,#3594);
#3592=LINE('',#66,#3595);
#3593=LINE('',#196,#3596);
#3594=VECTOR('',#3597,1.0);
#3595=VECTOR('',#3598,1.0);
#3596=VECTOR('',#3599,1.0);
#3597=DIRECTION('',(-4.6269078701153115E-07,-0.999999999999893,0));
#3598=DIRECTION('',(-1,0,0));
#3599=DIRECTION('',(0.15662304808444677,0.9876584535196047,0));
#3600=FACE_SURFACE('',(#3605),#3601,.T.);
#3601=PLANE('',#3602);
#3602=AXIS2_PLACEMENT_3D('',#80,#3603,#3604);
#3603=DIRECTION('',(0,0,-1));
#3604=DIRECTION('',(-0.15662304808444677,-0.9876584535196047,0));
#3605=FACE_BOUND('',#3606,.T.);
#3606=EDGE_LOOP('',(#3607,#3608,#3609));
#3607=ORIENTED_EDGE('',*,*,#3610,.T.);
#3608=ORIENTED_EDGE('',*,*,#3611,.T.);
#3609=ORIENTED_EDGE('',*,*,#3612,.T.);
#3610=EDGE_CURVE('',#81,#197,#3613,.F.);
#3611=EDGE_CURVE('',#197,#193,#3614,.T.);
#3612=EDGE_CURVE('',#193,#81,#3615,.T.);
#3613=LINE('',#80,#3616);
#3614=LINE('',#196,#3617);
#3615=LINE('',#192,#3618);
#3616=VECTOR('',#3619,1.0);
#3617=VECTOR('',#3620,1.0);
#3618=VECTOR('',#3621,1.0);
#3619=DIRECTION('',(-0.15662304808444677,-0.9876584535196047,0));
#3620=DIRECTION('',(3.0846055639034084E-07,0.9999999999999525,0));
#3621=DIRECTION('',(0.9999999999997898,6.483810249994909E-07,0));
#3622=FACE_SURFACE('',(#3627),#3623,.T.);
#3623=PLANE('',#3624);
#3624=AXIS2_PLACEMENT_3D('',#200,#3625,#3626);
#3625=DIRECTION('',(0,0,-1));
#3626=DIRECTION('',(1,0,0));
#3627=FACE_BOUND('',#3628,.T.);
#3628=EDGE_LOOP('',(#3629,#3630,#3631));
#3629=ORIENTED_EDGE('',*,*,#3632,.T.);
#3630=ORIENTED_EDGE('',*,*,#3633,.T.);
#3631=ORIENTED_EDGE('',*,*,#3634,.T.);
#3632=EDGE_CURVE('',#201,#195,#3635,.F.);
#3633=EDGE_CURVE('',#195,#199,#3636,.T.);
#3634=EDGE_CURVE('',#199,#201,#3637,.T.);
#3635=LINE('',#200,#3638);
#3636=LINE('',#194,#3639);
#3637=LINE('',#198,#3640);
#3638=VECTOR('',#3641,1.0);
#3639=VECTOR('',#3642,1.0);
#3640=VECTOR('',#3643,1.0);
#3641=DIRECTION('',(1,0,0));
#3642=DIRECTION('',(-3.0846054053235586E-07,-0.9999999999999525,0));
#3643=DIRECTION('',(-0.09271721612416615,0.9956924815595347,0));
#3644=FACE_SURFACE('',(#3649),#3645,.T.);
#3645=PLANE('',#3646);
#3646=AXIS2_PLACEMENT_3D('',#200,#3647,#3648);
#3647=DIRECTION('',(0,-0,-1));
#3648=DIRECTION('',(0.09271721612416615,-0.9956924815595347,0));
#3649=FACE_BOUND('',#3650,.T.);
#3650=EDGE_LOOP('',(#3651,#3652,#3653));
#3651=ORIENTED_EDGE('',*,*,#3654,.T.);
#3652=ORIENTED_EDGE('',*,*,#3655,.T.);
#3653=ORIENTED_EDGE('',*,*,#3656,.T.);
#3654=EDGE_CURVE('',#201,#199,#3657,.F.);
#3655=EDGE_CURVE('',#199,#207,#3658,.T.);
#3656=EDGE_CURVE('',#207,#201,#3659,.T.);
#3657=LINE('',#200,#3660);
#3658=LINE('',#198,#3661);
#3659=LINE('',#206,#3662);
#3660=VECTOR('',#3663,1.0);
#3661=VECTOR('',#3664,1.0);
#3662=VECTOR('',#3665,1.0);
#3663=DIRECTION('',(0.09271721612416615,-0.9956924815595347,0));
#3664=DIRECTION('',(-1,0,0));
#3665=DIRECTION('',(3.0846054053235586E-07,0.9999999999999525,0));
#3666=FACE_SURFACE('',(#3671),#3667,.T.);
#3667=PLANE('',#3668);
#3668=AXIS2_PLACEMENT_3D('',#210,#3669,#3670);
#3669=DIRECTION('',(0,0,-1));
#3670=DIRECTION('',(-1,0,0));
#3671=FACE_BOUND('',#3672,.T.);
#3672=EDGE_LOOP('',(#3673,#3674,#3675));
#3673=ORIENTED_EDGE('',*,*,#3676,.T.);
#3674=ORIENTED_EDGE('',*,*,#3677,.T.);
#3675=ORIENTED_EDGE('',*,*,#3678,.T.);
#3676=EDGE_CURVE('',#211,#209,#3679,.F.);
#3677=EDGE_CURVE('',#209,#205,#3680,.T.);
#3678=EDGE_CURVE('',#205,#211,#3681,.T.);
#3679=LINE('',#210,#3682);
#3680=LINE('',#208,#3683);
#3681=LINE('',#204,#3684);
#3682=VECTOR('',#3685,1.0);
#3683=VECTOR('',#3686,1.0);
#3684=VECTOR('',#3687,1.0);
#3685=DIRECTION('',(-1,0,0));
#3686=DIRECTION('',(3.084605088163908E-07,0.9999999999999525,0));
#3687=DIRECTION('',(0.10177544773270997,-0.9948073975593499,0));
#3688=FACE_SURFACE('',(#3693),#3689,.T.);
#3689=PLANE('',#3690);
#3690=AXIS2_PLACEMENT_3D('',#210,#3691,#3692);
#3691=DIRECTION('',(0,0,-1));
#3692=DIRECTION('',(-0.10177544773270997,0.9948073975593499,0));
#3693=FACE_BOUND('',#3694,.T.);
#3694=EDGE_LOOP('',(#3695,#3696,#3697));
#3695=ORIENTED_EDGE('',*,*,#3698,.T.);
#3696=ORIENTED_EDGE('',*,*,#3699,.T.);
#3697=ORIENTED_EDGE('',*,*,#3700,.T.);
#3698=EDGE_CURVE('',#211,#205,#3701,.F.);
#3699=EDGE_CURVE('',#205,#203,#3702,.T.);
#3700=EDGE_CURVE('',#203,#211,#3703,.T.);
#3701=LINE('',#210,#3704);
#3702=LINE('',#204,#3705);
#3703=LINE('',#202,#3706);
#3704=VECTOR('',#3707,1.0);
#3705=VECTOR('',#3708,1.0);
#3706=VECTOR('',#3709,1.0);
#3707=DIRECTION('',(-0.10177544773270997,0.9948073975593499,0));
#3708=DIRECTION('',(0.999999999999495,-1.0050160350303313E-06,0));
#3709=DIRECTION('',(-3.0846054053235586E-07,-0.9999999999999525,0));
#3710=FACE_SURFACE('',(#3715),#3711,.T.);
#3711=PLANE('',#3712);
#3712=AXIS2_PLACEMENT_3D('',#216,#3713,#3714);
#3713=DIRECTION('',(0,0,-1));
#3714=DIRECTION('',(5.518444019523415E-07,0.9999999999998478,0));
#3715=FACE_BOUND('',#3716,.T.);
#3716=EDGE_LOOP('',(#3717,#3718,#3719));
#3717=ORIENTED_EDGE('',*,*,#3720,.T.);
#3718=ORIENTED_EDGE('',*,*,#3721,.T.);
#3719=ORIENTED_EDGE('',*,*,#3722,.T.);
#3720=EDGE_CURVE('',#217,#219,#3723,.F.);
#3721=EDGE_CURVE('',#219,#221,#3724,.T.);
#3722=EDGE_CURVE('',#221,#217,#3725,.T.);
#3723=LINE('',#216,#3726);
#3724=LINE('',#218,#3727);
#3725=LINE('',#220,#3728);
#3726=VECTOR('',#3729,1.0);
#3727=VECTOR('',#3730,1.0);
#3728=VECTOR('',#3731,1.0);
#3729=DIRECTION('',(5.518444019523415E-07,0.9999999999998478,0));
#3730=DIRECTION('',(1,0,0));
#3731=DIRECTION('',(-0.5455675022274319,-0.8380668830787441,0));
#3732=FACE_SURFACE('',(#3737),#3733,.T.);
#3733=PLANE('',#3734);
#3734=AXIS2_PLACEMENT_3D('',#216,#3735,#3736);
#3735=DIRECTION('',(0,0,-1));
#3736=DIRECTION('',(0.5455675022274319,0.8380668830787441,0));
#3737=FACE_BOUND('',#3738,.T.);
#3738=EDGE_LOOP('',(#3739,#3740,#3741));
#3739=ORIENTED_EDGE('',*,*,#3742,.T.);
#3740=ORIENTED_EDGE('',*,*,#3743,.T.);
#3741=ORIENTED_EDGE('',*,*,#3744,.T.);
#3742=EDGE_CURVE('',#217,#221,#3745,.F.);
#3743=EDGE_CURVE('',#221,#223,#3746,.T.);
#3744=EDGE_CURVE('',#223,#217,#3747,.T.);
#3745=LINE('',#216,#3748);
#3746=LINE('',#220,#3749);
#3747=LINE('',#222,#3750);
#3748=VECTOR('',#3751,1.0);
#3749=VECTOR('',#3752,1.0);
#3750=VECTOR('',#3753,1.0);
#3751=DIRECTION('',(0.5455675022274319,0.8380668830787441,0));
#3752=DIRECTION('',(-5.518440974202656E-07,-0.9999999999998478,0));
#3753=DIRECTION('',(-0.9999999999996407,8.477097848594291E-07,0));
#3754=FACE_SURFACE('',(#3759),#3755,.T.);
#3755=PLANE('',#3756);
#3756=AXIS2_PLACEMENT_3D('',#224,#3757,#3758);
#3757=DIRECTION('',(-0,0,1));
#3758=DIRECTION('',(0.9999999999996407,-8.477097848594291E-07,0));
#3759=FACE_BOUND('',#3760,.T.);
#3760=EDGE_LOOP('',(#3761,#3762,#3763));
#3761=ORIENTED_EDGE('',*,*,#3764,.T.);
#3762=ORIENTED_EDGE('',*,*,#3765,.T.);
#3763=ORIENTED_EDGE('',*,*,#3766,.T.);
#3764=EDGE_CURVE('',#225,#227,#3767,.F.);
#3765=EDGE_CURVE('',#227,#229,#3768,.T.);
#3766=EDGE_CURVE('',#229,#225,#3769,.T.);
#3767=LINE('',#224,#3770);
#3768=LINE('',#226,#3771);
#3769=LINE('',#228,#3772);
#3770=VECTOR('',#3773,1.0);
#3771=VECTOR('',#3774,1.0);
#3772=VECTOR('',#3775,1.0);
#3773=DIRECTION('',(0.9999999999996407,-8.477097848594291E-07,0));
#3774=DIRECTION('',(5.518440974202656E-07,0.9999999999998478,0));
#3775=DIRECTION('',(-0.5455675022274319,-0.8380668830787441,0));
#3776=FACE_SURFACE('',(#3781),#3777,.T.);
#3777=PLANE('',#3778);
#3778=AXIS2_PLACEMENT_3D('',#224,#3779,#3780);
#3779=DIRECTION('',(0,0,1));
#3780=DIRECTION('',(0.5455675022274319,0.8380668830787441,0));
#3781=FACE_BOUND('',#3782,.T.);
#3782=EDGE_LOOP('',(#3783,#3784,#3785));
#3783=ORIENTED_EDGE('',*,*,#3786,.T.);
#3784=ORIENTED_EDGE('',*,*,#3787,.T.);
#3785=ORIENTED_EDGE('',*,*,#3788,.T.);
#3786=EDGE_CURVE('',#225,#229,#3789,.F.);
#3787=EDGE_CURVE('',#229,#231,#3790,.T.);
#3788=EDGE_CURVE('',#231,#225,#3791,.T.);
#3789=LINE('',#224,#3792);
#3790=LINE('',#228,#3793);
#3791=LINE('',#230,#3794);
#3792=VECTOR('',#3795,1.0);
#3793=VECTOR('',#3796,1.0);
#3794=VECTOR('',#3797,1.0);
#3795=DIRECTION('',(0.5455675022274319,0.8380668830787441,0));
#3796=DIRECTION('',(-1,0,0));
#3797=DIRECTION('',(-5.518444019523415E-07,-0.9999999999998478,0));
#3798=FACE_SURFACE('',(#3803),#3799,.T.);
#3799=PLANE('',#3800);
#3800=AXIS2_PLACEMENT_3D('',#220,#3801,#3802);
#3801=DIRECTION('',(-0,-1,0));
#3802=DIRECTION('',(-1,0,0));
#3803=FACE_BOUND('',#3804,.T.);
#3804=EDGE_LOOP('',(#3805,#3806,#3807));
#3805=ORIENTED_EDGE('',*,*,#3808,.T.);
#3806=ORIENTED_EDGE('',*,*,#3809,.T.);
#3807=ORIENTED_EDGE('',*,*,#3810,.T.);
#3808=EDGE_CURVE('',#221,#219,#3811,.F.);
#3809=EDGE_CURVE('',#219,#231,#3812,.T.);
#3810=EDGE_CURVE('',#231,#221,#3813,.T.);
#3811=LINE('',#220,#3814);
#3812=LINE('',#218,#3815);
#3813=LINE('',#230,#3816);
#3814=VECTOR('',#3817,1.0);
#3815=VECTOR('',#3818,1.0);
#3816=VECTOR('',#3819,1.0);
#3817=DIRECTION('',(-1,0,0));
#3818=DIRECTION('',(0,0,-1));
#3819=DIRECTION('',(0.83205051136466,0,0.5546998706848667));
#3820=FACE_SURFACE('',(#3825),#3821,.T.);
#3821=PLANE('',#3822);
#3822=AXIS2_PLACEMENT_3D('',#220,#3823,#3824);
#3823=DIRECTION('',(0,-1,-0));
#3824=DIRECTION('',(-0.83205051136466,0,-0.5546998706848667));
#3825=FACE_BOUND('',#3826,.T.);
#3826=EDGE_LOOP('',(#3827,#3828,#3829));
#3827=ORIENTED_EDGE('',*,*,#3830,.T.);
#3828=ORIENTED_EDGE('',*,*,#3831,.T.);
#3829=ORIENTED_EDGE('',*,*,#3832,.T.);
#3830=EDGE_CURVE('',#221,#231,#3833,.F.);
#3831=EDGE_CURVE('',#231,#229,#3834,.T.);
#3832=EDGE_CURVE('',#229,#221,#3835,.T.);
#3833=LINE('',#220,#3836);
#3834=LINE('',#230,#3837);
#3835=LINE('',#228,#3838);
#3836=VECTOR('',#3839,1.0);
#3837=VECTOR('',#3840,1.0);
#3838=VECTOR('',#3841,1.0);
#3839=DIRECTION('',(-0.83205051136466,0,-0.5546998706848667));
#3840=DIRECTION('',(1,0,0));
#3841=DIRECTION('',(0,0,1));
#3842=FACE_SURFACE('',(#3847),#3843,.T.);
#3843=PLANE('',#3844);
#3844=AXIS2_PLACEMENT_3D('',#216,#3845,#3846);
#3845=DIRECTION('',(8.47709784859429E-07,0.9999999999996406,0));
#3846=DIRECTION('',(0.9999999999996407,-8.477097848594291E-07,0));
#3847=FACE_BOUND('',#3848,.T.);
#3848=EDGE_LOOP('',(#3849,#3850,#3851));
#3849=ORIENTED_EDGE('',*,*,#3852,.T.);
#3850=ORIENTED_EDGE('',*,*,#3853,.T.);
#3851=ORIENTED_EDGE('',*,*,#3854,.T.);
#3852=EDGE_CURVE('',#217,#223,#3855,.F.);
#3853=EDGE_CURVE('',#223,#227,#3856,.T.);
#3854=EDGE_CURVE('',#227,#217,#3857,.T.);
#3855=LINE('',#216,#3858);
#3856=LINE('',#222,#3859);
#3857=LINE('',#226,#3860);
#3858=VECTOR('',#3861,1.0);
#3859=VECTOR('',#3862,1.0);
#3860=VECTOR('',#3863,1.0);
#3861=DIRECTION('',(0.9999999999996407,-8.477097848594291E-07,0));
#3862=DIRECTION('',(0,0,-1));
#3863=DIRECTION('',(-0.8320505113644531,7.053373599811919E-07,0.5546998706847287));
#3864=FACE_SURFACE('',(#3869),#3865,.T.);
#3865=PLANE('',#3866);
#3866=AXIS2_PLACEMENT_3D('',#216,#3867,#3868);
#3867=DIRECTION('',(8.47709784859429E-07,0.9999999999996406,0));
#3868=DIRECTION('',(0.8320505113644531,-7.053373599811919E-07,-0.5546998706847287));
#3869=FACE_BOUND('',#3870,.T.);
#3870=EDGE_LOOP('',(#3871,#3872,#3873));
#3871=ORIENTED_EDGE('',*,*,#3874,.T.);
#3872=ORIENTED_EDGE('',*,*,#3875,.T.);
#3873=ORIENTED_EDGE('',*,*,#3876,.T.);
#3874=EDGE_CURVE('',#217,#227,#3877,.F.);
#3875=EDGE_CURVE('',#227,#225,#3878,.T.);
#3876=EDGE_CURVE('',#225,#217,#3879,.T.);
#3877=LINE('',#216,#3880);
#3878=LINE('',#226,#3881);
#3879=LINE('',#224,#3882);
#3880=VECTOR('',#3883,1.0);
#3881=VECTOR('',#3884,1.0);
#3882=VECTOR('',#3885,1.0);
#3883=DIRECTION('',(0.8320505113644531,-7.053373599811919E-07,-0.5546998706847287));
#3884=DIRECTION('',(-0.9999999999996407,8.477097848594291E-07,0));
#3885=DIRECTION('',(0,0,1));
#3886=FACE_SURFACE('',(#3891),#3887,.T.);
#3887=PLANE('',#3888);
#3888=AXIS2_PLACEMENT_3D('',#222,#3889,#3890);
#3889=DIRECTION('',(-0.9999999999998477,5.518440974202655E-07,0));
#3890=DIRECTION('',(5.518440974202656E-07,0.9999999999998478,0));
#3891=FACE_BOUND('',#3892,.T.);
#3892=EDGE_LOOP('',(#3893,#3894,#3895));
#3893=ORIENTED_EDGE('',*,*,#3896,.T.);
#3894=ORIENTED_EDGE('',*,*,#3897,.T.);
#3895=ORIENTED_EDGE('',*,*,#3898,.T.);
#3896=EDGE_CURVE('',#223,#221,#3899,.F.);
#3897=EDGE_CURVE('',#221,#229,#3900,.T.);
#3898=EDGE_CURVE('',#229,#223,#3901,.T.);
#3899=LINE('',#222,#3902);
#3900=LINE('',#220,#3903);
#3901=LINE('',#228,#3904);
#3902=VECTOR('',#3905,1.0);
#3903=VECTOR('',#3906,1.0);
#3904=VECTOR('',#3907,1.0);
#3905=DIRECTION('',(5.518440974202656E-07,0.9999999999998478,0));
#3906=DIRECTION('',(0,0,-1));
#3907=DIRECTION('',(-5.06226698206588E-07,-0.9173364371803475,0.3981128747240035));
#3908=FACE_SURFACE('',(#3913),#3909,.T.);
#3909=PLANE('',#3910);
#3910=AXIS2_PLACEMENT_3D('',#222,#3911,#3912);
#3911=DIRECTION('',(-0.9999999999998477,5.518440974202655E-07,0));
#3912=DIRECTION('',(5.06226698206588E-07,0.9173364371803475,-0.3981128747240035));
#3913=FACE_BOUND('',#3914,.T.);
#3914=EDGE_LOOP('',(#3915,#3916,#3917));
#3915=ORIENTED_EDGE('',*,*,#3918,.T.);
#3916=ORIENTED_EDGE('',*,*,#3919,.T.);
#3917=ORIENTED_EDGE('',*,*,#3920,.T.);
#3918=EDGE_CURVE('',#223,#229,#3921,.F.);
#3919=EDGE_CURVE('',#229,#227,#3922,.T.);
#3920=EDGE_CURVE('',#227,#223,#3923,.T.);
#3921=LINE('',#222,#3924);
#3922=LINE('',#228,#3925);
#3923=LINE('',#226,#3926);
#3924=VECTOR('',#3927,1.0);
#3925=VECTOR('',#3928,1.0);
#3926=VECTOR('',#3929,1.0);
#3927=DIRECTION('',(5.06226698206588E-07,0.9173364371803475,-0.3981128747240035));
#3928=DIRECTION('',(-5.518440974202656E-07,-0.9999999999998478,0));
#3929=DIRECTION('',(0,0,1));
#3930=FACE_SURFACE('',(#3935),#3931,.T.);
#3931=PLANE('',#3932);
#3932=AXIS2_PLACEMENT_3D('',#218,#3933,#3934);
#3933=DIRECTION('',(0.9999999999998477,-5.518444019523415E-07,0));
#3934=DIRECTION('',(-5.518444019523415E-07,-0.9999999999998478,0));
#3935=FACE_BOUND('',#3936,.T.);
#3936=EDGE_LOOP('',(#3937,#3938,#3939));
#3937=ORIENTED_EDGE('',*,*,#3940,.T.);
#3938=ORIENTED_EDGE('',*,*,#3941,.T.);
#3939=ORIENTED_EDGE('',*,*,#3942,.T.);
#3940=EDGE_CURVE('',#219,#217,#3943,.F.);
#3941=EDGE_CURVE('',#217,#225,#3944,.T.);
#3942=EDGE_CURVE('',#225,#219,#3945,.T.);
#3943=LINE('',#218,#3946);
#3944=LINE('',#216,#3947);
#3945=LINE('',#224,#3948);
#3946=VECTOR('',#3949,1.0);
#3947=VECTOR('',#3950,1.0);
#3948=VECTOR('',#3951,1.0);
#3949=DIRECTION('',(-5.518444019523415E-07,-0.9999999999998478,0));
#3950=DIRECTION('',(0,0,-1));
#3951=DIRECTION('',(5.062269332883402E-07,0.9173363569464676,0.39811305959981597));
#3952=FACE_SURFACE('',(#3957),#3953,.T.);
#3953=PLANE('',#3954);
#3954=AXIS2_PLACEMENT_3D('',#218,#3955,#3956);
#3955=DIRECTION('',(0.9999999999998477,-5.518444019523415E-07,0));
#3956=DIRECTION('',(-5.062269332883402E-07,-0.9173363569464676,-0.39811305959981597));
#3957=FACE_BOUND('',#3958,.T.);
#3958=EDGE_LOOP('',(#3959,#3960,#3961));
#3959=ORIENTED_EDGE('',*,*,#3962,.T.);
#3960=ORIENTED_EDGE('',*,*,#3963,.T.);
#3961=ORIENTED_EDGE('',*,*,#3964,.T.);
#3962=EDGE_CURVE('',#219,#225,#3965,.F.);
#3963=EDGE_CURVE('',#225,#231,#3966,.T.);
#3964=EDGE_CURVE('',#231,#219,#3967,.T.);
#3965=LINE('',#218,#3968);
#3966=LINE('',#224,#3969);
#3967=LINE('',#230,#3970);
#3968=VECTOR('',#3971,1.0);
#3969=VECTOR('',#3972,1.0);
#3970=VECTOR('',#3973,1.0);
#3971=DIRECTION('',(-5.062269332883402E-07,-0.9173363569464676,-0.39811305959981597));
#3972=DIRECTION('',(5.518444019523415E-07,0.9999999999998478,0));
#3973=DIRECTION('',(0,0,1));
#3974=FACE_SURFACE('',(#3979),#3975,.T.);
#3975=PLANE('',#3976);
#3976=AXIS2_PLACEMENT_3D('',#232,#3977,#3978);
#3977=DIRECTION('',(0,0,-1));
#3978=DIRECTION('',(0,1,0));
#3979=FACE_BOUND('',#3980,.T.);
#3980=EDGE_LOOP('',(#3981,#3982,#3983));
#3981=ORIENTED_EDGE('',*,*,#3984,.T.);
#3982=ORIENTED_EDGE('',*,*,#3985,.T.);
#3983=ORIENTED_EDGE('',*,*,#3986,.T.);
#3984=EDGE_CURVE('',#233,#235,#3987,.F.);
#3985=EDGE_CURVE('',#235,#237,#3988,.T.);
#3986=EDGE_CURVE('',#237,#233,#3989,.T.);
#3987=LINE('',#232,#3990);
#3988=LINE('',#234,#3991);
#3989=LINE('',#236,#3992);
#3990=VECTOR('',#3993,1.0);
#3991=VECTOR('',#3994,1.0);
#3992=VECTOR('',#3995,1.0);
#3993=DIRECTION('',(0,1,0));
#3994=DIRECTION('',(1,0,0));
#3995=DIRECTION('',(-0.7071065564033913,-0.7071070059696324,0));
#3996=FACE_SURFACE('',(#4001),#3997,.T.);
#3997=PLANE('',#3998);
#3998=AXIS2_PLACEMENT_3D('',#232,#3999,#4000);
#3999=DIRECTION('',(0,0,-1));
#4000=DIRECTION('',(0.7071065564033913,0.7071070059696324,0));
#4001=FACE_BOUND('',#4002,.T.);
#4002=EDGE_LOOP('',(#4003,#4004,#4005));
#4003=ORIENTED_EDGE('',*,*,#4006,.T.);
#4004=ORIENTED_EDGE('',*,*,#4007,.T.);
#4005=ORIENTED_EDGE('',*,*,#4008,.T.);
#4006=EDGE_CURVE('',#233,#237,#4009,.F.);
#4007=EDGE_CURVE('',#237,#239,#4010,.T.);
#4008=EDGE_CURVE('',#239,#233,#4011,.T.);
#4009=LINE('',#232,#4012);
#4010=LINE('',#236,#4013);
#4011=LINE('',#238,#4014);
#4012=VECTOR('',#4015,1.0);
#4013=VECTOR('',#4016,1.0);
#4014=VECTOR('',#4017,1.0);
#4015=DIRECTION('',(0.7071065564033913,0.7071070059696324,0));
#4016=DIRECTION('',(0,-1,0));
#4017=DIRECTION('',(-1,0,0));
#4018=FACE_SURFACE('',(#4023),#4019,.T.);
#4019=PLANE('',#4020);
#4020=AXIS2_PLACEMENT_3D('',#240,#4021,#4022);
#4021=DIRECTION('',(0,0,1));
#4022=DIRECTION('',(1,0,0));
#4023=FACE_BOUND('',#4024,.T.);
#4024=EDGE_LOOP('',(#4025,#4026,#4027));
#4025=ORIENTED_EDGE('',*,*,#4028,.T.);
#4026=ORIENTED_EDGE('',*,*,#4029,.T.);
#4027=ORIENTED_EDGE('',*,*,#4030,.T.);
#4028=EDGE_CURVE('',#241,#243,#4031,.F.);
#4029=EDGE_CURVE('',#243,#245,#4032,.T.);
#4030=EDGE_CURVE('',#245,#241,#4033,.T.);
#4031=LINE('',#240,#4034);
#4032=LINE('',#242,#4035);
#4033=LINE('',#244,#4036);
#4034=VECTOR('',#4037,1.0);
#4035=VECTOR('',#4038,1.0);
#4036=VECTOR('',#4039,1.0);
#4037=DIRECTION('',(1,0,0));
#4038=DIRECTION('',(0,1,0));
#4039=DIRECTION('',(-0.7071065564033913,-0.7071070059696324,0));
#4040=FACE_SURFACE('',(#4045),#4041,.T.);
#4041=PLANE('',#4042);
#4042=AXIS2_PLACEMENT_3D('',#240,#4043,#4044);
#4043=DIRECTION('',(0,0,1));
#4044=DIRECTION('',(0.7071065564033913,0.7071070059696324,0));
#4045=FACE_BOUND('',#4046,.T.);
#4046=EDGE_LOOP('',(#4047,#4048,#4049));
#4047=ORIENTED_EDGE('',*,*,#4050,.T.);
#4048=ORIENTED_EDGE('',*,*,#4051,.T.);
#4049=ORIENTED_EDGE('',*,*,#4052,.T.);
#4050=EDGE_CURVE('',#241,#245,#4053,.F.);
#4051=EDGE_CURVE('',#245,#247,#4054,.T.);
#4052=EDGE_CURVE('',#247,#241,#4055,.T.);
#4053=LINE('',#240,#4056);
#4054=LINE('',#244,#4057);
#4055=LINE('',#246,#4058);
#4056=VECTOR('',#4059,1.0);
#4057=VECTOR('',#4060,1.0);
#4058=VECTOR('',#4061,1.0);
#4059=DIRECTION('',(0.7071065564033913,0.7071070059696324,0));
#4060=DIRECTION('',(-1,0,0));
#4061=DIRECTION('',(0,-1,0));
#4062=FACE_SURFACE('',(#4067),#4063,.T.);
#4063=PLANE('',#4064);
#4064=AXIS2_PLACEMENT_3D('',#236,#4065,#4066);
#4065=DIRECTION('',(-0,-1,0));
#4066=DIRECTION('',(-1,0,0));
#4067=FACE_BOUND('',#4068,.T.);
#4068=EDGE_LOOP('',(#4069,#4070,#4071));
#4069=ORIENTED_EDGE('',*,*,#4072,.T.);
#4070=ORIENTED_EDGE('',*,*,#4073,.T.);
#4071=ORIENTED_EDGE('',*,*,#4074,.T.);
#4072=EDGE_CURVE('',#237,#235,#4075,.F.);
#4073=EDGE_CURVE('',#235,#247,#4076,.T.);
#4074=EDGE_CURVE('',#247,#237,#4077,.T.);
#4075=LINE('',#236,#4078);
#4076=LINE('',#234,#4079);
#4077=LINE('',#246,#4080);
#4078=VECTOR('',#4081,1.0);
#4079=VECTOR('',#4082,1.0);
#4080=VECTOR('',#4083,1.0);
#4081=DIRECTION('',(-1,0,0));
#4082=DIRECTION('',(0,0,-1));
#4083=DIRECTION('',(0.8320502943378436,0,0.554700196225229));
#4084=FACE_SURFACE('',(#4089),#4085,.T.);
#4085=PLANE('',#4086);
#4086=AXIS2_PLACEMENT_3D('',#236,#4087,#4088);
#4087=DIRECTION('',(0,-1,-0));
#4088=DIRECTION('',(-0.8320502943378436,0,-0.554700196225229));
#4089=FACE_BOUND('',#4090,.T.);
#4090=EDGE_LOOP('',(#4091,#4092,#4093));
#4091=ORIENTED_EDGE('',*,*,#4094,.T.);
#4092=ORIENTED_EDGE('',*,*,#4095,.T.);
#4093=ORIENTED_EDGE('',*,*,#4096,.T.);
#4094=EDGE_CURVE('',#237,#247,#4097,.F.);
#4095=EDGE_CURVE('',#247,#245,#4098,.T.);
#4096=EDGE_CURVE('',#245,#237,#4099,.T.);
#4097=LINE('',#236,#4100);
#4098=LINE('',#246,#4101);
#4099=LINE('',#244,#4102);
#4100=VECTOR('',#4103,1.0);
#4101=VECTOR('',#4104,1.0);
#4102=VECTOR('',#4105,1.0);
#4103=DIRECTION('',(-0.8320502943378436,0,-0.554700196225229));
#4104=DIRECTION('',(1,0,0));
#4105=DIRECTION('',(0,0,1));
#4106=FACE_SURFACE('',(#4111),#4107,.T.);
#4107=PLANE('',#4108);
#4108=AXIS2_PLACEMENT_3D('',#232,#4109,#4110);
#4109=DIRECTION('',(-0,1,0));
#4110=DIRECTION('',(1,0,0));
#4111=FACE_BOUND('',#4112,.T.);
#4112=EDGE_LOOP('',(#4113,#4114,#4115));
#4113=ORIENTED_EDGE('',*,*,#4116,.T.);
#4114=ORIENTED_EDGE('',*,*,#4117,.T.);
#4115=ORIENTED_EDGE('',*,*,#4118,.T.);
#4116=EDGE_CURVE('',#233,#239,#4119,.F.);
#4117=EDGE_CURVE('',#239,#243,#4120,.T.);
#4118=EDGE_CURVE('',#243,#233,#4121,.T.);
#4119=LINE('',#232,#4122);
#4120=LINE('',#238,#4123);
#4121=LINE('',#242,#4124);
#4122=VECTOR('',#4125,1.0);
#4123=VECTOR('',#4126,1.0);
#4124=VECTOR('',#4127,1.0);
#4125=DIRECTION('',(1,0,0));
#4126=DIRECTION('',(0,0,-1));
#4127=DIRECTION('',(-0.8320502943378436,0,0.554700196225229));
#4128=FACE_SURFACE('',(#4133),#4129,.T.);
#4129=PLANE('',#4130);
#4130=AXIS2_PLACEMENT_3D('',#232,#4131,#4132);
#4131=DIRECTION('',(0,1,0));
#4132=DIRECTION('',(0.8320502943378436,0,-0.554700196225229));
#4133=FACE_BOUND('',#4134,.T.);
#4134=EDGE_LOOP('',(#4135,#4136,#4137));
#4135=ORIENTED_EDGE('',*,*,#4138,.T.);
#4136=ORIENTED_EDGE('',*,*,#4139,.T.);
#4137=ORIENTED_EDGE('',*,*,#4140,.T.);
#4138=EDGE_CURVE('',#233,#243,#4141,.F.);
#4139=EDGE_CURVE('',#243,#241,#4142,.T.);
#4140=EDGE_CURVE('',#241,#233,#4143,.T.);
#4141=LINE('',#232,#4144);
#4142=LINE('',#242,#4145);
#4143=LINE('',#240,#4146);
#4144=VECTOR('',#4147,1.0);
#4145=VECTOR('',#4148,1.0);
#4146=VECTOR('',#4149,1.0);
#4147=DIRECTION('',(0.8320502943378436,0,-0.554700196225229));
#4148=DIRECTION('',(-1,0,0));
#4149=DIRECTION('',(0,0,1));
#4150=FACE_SURFACE('',(#4155),#4151,.T.);
#4151=PLANE('',#4152);
#4152=AXIS2_PLACEMENT_3D('',#238,#4153,#4154);
#4153=DIRECTION('',(-1,0,0));
#4154=DIRECTION('',(0,1,0));
#4155=FACE_BOUND('',#4156,.T.);
#4156=EDGE_LOOP('',(#4157,#4158,#4159));
#4157=ORIENTED_EDGE('',*,*,#4160,.T.);
#4158=ORIENTED_EDGE('',*,*,#4161,.T.);
#4159=ORIENTED_EDGE('',*,*,#4162,.T.);
#4160=EDGE_CURVE('',#239,#237,#4163,.F.);
#4161=EDGE_CURVE('',#237,#245,#4164,.T.);
#4162=EDGE_CURVE('',#245,#239,#4165,.T.);
#4163=LINE('',#238,#4166);
#4164=LINE('',#236,#4167);
#4165=LINE('',#244,#4168);
#4166=VECTOR('',#4169,1.0);
#4167=VECTOR('',#4170,1.0);
#4168=VECTOR('',#4171,1.0);
#4169=DIRECTION('',(0,1,0));
#4170=DIRECTION('',(0,0,-1));
#4171=DIRECTION('',(0,-0.8320504571079917,0.5546999520699294));
#4172=FACE_SURFACE('',(#4177),#4173,.T.);
#4173=PLANE('',#4174);
#4174=AXIS2_PLACEMENT_3D('',#238,#4175,#4176);
#4175=DIRECTION('',(-1,0,0));
#4176=DIRECTION('',(0,0.8320504571079917,-0.5546999520699294));
#4177=FACE_BOUND('',#4178,.T.);
#4178=EDGE_LOOP('',(#4179,#4180,#4181));
#4179=ORIENTED_EDGE('',*,*,#4182,.T.);
#4180=ORIENTED_EDGE('',*,*,#4183,.T.);
#4181=ORIENTED_EDGE('',*,*,#4184,.T.);
#4182=EDGE_CURVE('',#239,#245,#4185,.F.);
#4183=EDGE_CURVE('',#245,#243,#4186,.T.);
#4184=EDGE_CURVE('',#243,#239,#4187,.T.);
#4185=LINE('',#238,#4188);
#4186=LINE('',#244,#4189);
#4187=LINE('',#242,#4190);
#4188=VECTOR('',#4191,1.0);
#4189=VECTOR('',#4192,1.0);
#4190=VECTOR('',#4193,1.0);
#4191=DIRECTION('',(0,0.8320504571079917,-0.5546999520699294));
#4192=DIRECTION('',(0,-1,0));
#4193=DIRECTION('',(0,0,1));
#4194=FACE_SURFACE('',(#4199),#4195,.T.);
#4195=PLANE('',#4196);
#4196=AXIS2_PLACEMENT_3D('',#234,#4197,#4198);
#4197=DIRECTION('',(1,0,0));
#4198=DIRECTION('',(0,-1,0));
#4199=FACE_BOUND('',#4200,.T.);
#4200=EDGE_LOOP('',(#4201,#4202,#4203));
#4201=ORIENTED_EDGE('',*,*,#4204,.T.);
#4202=ORIENTED_EDGE('',*,*,#4205,.T.);
#4203=ORIENTED_EDGE('',*,*,#4206,.T.);
#4204=EDGE_CURVE('',#235,#233,#4207,.F.);
#4205=EDGE_CURVE('',#233,#241,#4208,.T.);
#4206=EDGE_CURVE('',#241,#235,#4209,.T.);
#4207=LINE('',#234,#4210);
#4208=LINE('',#232,#4211);
#4209=LINE('',#240,#4212);
#4210=VECTOR('',#4213,1.0);
#4211=VECTOR('',#4214,1.0);
#4212=VECTOR('',#4215,1.0);
#4213=DIRECTION('',(0,-1,0));
#4214=DIRECTION('',(0,0,-1));
#4215=DIRECTION('',(0,0.8320504571079917,0.5546999520699294));
#4216=FACE_SURFACE('',(#4221),#4217,.T.);
#4217=PLANE('',#4218);
#4218=AXIS2_PLACEMENT_3D('',#234,#4219,#4220);
#4219=DIRECTION('',(1,0,0));
#4220=DIRECTION('',(0,-0.8320504571079917,-0.5546999520699294));
#4221=FACE_BOUND('',#4222,.T.);
#4222=EDGE_LOOP('',(#4223,#4224,#4225));
#4223=ORIENTED_EDGE('',*,*,#4226,.T.);
#4224=ORIENTED_EDGE('',*,*,#4227,.T.);
#4225=ORIENTED_EDGE('',*,*,#4228,.T.);
#4226=EDGE_CURVE('',#235,#241,#4229,.F.);
#4227=EDGE_CURVE('',#241,#247,#4230,.T.);
#4228=EDGE_CURVE('',#247,#235,#4231,.T.);
#4229=LINE('',#234,#4232);
#4230=LINE('',#240,#4233);
#4231=LINE('',#246,#4234);
#4232=VECTOR('',#4235,1.0);
#4233=VECTOR('',#4236,1.0);
#4234=VECTOR('',#4237,1.0);
#4235=DIRECTION('',(0,-0.8320504571079917,-0.5546999520699294));
#4236=DIRECTION('',(0,1,0));
#4237=DIRECTION('',(0,0,1));
#4238=FACE_SURFACE('',(#4243),#4239,.T.);
#4239=PLANE('',#4240);
#4240=AXIS2_PLACEMENT_3D('',#248,#4241,#4242);
#4241=DIRECTION('',(0,0,-1));
#4242=DIRECTION('',(0,1,0));
#4243=FACE_BOUND('',#4244,.T.);
#4244=EDGE_LOOP('',(#4245,#4246,#4247));
#4245=ORIENTED_EDGE('',*,*,#4248,.T.);
#4246=ORIENTED_EDGE('',*,*,#4249,.T.);
#4247=ORIENTED_EDGE('',*,*,#4250,.T.);
#4248=EDGE_CURVE('',#249,#251,#4251,.F.);
#4249=EDGE_CURVE('',#251,#253,#4252,.T.);
#4250=EDGE_CURVE('',#253,#249,#4253,.T.);
#4251=LINE('',#248,#4254);
#4252=LINE('',#250,#4255);
#4253=LINE('',#252,#4256);
#4254=VECTOR('',#4257,1.0);
#4255=VECTOR('',#4258,1.0);
#4256=VECTOR('',#4259,1.0);
#4257=DIRECTION('',(0,1,0));
#4258=DIRECTION('',(0.9999999999996407,-8.477105034719177E-07,0));
#4259=DIRECTION('',(-0.7071070059697754,-0.7071065564032483,0));
#4260=FACE_SURFACE('',(#4265),#4261,.T.);
#4261=PLANE('',#4262);
#4262=AXIS2_PLACEMENT_3D('',#248,#4263,#4264);
#4263=DIRECTION('',(0,0,-1));
#4264=DIRECTION('',(0.7071070059697754,0.7071065564032483,0));
#4265=FACE_BOUND('',#4266,.T.);
#4266=EDGE_LOOP('',(#4267,#4268,#4269));
#4267=ORIENTED_EDGE('',*,*,#4270,.T.);
#4268=ORIENTED_EDGE('',*,*,#4271,.T.);
#4269=ORIENTED_EDGE('',*,*,#4272,.T.);
#4270=EDGE_CURVE('',#249,#253,#4273,.F.);
#4271=EDGE_CURVE('',#253,#255,#4274,.T.);
#4272=EDGE_CURVE('',#255,#249,#4275,.T.);
#4273=LINE('',#248,#4276);
#4274=LINE('',#252,#4277);
#4275=LINE('',#254,#4278);
#4276=VECTOR('',#4279,1.0);
#4277=VECTOR('',#4280,1.0);
#4278=VECTOR('',#4281,1.0);
#4279=DIRECTION('',(0.7071070059697754,0.7071065564032483,0));
#4280=DIRECTION('',(0,-1,0));
#4281=DIRECTION('',(-0.9999999999999102,4.23855251736073E-07,0));
#4282=FACE_SURFACE('',(#4287),#4283,.T.);
#4283=PLANE('',#4284);
#4284=AXIS2_PLACEMENT_3D('',#256,#4285,#4286);
#4285=DIRECTION('',(-0,0,1));
#4286=DIRECTION('',(0.9999999999999102,-4.23855251736073E-07,0));
#4287=FACE_BOUND('',#4288,.T.);
#4288=EDGE_LOOP('',(#4289,#4290,#4291));
#4289=ORIENTED_EDGE('',*,*,#4292,.T.);
#4290=ORIENTED_EDGE('',*,*,#4293,.T.);
#4291=ORIENTED_EDGE('',*,*,#4294,.T.);
#4292=EDGE_CURVE('',#257,#259,#4295,.F.);
#4293=EDGE_CURVE('',#259,#261,#4296,.T.);
#4294=EDGE_CURVE('',#261,#257,#4297,.T.);
#4295=LINE('',#256,#4298);
#4296=LINE('',#258,#4299);
#4297=LINE('',#260,#4300);
#4298=VECTOR('',#4301,1.0);
#4299=VECTOR('',#4302,1.0);
#4300=VECTOR('',#4303,1.0);
#4301=DIRECTION('',(0.9999999999999102,-4.23855251736073E-07,0));
#4302=DIRECTION('',(0,1,0));
#4303=DIRECTION('',(-0.7071070059697754,-0.7071065564032483,0));
#4304=FACE_SURFACE('',(#4309),#4305,.T.);
#4305=PLANE('',#4306);
#4306=AXIS2_PLACEMENT_3D('',#256,#4307,#4308);
#4307=DIRECTION('',(0,0,1));
#4308=DIRECTION('',(0.7071070059697754,0.7071065564032483,0));
#4309=FACE_BOUND('',#4310,.T.);
#4310=EDGE_LOOP('',(#4311,#4312,#4313));
#4311=ORIENTED_EDGE('',*,*,#4314,.T.);
#4312=ORIENTED_EDGE('',*,*,#4315,.T.);
#4313=ORIENTED_EDGE('',*,*,#4316,.T.);
#4314=EDGE_CURVE('',#257,#261,#4317,.F.);
#4315=EDGE_CURVE('',#261,#263,#4318,.T.);
#4316=EDGE_CURVE('',#263,#257,#4319,.T.);
#4317=LINE('',#256,#4320);
#4318=LINE('',#260,#4321);
#4319=LINE('',#262,#4322);
#4320=VECTOR('',#4323,1.0);
#4321=VECTOR('',#4324,1.0);
#4322=VECTOR('',#4325,1.0);
#4323=DIRECTION('',(0.7071070059697754,0.7071065564032483,0));
#4324=DIRECTION('',(-0.9999999999996407,8.477105034719177E-07,0));
#4325=DIRECTION('',(0,-1,0));
#4326=FACE_SURFACE('',(#4331),#4327,.T.);
#4327=PLANE('',#4328);
#4328=AXIS2_PLACEMENT_3D('',#252,#4329,#4330);
#4329=DIRECTION('',(-8.477105034719176E-07,-0.9999999999996406,0));
#4330=DIRECTION('',(-0.9999999999996407,8.477105034719177E-07,0));
#4331=FACE_BOUND('',#4332,.T.);
#4332=EDGE_LOOP('',(#4333,#4334,#4335));
#4333=ORIENTED_EDGE('',*,*,#4336,.T.);
#4334=ORIENTED_EDGE('',*,*,#4337,.T.);
#4335=ORIENTED_EDGE('',*,*,#4338,.T.);
#4336=EDGE_CURVE('',#253,#251,#4339,.F.);
#4337=EDGE_CURVE('',#251,#263,#4340,.T.);
#4338=EDGE_CURVE('',#263,#253,#4341,.T.);
#4339=LINE('',#252,#4342);
#4340=LINE('',#250,#4343);
#4341=LINE('',#262,#4344);
#4342=VECTOR('',#4345,1.0);
#4343=VECTOR('',#4346,1.0);
#4344=VECTOR('',#4347,1.0);
#4345=DIRECTION('',(-0.9999999999996407,8.477105034719177E-07,0));
#4346=DIRECTION('',(0,0,-1));
#4347=DIRECTION('',(0.8320502943376368,-7.053377739271688E-07,0.5547001962250911));
#4348=FACE_SURFACE('',(#4353),#4349,.T.);
#4349=PLANE('',#4350);
#4350=AXIS2_PLACEMENT_3D('',#252,#4351,#4352);
#4351=DIRECTION('',(-8.477105034719176E-07,-0.9999999999996406,-0));
#4352=DIRECTION('',(-0.8320502943376368,7.053377739271688E-07,-0.5547001962250911));
#4353=FACE_BOUND('',#4354,.T.);
#4354=EDGE_LOOP('',(#4355,#4356,#4357));
#4355=ORIENTED_EDGE('',*,*,#4358,.T.);
#4356=ORIENTED_EDGE('',*,*,#4359,.T.);
#4357=ORIENTED_EDGE('',*,*,#4360,.T.);
#4358=EDGE_CURVE('',#253,#263,#4361,.F.);
#4359=EDGE_CURVE('',#263,#261,#4362,.T.);
#4360=EDGE_CURVE('',#261,#253,#4363,.T.);
#4361=LINE('',#252,#4364);
#4362=LINE('',#262,#4365);
#4363=LINE('',#260,#4366);
#4364=VECTOR('',#4367,1.0);
#4365=VECTOR('',#4368,1.0);
#4366=VECTOR('',#4369,1.0);
#4367=DIRECTION('',(-0.8320502943376368,7.053377739271688E-07,-0.5547001962250911));
#4368=DIRECTION('',(0.9999999999996407,-8.477105034719177E-07,0));
#4369=DIRECTION('',(0,0,1));
#4370=FACE_SURFACE('',(#4375),#4371,.T.);
#4371=PLANE('',#4372);
#4372=AXIS2_PLACEMENT_3D('',#248,#4373,#4374);
#4373=DIRECTION('',(4.23855251736073E-07,0.9999999999999102,0));
#4374=DIRECTION('',(0.9999999999999102,-4.23855251736073E-07,0));
#4375=FACE_BOUND('',#4376,.T.);
#4376=EDGE_LOOP('',(#4377,#4378,#4379));
#4377=ORIENTED_EDGE('',*,*,#4380,.T.);
#4378=ORIENTED_EDGE('',*,*,#4381,.T.);
#4379=ORIENTED_EDGE('',*,*,#4382,.T.);
#4380=EDGE_CURVE('',#249,#255,#4383,.F.);
#4381=EDGE_CURVE('',#255,#259,#4384,.T.);
#4382=EDGE_CURVE('',#259,#249,#4385,.T.);
#4383=LINE('',#248,#4386);
#4384=LINE('',#254,#4387);
#4385=LINE('',#258,#4388);
#4386=VECTOR('',#4389,1.0);
#4387=VECTOR('',#4390,1.0);
#4388=VECTOR('',#4391,1.0);
#4389=DIRECTION('',(0.9999999999999102,-4.23855251736073E-07,0));
#4390=DIRECTION('',(0,0,-1));
#4391=DIRECTION('',(-0.832050294337792,3.5266888696365014E-07,0.5547001962251946));
#4392=FACE_SURFACE('',(#4397),#4393,.T.);
#4393=PLANE('',#4394);
#4394=AXIS2_PLACEMENT_3D('',#248,#4395,#4396);
#4395=DIRECTION('',(4.23855251736073E-07,0.9999999999999102,0));
#4396=DIRECTION('',(0.832050294337792,-3.5266888696365014E-07,-0.5547001962251946));
#4397=FACE_BOUND('',#4398,.T.);
#4398=EDGE_LOOP('',(#4399,#4400,#4401));
#4399=ORIENTED_EDGE('',*,*,#4402,.T.);
#4400=ORIENTED_EDGE('',*,*,#4403,.T.);
#4401=ORIENTED_EDGE('',*,*,#4404,.T.);
#4402=EDGE_CURVE('',#249,#259,#4405,.F.);
#4403=EDGE_CURVE('',#259,#257,#4406,.T.);
#4404=EDGE_CURVE('',#257,#249,#4407,.T.);
#4405=LINE('',#248,#4408);
#4406=LINE('',#258,#4409);
#4407=LINE('',#256,#4410);
#4408=VECTOR('',#4411,1.0);
#4409=VECTOR('',#4412,1.0);
#4410=VECTOR('',#4413,1.0);
#4411=DIRECTION('',(0.832050294337792,-3.5266888696365014E-07,-0.5547001962251946));
#4412=DIRECTION('',(-0.9999999999999102,4.23855251736073E-07,0));
#4413=DIRECTION('',(0,0,1));
#4414=FACE_SURFACE('',(#4419),#4415,.T.);
#4415=PLANE('',#4416);
#4416=AXIS2_PLACEMENT_3D('',#254,#4417,#4418);
#4417=DIRECTION('',(-1,0,0));
#4418=DIRECTION('',(0,1,0));
#4419=FACE_BOUND('',#4420,.T.);
#4420=EDGE_LOOP('',(#4421,#4422,#4423));
#4421=ORIENTED_EDGE('',*,*,#4424,.T.);
#4422=ORIENTED_EDGE('',*,*,#4425,.T.);
#4423=ORIENTED_EDGE('',*,*,#4426,.T.);
#4424=EDGE_CURVE('',#255,#253,#4427,.F.);
#4425=EDGE_CURVE('',#253,#261,#4428,.T.);
#4426=EDGE_CURVE('',#261,#255,#4429,.T.);
#4427=LINE('',#254,#4430);
#4428=LINE('',#252,#4431);
#4429=LINE('',#260,#4432);
#4430=VECTOR('',#4433,1.0);
#4431=VECTOR('',#4434,1.0);
#4432=VECTOR('',#4435,1.0);
#4433=DIRECTION('',(0,1,0));
#4434=DIRECTION('',(0,0,-1));
#4435=DIRECTION('',(0,-0.8320502400810799,0.5547002776103662));
#4436=FACE_SURFACE('',(#4441),#4437,.T.);
#4437=PLANE('',#4438);
#4438=AXIS2_PLACEMENT_3D('',#254,#4439,#4440);
#4439=DIRECTION('',(-1,0,0));
#4440=DIRECTION('',(0,0.8320502400810799,-0.5547002776103662));
#4441=FACE_BOUND('',#4442,.T.);
#4442=EDGE_LOOP('',(#4443,#4444,#4445));
#4443=ORIENTED_EDGE('',*,*,#4446,.T.);
#4444=ORIENTED_EDGE('',*,*,#4447,.T.);
#4445=ORIENTED_EDGE('',*,*,#4448,.T.);
#4446=EDGE_CURVE('',#255,#261,#4449,.F.);
#4447=EDGE_CURVE('',#261,#259,#4450,.T.);
#4448=EDGE_CURVE('',#259,#255,#4451,.T.);
#4449=LINE('',#254,#4452);
#4450=LINE('',#260,#4453);
#4451=LINE('',#258,#4454);
#4452=VECTOR('',#4455,1.0);
#4453=VECTOR('',#4456,1.0);
#4454=VECTOR('',#4457,1.0);
#4455=DIRECTION('',(0,0.8320502400810799,-0.5547002776103662));
#4456=DIRECTION('',(0,-1,0));
#4457=DIRECTION('',(0,0,1));
#4458=FACE_SURFACE('',(#4463),#4459,.T.);
#4459=PLANE('',#4460);
#4460=AXIS2_PLACEMENT_3D('',#250,#4461,#4462);
#4461=DIRECTION('',(1,0,0));
#4462=DIRECTION('',(0,-1,0));
#4463=FACE_BOUND('',#4464,.T.);
#4464=EDGE_LOOP('',(#4465,#4466,#4467));
#4465=ORIENTED_EDGE('',*,*,#4468,.T.);
#4466=ORIENTED_EDGE('',*,*,#4469,.T.);
#4467=ORIENTED_EDGE('',*,*,#4470,.T.);
#4468=EDGE_CURVE('',#251,#249,#4471,.F.);
#4469=EDGE_CURVE('',#249,#257,#4472,.T.);
#4470=EDGE_CURVE('',#257,#251,#4473,.T.);
#4471=LINE('',#250,#4474);
#4472=LINE('',#248,#4475);
#4473=LINE('',#256,#4476);
#4474=VECTOR('',#4477,1.0);
#4475=VECTOR('',#4478,1.0);
#4476=VECTOR('',#4479,1.0);
#4477=DIRECTION('',(0,-1,0));
#4478=DIRECTION('',(0,0,-1));
#4479=DIRECTION('',(0,0.8320503485945836,0.5547001148401107));
#4480=FACE_SURFACE('',(#4485),#4481,.T.);
#4481=PLANE('',#4482);
#4482=AXIS2_PLACEMENT_3D('',#250,#4483,#4484);
#4483=DIRECTION('',(1,0,0));
#4484=DIRECTION('',(0,-0.8320503485945836,-0.5547001148401107));
#4485=FACE_BOUND('',#4486,.T.);
#4486=EDGE_LOOP('',(#4487,#4488,#4489));
#4487=ORIENTED_EDGE('',*,*,#4490,.T.);
#4488=ORIENTED_EDGE('',*,*,#4491,.T.);
#4489=ORIENTED_EDGE('',*,*,#4492,.T.);
#4490=EDGE_CURVE('',#251,#257,#4493,.F.);
#4491=EDGE_CURVE('',#257,#263,#4494,.T.);
#4492=EDGE_CURVE('',#263,#251,#4495,.T.);
#4493=LINE('',#250,#4496);
#4494=LINE('',#256,#4497);
#4495=LINE('',#262,#4498);
#4496=VECTOR('',#4499,1.0);
#4497=VECTOR('',#4500,1.0);
#4498=VECTOR('',#4501,1.0);
#4499=DIRECTION('',(0,-0.8320503485945836,-0.5547001148401107));
#4500=DIRECTION('',(0,1,0));
#4501=DIRECTION('',(0,0,1));
#4502=FACE_SURFACE('',(#4507),#4503,.T.);
#4503=PLANE('',#4504);
#4504=AXIS2_PLACEMENT_3D('',#264,#4505,#4506);
#4505=DIRECTION('',(0,0,-1));
#4506=DIRECTION('',(5.518440974202656E-07,0.9999999999998478,0));
#4507=FACE_BOUND('',#4508,.T.);
#4508=EDGE_LOOP('',(#4509,#4510,#4511));
#4509=ORIENTED_EDGE('',*,*,#4512,.T.);
#4510=ORIENTED_EDGE('',*,*,#4513,.T.);
#4511=ORIENTED_EDGE('',*,*,#4514,.T.);
#4512=EDGE_CURVE('',#265,#267,#4515,.F.);
#4513=EDGE_CURVE('',#267,#269,#4516,.T.);
#4514=EDGE_CURVE('',#269,#265,#4517,.T.);
#4515=LINE('',#264,#4518);
#4516=LINE('',#266,#4519);
#4517=LINE('',#268,#4520);
#4518=VECTOR('',#4521,1.0);
#4519=VECTOR('',#4522,1.0);
#4520=VECTOR('',#4523,1.0);
#4521=DIRECTION('',(5.518440974202656E-07,0.9999999999998478,0));
#4522=DIRECTION('',(1,0,0));
#4523=DIRECTION('',(-0.5455669659427672,-0.8380672321908331,0));
#4524=FACE_SURFACE('',(#4529),#4525,.T.);
#4525=PLANE('',#4526);
#4526=AXIS2_PLACEMENT_3D('',#264,#4527,#4528);
#4527=DIRECTION('',(0,0,-1));
#4528=DIRECTION('',(0.5455669659427672,0.8380672321908331,0));
#4529=FACE_BOUND('',#4530,.T.);
#4530=EDGE_LOOP('',(#4531,#4532,#4533));
#4531=ORIENTED_EDGE('',*,*,#4534,.T.);
#4532=ORIENTED_EDGE('',*,*,#4535,.T.);
#4533=ORIENTED_EDGE('',*,*,#4536,.T.);
#4534=EDGE_CURVE('',#265,#269,#4537,.F.);
#4535=EDGE_CURVE('',#269,#271,#4538,.T.);
#4536=EDGE_CURVE('',#271,#265,#4539,.T.);
#4537=LINE('',#264,#4540);
#4538=LINE('',#268,#4541);
#4539=LINE('',#270,#4542);
#4540=VECTOR('',#4543,1.0);
#4541=VECTOR('',#4544,1.0);
#4542=VECTOR('',#4545,1.0);
#4543=DIRECTION('',(0.5455669659427672,0.8380672321908331,0));
#4544=DIRECTION('',(-5.518440974202656E-07,-0.9999999999998478,0));
#4545=DIRECTION('',(-1,0,0));
#4546=FACE_SURFACE('',(#4551),#4547,.T.);
#4547=PLANE('',#4548);
#4548=AXIS2_PLACEMENT_3D('',#272,#4549,#4550);
#4549=DIRECTION('',(0,0,1));
#4550=DIRECTION('',(1,0,0));
#4551=FACE_BOUND('',#4552,.T.);
#4552=EDGE_LOOP('',(#4553,#4554,#4555));
#4553=ORIENTED_EDGE('',*,*,#4556,.T.);
#4554=ORIENTED_EDGE('',*,*,#4557,.T.);
#4555=ORIENTED_EDGE('',*,*,#4558,.T.);
#4556=EDGE_CURVE('',#273,#275,#4559,.F.);
#4557=EDGE_CURVE('',#275,#277,#4560,.T.);
#4558=EDGE_CURVE('',#277,#273,#4561,.T.);
#4559=LINE('',#272,#4562);
#4560=LINE('',#274,#4563);
#4561=LINE('',#276,#4564);
#4562=VECTOR('',#4565,1.0);
#4563=VECTOR('',#4566,1.0);
#4564=VECTOR('',#4567,1.0);
#4565=DIRECTION('',(1,0,0));
#4566=DIRECTION('',(5.518440974202656E-07,0.9999999999998478,0));
#4567=DIRECTION('',(-0.5455669659427672,-0.8380672321908331,0));
#4568=FACE_SURFACE('',(#4573),#4569,.T.);
#4569=PLANE('',#4570);
#4570=AXIS2_PLACEMENT_3D('',#272,#4571,#4572);
#4571=DIRECTION('',(0,0,1));
#4572=DIRECTION('',(0.5455669659427672,0.8380672321908331,0));
#4573=FACE_BOUND('',#4574,.T.);
#4574=EDGE_LOOP('',(#4575,#4576,#4577));
#4575=ORIENTED_EDGE('',*,*,#4578,.T.);
#4576=ORIENTED_EDGE('',*,*,#4579,.T.);
#4577=ORIENTED_EDGE('',*,*,#4580,.T.);
#4578=EDGE_CURVE('',#273,#277,#4581,.F.);
#4579=EDGE_CURVE('',#277,#279,#4582,.T.);
#4580=EDGE_CURVE('',#279,#273,#4583,.T.);
#4581=LINE('',#272,#4584);
#4582=LINE('',#276,#4585);
#4583=LINE('',#278,#4586);
#4584=VECTOR('',#4587,1.0);
#4585=VECTOR('',#4588,1.0);
#4586=VECTOR('',#4589,1.0);
#4587=DIRECTION('',(0.5455669659427672,0.8380672321908331,0));
#4588=DIRECTION('',(-1,0,0));
#4589=DIRECTION('',(-5.518440974202656E-07,-0.9999999999998478,0));
#4590=FACE_SURFACE('',(#4595),#4591,.T.);
#4591=PLANE('',#4592);
#4592=AXIS2_PLACEMENT_3D('',#268,#4593,#4594);
#4593=DIRECTION('',(-0,-1,0));
#4594=DIRECTION('',(-1,0,0));
#4595=FACE_BOUND('',#4596,.T.);
#4596=EDGE_LOOP('',(#4597,#4598,#4599));
#4597=ORIENTED_EDGE('',*,*,#4600,.T.);
#4598=ORIENTED_EDGE('',*,*,#4601,.T.);
#4599=ORIENTED_EDGE('',*,*,#4602,.T.);
#4600=EDGE_CURVE('',#269,#267,#4603,.F.);
#4601=EDGE_CURVE('',#267,#279,#4604,.T.);
#4602=EDGE_CURVE('',#279,#269,#4605,.T.);
#4603=LINE('',#268,#4606);
#4604=LINE('',#266,#4607);
#4605=LINE('',#278,#4608);
#4606=VECTOR('',#4609,1.0);
#4607=VECTOR('',#4610,1.0);
#4608=VECTOR('',#4611,1.0);
#4609=DIRECTION('',(-1,0,0));
#4610=DIRECTION('',(0,0,-1));
#4611=DIRECTION('',(0.8320502943378436,0,0.554700196225229));
#4612=FACE_SURFACE('',(#4617),#4613,.T.);
#4613=PLANE('',#4614);
#4614=AXIS2_PLACEMENT_3D('',#268,#4615,#4616);
#4615=DIRECTION('',(0,-1,-0));
#4616=DIRECTION('',(-0.8320502943378436,0,-0.554700196225229));
#4617=FACE_BOUND('',#4618,.T.);
#4618=EDGE_LOOP('',(#4619,#4620,#4621));
#4619=ORIENTED_EDGE('',*,*,#4622,.T.);
#4620=ORIENTED_EDGE('',*,*,#4623,.T.);
#4621=ORIENTED_EDGE('',*,*,#4624,.T.);
#4622=EDGE_CURVE('',#269,#279,#4625,.F.);
#4623=EDGE_CURVE('',#279,#277,#4626,.T.);
#4624=EDGE_CURVE('',#277,#269,#4627,.T.);
#4625=LINE('',#268,#4628);
#4626=LINE('',#278,#4629);
#4627=LINE('',#276,#4630);
#4628=VECTOR('',#4631,1.0);
#4629=VECTOR('',#4632,1.0);
#4630=VECTOR('',#4633,1.0);
#4631=DIRECTION('',(-0.8320502943378436,0,-0.554700196225229));
#4632=DIRECTION('',(1,0,0));
#4633=DIRECTION('',(0,0,1));
#4634=FACE_SURFACE('',(#4639),#4635,.T.);
#4635=PLANE('',#4636);
#4636=AXIS2_PLACEMENT_3D('',#264,#4637,#4638);
#4637=DIRECTION('',(-0,1,0));
#4638=DIRECTION('',(1,0,0));
#4639=FACE_BOUND('',#4640,.T.);
#4640=EDGE_LOOP('',(#4641,#4642,#4643));
#4641=ORIENTED_EDGE('',*,*,#4644,.T.);
#4642=ORIENTED_EDGE('',*,*,#4645,.T.);
#4643=ORIENTED_EDGE('',*,*,#4646,.T.);
#4644=EDGE_CURVE('',#265,#271,#4647,.F.);
#4645=EDGE_CURVE('',#271,#275,#4648,.T.);
#4646=EDGE_CURVE('',#275,#265,#4649,.T.);
#4647=LINE('',#264,#4650);
#4648=LINE('',#270,#4651);
#4649=LINE('',#274,#4652);
#4650=VECTOR('',#4653,1.0);
#4651=VECTOR('',#4654,1.0);
#4652=VECTOR('',#4655,1.0);
#4653=DIRECTION('',(1,0,0));
#4654=DIRECTION('',(0,0,-1));
#4655=DIRECTION('',(-0.8320502943378436,0,0.554700196225229));
#4656=FACE_SURFACE('',(#4661),#4657,.T.);
#4657=PLANE('',#4658);
#4658=AXIS2_PLACEMENT_3D('',#264,#4659,#4660);
#4659=DIRECTION('',(0,1,0));
#4660=DIRECTION('',(0.8320502943378436,0,-0.554700196225229));
#4661=FACE_BOUND('',#4662,.T.);
#4662=EDGE_LOOP('',(#4663,#4664,#4665));
#4663=ORIENTED_EDGE('',*,*,#4666,.T.);
#4664=ORIENTED_EDGE('',*,*,#4667,.T.);
#4665=ORIENTED_EDGE('',*,*,#4668,.T.);
#4666=EDGE_CURVE('',#265,#275,#4669,.F.);
#4667=EDGE_CURVE('',#275,#273,#4670,.T.);
#4668=EDGE_CURVE('',#273,#265,#4671,.T.);
#4669=LINE('',#264,#4672);
#4670=LINE('',#274,#4673);
#4671=LINE('',#272,#4674);
#4672=VECTOR('',#4675,1.0);
#4673=VECTOR('',#4676,1.0);
#4674=VECTOR('',#4677,1.0);
#4675=DIRECTION('',(0.8320502943378436,0,-0.554700196225229));
#4676=DIRECTION('',(-1,0,0));
#4677=DIRECTION('',(0,0,1));
#4678=FACE_SURFACE('',(#4683),#4679,.T.);
#4679=PLANE('',#4680);
#4680=AXIS2_PLACEMENT_3D('',#270,#4681,#4682);
#4681=DIRECTION('',(-0.9999999999998477,5.518440974202655E-07,0));
#4682=DIRECTION('',(5.518440974202656E-07,0.9999999999998478,0));
#4683=FACE_BOUND('',#4684,.T.);
#4684=EDGE_LOOP('',(#4685,#4686,#4687));
#4685=ORIENTED_EDGE('',*,*,#4688,.T.);
#4686=ORIENTED_EDGE('',*,*,#4689,.T.);
#4687=ORIENTED_EDGE('',*,*,#4690,.T.);
#4688=EDGE_CURVE('',#271,#269,#4691,.F.);
#4689=EDGE_CURVE('',#269,#277,#4692,.T.);
#4690=EDGE_CURVE('',#277,#271,#4693,.T.);
#4691=LINE('',#270,#4694);
#4692=LINE('',#268,#4695);
#4693=LINE('',#276,#4696);
#4694=VECTOR('',#4697,1.0);
#4695=VECTOR('',#4698,1.0);
#4696=VECTOR('',#4699,1.0);
#4697=DIRECTION('',(5.518440974202656E-07,0.9999999999998478,0));
#4698=DIRECTION('',(0,0,-1));
#4699=DIRECTION('',(-5.06226698206588E-07,-0.9173364371803475,0.3981128747240035));
#4700=FACE_SURFACE('',(#4705),#4701,.T.);
#4701=PLANE('',#4702);
#4702=AXIS2_PLACEMENT_3D('',#270,#4703,#4704);
#4703=DIRECTION('',(-0.9999999999998477,5.518440974202655E-07,0));
#4704=DIRECTION('',(5.06226698206588E-07,0.9173364371803475,-0.3981128747240035));
#4705=FACE_BOUND('',#4706,.T.);
#4706=EDGE_LOOP('',(#4707,#4708,#4709));
#4707=ORIENTED_EDGE('',*,*,#4710,.T.);
#4708=ORIENTED_EDGE('',*,*,#4711,.T.);
#4709=ORIENTED_EDGE('',*,*,#4712,.T.);
#4710=EDGE_CURVE('',#271,#277,#4713,.F.);
#4711=EDGE_CURVE('',#277,#275,#4714,.T.);
#4712=EDGE_CURVE('',#275,#271,#4715,.T.);
#4713=LINE('',#270,#4716);
#4714=LINE('',#276,#4717);
#4715=LINE('',#274,#4718);
#4716=VECTOR('',#4719,1.0);
#4717=VECTOR('',#4720,1.0);
#4718=VECTOR('',#4721,1.0);
#4719=DIRECTION('',(5.06226698206588E-07,0.9173364371803475,-0.3981128747240035));
#4720=DIRECTION('',(-5.518440974202656E-07,-0.9999999999998478,0));
#4721=DIRECTION('',(0,0,1));
#4722=FACE_SURFACE('',(#4727),#4723,.T.);
#4723=PLANE('',#4724);
#4724=AXIS2_PLACEMENT_3D('',#266,#4725,#4726);
#4725=DIRECTION('',(0.9999999999998477,-5.518440974202655E-07,0));
#4726=DIRECTION('',(-5.518440974202656E-07,-0.9999999999998478,0));
#4727=FACE_BOUND('',#4728,.T.);
#4728=EDGE_LOOP('',(#4729,#4730,#4731));
#4729=ORIENTED_EDGE('',*,*,#4732,.T.);
#4730=ORIENTED_EDGE('',*,*,#4733,.T.);
#4731=ORIENTED_EDGE('',*,*,#4734,.T.);
#4732=EDGE_CURVE('',#267,#265,#4735,.F.);
#4733=EDGE_CURVE('',#265,#273,#4736,.T.);
#4734=EDGE_CURVE('',#273,#267,#4737,.T.);
#4735=LINE('',#266,#4738);
#4736=LINE('',#264,#4739);
#4737=LINE('',#272,#4740);
#4738=VECTOR('',#4741,1.0);
#4739=VECTOR('',#4742,1.0);
#4740=VECTOR('',#4743,1.0);
#4741=DIRECTION('',(-5.518440974202656E-07,-0.9999999999998478,0));
#4742=DIRECTION('',(0,0,-1));
#4743=DIRECTION('',(5.06226698206588E-07,0.9173364371803475,0.3981128747240035));
#4744=FACE_SURFACE('',(#4749),#4745,.T.);
#4745=PLANE('',#4746);
#4746=AXIS2_PLACEMENT_3D('',#266,#4747,#4748);
#4747=DIRECTION('',(0.9999999999998477,-5.518440974202655E-07,0));
#4748=DIRECTION('',(-5.06226698206588E-07,-0.9173364371803475,-0.3981128747240035));
#4749=FACE_BOUND('',#4750,.T.);
#4750=EDGE_LOOP('',(#4751,#4752,#4753));
#4751=ORIENTED_EDGE('',*,*,#4754,.T.);
#4752=ORIENTED_EDGE('',*,*,#4755,.T.);
#4753=ORIENTED_EDGE('',*,*,#4756,.T.);
#4754=EDGE_CURVE('',#267,#273,#4757,.F.);
#4755=EDGE_CURVE('',#273,#279,#4758,.T.);
#4756=EDGE_CURVE('',#279,#267,#4759,.T.);
#4757=LINE('',#266,#4760);
#4758=LINE('',#272,#4761);
#4759=LINE('',#278,#4762);
#4760=VECTOR('',#4763,1.0);
#4761=VECTOR('',#4764,1.0);
#4762=VECTOR('',#4765,1.0);
#4763=DIRECTION('',(-5.06226698206588E-07,-0.9173364371803475,-0.3981128747240035));
#4764=DIRECTION('',(5.518440974202656E-07,0.9999999999998478,0));
#4765=DIRECTION('',(0,0,1));
#4766=FACE_SURFACE('',(#4771),#4767,.T.);
#4767=PLANE('',#4768);
#4768=AXIS2_PLACEMENT_3D('',#280,#4769,#4770);
#4769=DIRECTION('',(-1,0,0));
#4770=DIRECTION('',(0,0,1));
#4771=FACE_BOUND('',#4772,.T.);
#4772=EDGE_LOOP('',(#4773,#4774,#4775));
#4773=ORIENTED_EDGE('',*,*,#4776,.T.);
#4774=ORIENTED_EDGE('',*,*,#4777,.T.);
#4775=ORIENTED_EDGE('',*,*,#4778,.T.);
#4776=EDGE_CURVE('',#281,#283,#4779,.F.);
#4777=EDGE_CURVE('',#283,#285,#4780,.T.);
#4778=EDGE_CURVE('',#285,#281,#4781,.T.);
#4779=LINE('',#280,#4782);
#4780=LINE('',#282,#4783);
#4781=LINE('',#284,#4784);
#4782=VECTOR('',#4785,1.0);
#4783=VECTOR('',#4786,1.0);
#4784=VECTOR('',#4787,1.0);
#4785=DIRECTION('',(0,0,1));
#4786=DIRECTION('',(0,1,0));
#4787=DIRECTION('',(0,-0.5261293515902526,-0.8504045539595966));
#4788=FACE_SURFACE('',(#4793),#4789,.T.);
#4789=PLANE('',#4790);
#4790=AXIS2_PLACEMENT_3D('',#280,#4791,#4792);
#4791=DIRECTION('',(-1,0,0));
#4792=DIRECTION('',(0,0.5261293515902526,0.8504045539595966));
#4793=FACE_BOUND('',#4794,.T.);
#4794=EDGE_LOOP('',(#4795,#4796,#4797));
#4795=ORIENTED_EDGE('',*,*,#4798,.T.);
#4796=ORIENTED_EDGE('',*,*,#4799,.T.);
#4797=ORIENTED_EDGE('',*,*,#4800,.T.);
#4798=EDGE_CURVE('',#281,#285,#4801,.F.);
#4799=EDGE_CURVE('',#285,#287,#4802,.T.);
#4800=EDGE_CURVE('',#287,#281,#4803,.T.);
#4801=LINE('',#280,#4804);
#4802=LINE('',#284,#4805);
#4803=LINE('',#286,#4806);
#4804=VECTOR('',#4807,1.0);
#4805=VECTOR('',#4808,1.0);
#4806=VECTOR('',#4809,1.0);
#4807=DIRECTION('',(0,0.5261293515902526,0.8504045539595966));
#4808=DIRECTION('',(0,0,-1));
#4809=DIRECTION('',(0,-1,0));
#4810=FACE_SURFACE('',(#4815),#4811,.T.);
#4811=PLANE('',#4812);
#4812=AXIS2_PLACEMENT_3D('',#286,#4813,#4814);
#4813=DIRECTION('',(4.0344553243241563E-07,0.9999999999999186,-0));
#4814=DIRECTION('',(0,0,1));
#4815=FACE_BOUND('',#4816,.T.);
#4816=EDGE_LOOP('',(#4817,#4818,#4819));
#4817=ORIENTED_EDGE('',*,*,#4820,.T.);
#4818=ORIENTED_EDGE('',*,*,#4821,.T.);
#4819=ORIENTED_EDGE('',*,*,#4822,.T.);
#4820=EDGE_CURVE('',#287,#285,#4823,.F.);
#4821=EDGE_CURVE('',#285,#289,#4824,.T.);
#4822=EDGE_CURVE('',#289,#287,#4825,.T.);
#4823=LINE('',#286,#4826);
#4824=LINE('',#284,#4827);
#4825=LINE('',#288,#4828);
#4826=VECTOR('',#4829,1.0);
#4827=VECTOR('',#4830,1.0);
#4828=VECTOR('',#4831,1.0);
#4829=DIRECTION('',(0,0,1));
#4830=DIRECTION('',(0.9999999999999186,-4.0344553243241563E-07,0));
#4831=DIRECTION('',(-0.9997239330879455,4.033341544701276E-07,-0.023495906260588405));
#4832=FACE_SURFACE('',(#4837),#4833,.T.);
#4833=PLANE('',#4834);
#4834=AXIS2_PLACEMENT_3D('',#286,#4835,#4836);
#4835=DIRECTION('',(4.0344553243241563E-07,0.9999999999999186,0));
#4836=DIRECTION('',(0.9997239330879455,-4.033341544701276E-07,0.023495906260588405));
#4837=FACE_BOUND('',#4838,.T.);
#4838=EDGE_LOOP('',(#4839,#4840,#4841));
#4839=ORIENTED_EDGE('',*,*,#4842,.T.);
#4840=ORIENTED_EDGE('',*,*,#4843,.T.);
#4841=ORIENTED_EDGE('',*,*,#4844,.T.);
#4842=EDGE_CURVE('',#287,#289,#4845,.F.);
#4843=EDGE_CURVE('',#289,#291,#4846,.T.);
#4844=EDGE_CURVE('',#291,#287,#4847,.T.);
#4845=LINE('',#286,#4848);
#4846=LINE('',#288,#4849);
#4847=LINE('',#290,#4850);
#4848=VECTOR('',#4851,1.0);
#4849=VECTOR('',#4852,1.0);
#4850=VECTOR('',#4853,1.0);
#4851=DIRECTION('',(0.9997239330879455,-4.033341544701276E-07,0.023495906260588405));
#4852=DIRECTION('',(0,0,-1));
#4853=DIRECTION('',(-0.9999999999999186,4.0344553243241563E-07,0));
#4854=FACE_SURFACE('',(#4859),#4855,.T.);
#4855=PLANE('',#4856);
#4856=AXIS2_PLACEMENT_3D('',#290,#4857,#4858);
#4857=DIRECTION('',(1,0,-0));
#4858=DIRECTION('',(0,0,1));
#4859=FACE_BOUND('',#4860,.T.);
#4860=EDGE_LOOP('',(#4861,#4862,#4863));
#4861=ORIENTED_EDGE('',*,*,#4864,.T.);
#4862=ORIENTED_EDGE('',*,*,#4865,.T.);
#4863=ORIENTED_EDGE('',*,*,#4866,.T.);
#4864=EDGE_CURVE('',#291,#289,#4867,.F.);
#4865=EDGE_CURVE('',#289,#293,#4868,.T.);
#4866=EDGE_CURVE('',#293,#291,#4869,.T.);
#4867=LINE('',#290,#4870);
#4868=LINE('',#288,#4871);
#4869=LINE('',#292,#4872);
#4870=VECTOR('',#4873,1.0);
#4871=VECTOR('',#4874,1.0);
#4872=VECTOR('',#4875,1.0);
#4873=DIRECTION('',(0,0,1));
#4874=DIRECTION('',(0,-1,0));
#4875=DIRECTION('',(0,0.5261281785644183,-0.8504052796875662));
#4876=FACE_SURFACE('',(#4881),#4877,.T.);
#4877=PLANE('',#4878);
#4878=AXIS2_PLACEMENT_3D('',#290,#4879,#4880);
#4879=DIRECTION('',(1,0,0));
#4880=DIRECTION('',(0,-0.5261281785644183,0.8504052796875662));
#4881=FACE_BOUND('',#4882,.T.);
#4882=EDGE_LOOP('',(#4883,#4884,#4885));
#4883=ORIENTED_EDGE('',*,*,#4886,.T.);
#4884=ORIENTED_EDGE('',*,*,#4887,.T.);
#4885=ORIENTED_EDGE('',*,*,#4888,.T.);
#4886=EDGE_CURVE('',#291,#293,#4889,.F.);
#4887=EDGE_CURVE('',#293,#295,#4890,.T.);
#4888=EDGE_CURVE('',#295,#291,#4891,.T.);
#4889=LINE('',#290,#4892);
#4890=LINE('',#292,#4893);
#4891=LINE('',#294,#4894);
#4892=VECTOR('',#4895,1.0);
#4893=VECTOR('',#4896,1.0);
#4894=VECTOR('',#4897,1.0);
#4895=DIRECTION('',(0,-0.5261281785644183,0.8504052796875662));
#4896=DIRECTION('',(0,0,-1));
#4897=DIRECTION('',(0,1,0));
#4898=FACE_SURFACE('',(#4903),#4899,.T.);
#4899=PLANE('',#4900);
#4900=AXIS2_PLACEMENT_3D('',#294,#4901,#4902);
#4901=DIRECTION('',(-3.5861825105104223E-07,-0.9999999999999357,0));
#4902=DIRECTION('',(0,0,1));
#4903=FACE_BOUND('',#4904,.T.);
#4904=EDGE_LOOP('',(#4905,#4906,#4907));
#4905=ORIENTED_EDGE('',*,*,#4908,.T.);
#4906=ORIENTED_EDGE('',*,*,#4909,.T.);
#4907=ORIENTED_EDGE('',*,*,#4910,.T.);
#4908=EDGE_CURVE('',#295,#293,#4911,.F.);
#4909=EDGE_CURVE('',#293,#283,#4912,.T.);
#4910=EDGE_CURVE('',#283,#295,#4913,.T.);
#4911=LINE('',#294,#4914);
#4912=LINE('',#292,#4915);
#4913=LINE('',#282,#4916);
#4914=VECTOR('',#4917,1.0);
#4915=VECTOR('',#4918,1.0);
#4916=VECTOR('',#4919,1.0);
#4917=DIRECTION('',(0,0,1));
#4918=DIRECTION('',(-0.9999999999999357,3.5861825105104223E-07,0));
#4919=DIRECTION('',(0.9997239330879625,-3.585192484178973E-07,-0.023495906260588804));
#4920=FACE_SURFACE('',(#4925),#4921,.T.);
#4921=PLANE('',#4922);
#4922=AXIS2_PLACEMENT_3D('',#294,#4923,#4924);
#4923=DIRECTION('',(-3.5861825105104223E-07,-0.9999999999999357,0));
#4924=DIRECTION('',(-0.9997239330879625,3.585192484178973E-07,0.023495906260588804));
#4925=FACE_BOUND('',#4926,.T.);
#4926=EDGE_LOOP('',(#4927,#4928,#4929));
#4927=ORIENTED_EDGE('',*,*,#4930,.T.);
#4928=ORIENTED_EDGE('',*,*,#4931,.T.);
#4929=ORIENTED_EDGE('',*,*,#4932,.T.);
#4930=EDGE_CURVE('',#295,#283,#4933,.F.);
#4931=EDGE_CURVE('',#283,#281,#4934,.T.);
#4932=EDGE_CURVE('',#281,#295,#4935,.T.);
#4933=LINE('',#294,#4936);
#4934=LINE('',#282,#4937);
#4935=LINE('',#280,#4938);
#4936=VECTOR('',#4939,1.0);
#4937=VECTOR('',#4940,1.0);
#4938=VECTOR('',#4941,1.0);
#4939=DIRECTION('',(-0.9997239330879625,3.585192484178973E-07,0.023495906260588804));
#4940=DIRECTION('',(0,0,-1));
#4941=DIRECTION('',(0.9999999999999357,-3.5861825105104223E-07,0));
#4942=FACE_SURFACE('',(#4947),#4943,.T.);
#4943=PLANE('',#4944);
#4944=AXIS2_PLACEMENT_3D('',#286,#4945,#4946);
#4945=DIRECTION('',(0,0,-1));
#4946=DIRECTION('',(0.9999999999999186,-4.0344553243241563E-07,0));
#4947=FACE_BOUND('',#4948,.T.);
#4948=EDGE_LOOP('',(#4949,#4950,#4951));
#4949=ORIENTED_EDGE('',*,*,#4952,.T.);
#4950=ORIENTED_EDGE('',*,*,#4953,.T.);
#4951=ORIENTED_EDGE('',*,*,#4954,.T.);
#4952=EDGE_CURVE('',#287,#291,#4955,.F.);
#4953=EDGE_CURVE('',#291,#295,#4956,.T.);
#4954=EDGE_CURVE('',#295,#287,#4957,.T.);
#4955=LINE('',#286,#4958);
#4956=LINE('',#290,#4959);
#4957=LINE('',#294,#4960);
#4958=VECTOR('',#4961,1.0);
#4959=VECTOR('',#4962,1.0);
#4960=VECTOR('',#4963,1.0);
#4961=DIRECTION('',(0.9999999999999186,-4.0344553243241563E-07,0));
#4962=DIRECTION('',(0,-1,0));
#4963=DIRECTION('',(-0.9998942986109288,0.01453931241010651,0));
#4964=FACE_SURFACE('',(#4969),#4965,.T.);
#4965=PLANE('',#4966);
#4966=AXIS2_PLACEMENT_3D('',#286,#4967,#4968);
#4967=DIRECTION('',(0,0,-1));
#4968=DIRECTION('',(0.9998942986109288,-0.01453931241010651,0));
#4969=FACE_BOUND('',#4970,.T.);
#4970=EDGE_LOOP('',(#4971,#4972,#4973));
#4971=ORIENTED_EDGE('',*,*,#4974,.T.);
#4972=ORIENTED_EDGE('',*,*,#4975,.T.);
#4973=ORIENTED_EDGE('',*,*,#4976,.T.);
#4974=EDGE_CURVE('',#287,#295,#4977,.F.);
#4975=EDGE_CURVE('',#295,#281,#4978,.T.);
#4976=EDGE_CURVE('',#281,#287,#4979,.T.);
#4977=LINE('',#286,#4980);
#4978=LINE('',#294,#4981);
#4979=LINE('',#280,#4982);
#4980=VECTOR('',#4983,1.0);
#4981=VECTOR('',#4984,1.0);
#4982=VECTOR('',#4985,1.0);
#4983=DIRECTION('',(0.9998942986109288,-0.01453931241010651,0));
#4984=DIRECTION('',(-0.9999999999999357,3.5861825105104223E-07,0));
#4985=DIRECTION('',(0,1,0));
#4986=FACE_SURFACE('',(#4991),#4987,.T.);
#4987=PLANE('',#4988);
#4988=AXIS2_PLACEMENT_3D('',#288,#4989,#4990);
#4989=DIRECTION('',(0,0,1));
#4990=DIRECTION('',(-0.9999999999999186,4.0344553243241563E-07,0));
#4991=FACE_BOUND('',#4992,.T.);
#4992=EDGE_LOOP('',(#4993,#4994,#4995));
#4993=ORIENTED_EDGE('',*,*,#4996,.T.);
#4994=ORIENTED_EDGE('',*,*,#4997,.T.);
#4995=ORIENTED_EDGE('',*,*,#4998,.T.);
#4996=EDGE_CURVE('',#289,#285,#4999,.F.);
#4997=EDGE_CURVE('',#285,#283,#5000,.T.);
#4998=EDGE_CURVE('',#283,#289,#5001,.T.);
#4999=LINE('',#288,#5002);
#5000=LINE('',#284,#5003);
#5001=LINE('',#282,#5004);
#5002=VECTOR('',#5005,1.0);
#5003=VECTOR('',#5006,1.0);
#5004=VECTOR('',#5007,1.0);
#5005=DIRECTION('',(-0.9999999999999186,4.0344553243241563E-07,0));
#5006=DIRECTION('',(0,-1,0));
#5007=DIRECTION('',(0.9998943096881799,0.014538550587938426,0));
#5008=FACE_SURFACE('',(#5013),#5009,.T.);
#5009=PLANE('',#5010);
#5010=AXIS2_PLACEMENT_3D('',#288,#5011,#5012);
#5011=DIRECTION('',(0,0,1));
#5012=DIRECTION('',(-0.9998943096881799,-0.014538550587938426,0));
#5013=FACE_BOUND('',#5014,.T.);
#5014=EDGE_LOOP('',(#5015,#5016,#5017));
#5015=ORIENTED_EDGE('',*,*,#5018,.T.);
#5016=ORIENTED_EDGE('',*,*,#5019,.T.);
#5017=ORIENTED_EDGE('',*,*,#5020,.T.);
#5018=EDGE_CURVE('',#289,#283,#5021,.F.);
#5019=EDGE_CURVE('',#283,#293,#5022,.T.);
#5020=EDGE_CURVE('',#293,#289,#5023,.T.);
#5021=LINE('',#288,#5024);
#5022=LINE('',#282,#5025);
#5023=LINE('',#292,#5026);
#5024=VECTOR('',#5027,1.0);
#5025=VECTOR('',#5028,1.0);
#5026=VECTOR('',#5029,1.0);
#5027=DIRECTION('',(-0.9998943096881799,-0.014538550587938426,0));
#5028=DIRECTION('',(0.9999999999999357,-3.5861825105104223E-07,0));
#5029=DIRECTION('',(0,1,0));
#5030=FACE_SURFACE('',(#5035),#5031,.T.);
#5031=PLANE('',#5032);
#5032=AXIS2_PLACEMENT_3D('',#296,#5033,#5034);
#5033=DIRECTION('',(0,-1,0));
#5034=DIRECTION('',(0,0,1));
#5035=FACE_BOUND('',#5036,.T.);
#5036=EDGE_LOOP('',(#5037,#5038,#5039));
#5037=ORIENTED_EDGE('',*,*,#5040,.T.);
#5038=ORIENTED_EDGE('',*,*,#5041,.T.);
#5039=ORIENTED_EDGE('',*,*,#5042,.T.);
#5040=EDGE_CURVE('',#297,#299,#5043,.F.);
#5041=EDGE_CURVE('',#299,#301,#5044,.T.);
#5042=EDGE_CURVE('',#301,#297,#5045,.T.);
#5043=LINE('',#296,#5046);
#5044=LINE('',#298,#5047);
#5045=LINE('',#300,#5048);
#5046=VECTOR('',#5049,1.0);
#5047=VECTOR('',#5050,1.0);
#5048=VECTOR('',#5051,1.0);
#5049=DIRECTION('',(0,0,1));
#5050=DIRECTION('',(-1,0,0));
#5051=DIRECTION('',(0.3390282736554246,0,-0.9407761846806193));
#5052=FACE_SURFACE('',(#5057),#5053,.T.);
#5053=PLANE('',#5054);
#5054=AXIS2_PLACEMENT_3D('',#296,#5055,#5056);
#5055=DIRECTION('',(0,-1,0));
#5056=DIRECTION('',(-0.3390282736554246,0,0.9407761846806193));
#5057=FACE_BOUND('',#5058,.T.);
#5058=EDGE_LOOP('',(#5059,#5060,#5061));
#5059=ORIENTED_EDGE('',*,*,#5062,.T.);
#5060=ORIENTED_EDGE('',*,*,#5063,.T.);
#5061=ORIENTED_EDGE('',*,*,#5064,.T.);
#5062=EDGE_CURVE('',#297,#301,#5065,.F.);
#5063=EDGE_CURVE('',#301,#303,#5066,.T.);
#5064=EDGE_CURVE('',#303,#297,#5067,.T.);
#5065=LINE('',#296,#5068);
#5066=LINE('',#300,#5069);
#5067=LINE('',#302,#5070);
#5068=VECTOR('',#5071,1.0);
#5069=VECTOR('',#5072,1.0);
#5070=VECTOR('',#5073,1.0);
#5071=DIRECTION('',(-0.3390282736554246,0,0.9407761846806193));
#5072=DIRECTION('',(0,0,-1));
#5073=DIRECTION('',(1,0,0));
#5074=FACE_SURFACE('',(#5079),#5075,.T.);
#5075=PLANE('',#5076);
#5076=AXIS2_PLACEMENT_3D('',#302,#5077,#5078);
#5077=DIRECTION('',(-0.9999999999999415,3.4205160156254016E-07,0));
#5078=DIRECTION('',(0,0,1));
#5079=FACE_BOUND('',#5080,.T.);
#5080=EDGE_LOOP('',(#5081,#5082,#5083));
#5081=ORIENTED_EDGE('',*,*,#5084,.T.);
#5082=ORIENTED_EDGE('',*,*,#5085,.T.);
#5083=ORIENTED_EDGE('',*,*,#5086,.T.);
#5084=EDGE_CURVE('',#303,#301,#5087,.F.);
#5085=EDGE_CURVE('',#301,#305,#5088,.T.);
#5086=EDGE_CURVE('',#305,#303,#5089,.T.);
#5087=LINE('',#302,#5090);
#5088=LINE('',#300,#5091);
#5089=LINE('',#304,#5092);
#5090=VECTOR('',#5093,1.0);
#5091=VECTOR('',#5094,1.0);
#5092=VECTOR('',#5095,1.0);
#5093=DIRECTION('',(0,0,1));
#5094=DIRECTION('',(3.4205160156254016E-07,0.9999999999999415,0));
#5095=DIRECTION('',(-3.4068476973057533E-07,-0.9960040186166623,-0.08930842569065571));
#5096=FACE_SURFACE('',(#5101),#5097,.T.);
#5097=PLANE('',#5098);
#5098=AXIS2_PLACEMENT_3D('',#302,#5099,#5100);
#5099=DIRECTION('',(-0.9999999999999415,3.4205160156254016E-07,0));
#5100=DIRECTION('',(3.4068476973057533E-07,0.9960040186166623,0.08930842569065571));
#5101=FACE_BOUND('',#5102,.T.);
#5102=EDGE_LOOP('',(#5103,#5104,#5105));
#5103=ORIENTED_EDGE('',*,*,#5106,.T.);
#5104=ORIENTED_EDGE('',*,*,#5107,.T.);
#5105=ORIENTED_EDGE('',*,*,#5108,.T.);
#5106=EDGE_CURVE('',#303,#305,#5109,.F.);
#5107=EDGE_CURVE('',#305,#307,#5110,.T.);
#5108=EDGE_CURVE('',#307,#303,#5111,.T.);
#5109=LINE('',#302,#5112);
#5110=LINE('',#304,#5113);
#5111=LINE('',#306,#5114);
#5112=VECTOR('',#5115,1.0);
#5113=VECTOR('',#5116,1.0);
#5114=VECTOR('',#5117,1.0);
#5115=DIRECTION('',(3.4068476973057533E-07,0.9960040186166623,0.08930842569065571));
#5116=DIRECTION('',(0,0,-1));
#5117=DIRECTION('',(-3.4205160156254016E-07,-0.9999999999999415,0));
#5118=FACE_SURFACE('',(#5123),#5119,.T.);
#5119=PLANE('',#5120);
#5120=AXIS2_PLACEMENT_3D('',#306,#5121,#5122);
#5121=DIRECTION('',(0,1,0));
#5122=DIRECTION('',(0,0,1));
#5123=FACE_BOUND('',#5124,.T.);
#5124=EDGE_LOOP('',(#5125,#5126,#5127));
#5125=ORIENTED_EDGE('',*,*,#5128,.T.);
#5126=ORIENTED_EDGE('',*,*,#5129,.T.);
#5127=ORIENTED_EDGE('',*,*,#5130,.T.);
#5128=EDGE_CURVE('',#307,#305,#5131,.F.);
#5129=EDGE_CURVE('',#305,#309,#5132,.T.);
#5130=EDGE_CURVE('',#309,#307,#5133,.T.);
#5131=LINE('',#306,#5134);
#5132=LINE('',#304,#5135);
#5133=LINE('',#308,#5136);
#5134=VECTOR('',#5137,1.0);
#5135=VECTOR('',#5138,1.0);
#5136=VECTOR('',#5139,1.0);
#5137=DIRECTION('',(0,0,1));
#5138=DIRECTION('',(1,0,0));
#5139=DIRECTION('',(-0.3390282736554246,0,-0.9407761846806193));
#5140=FACE_SURFACE('',(#5145),#5141,.T.);
#5141=PLANE('',#5142);
#5142=AXIS2_PLACEMENT_3D('',#306,#5143,#5144);
#5143=DIRECTION('',(0,1,0));
#5144=DIRECTION('',(0.3390282736554246,0,0.9407761846806193));
#5145=FACE_BOUND('',#5146,.T.);
#5146=EDGE_LOOP('',(#5147,#5148,#5149));
#5147=ORIENTED_EDGE('',*,*,#5150,.T.);
#5148=ORIENTED_EDGE('',*,*,#5151,.T.);
#5149=ORIENTED_EDGE('',*,*,#5152,.T.);
#5150=EDGE_CURVE('',#307,#309,#5153,.F.);
#5151=EDGE_CURVE('',#309,#311,#5154,.T.);
#5152=EDGE_CURVE('',#311,#307,#5155,.T.);
#5153=LINE('',#306,#5156);
#5154=LINE('',#308,#5157);
#5155=LINE('',#310,#5158);
#5156=VECTOR('',#5159,1.0);
#5157=VECTOR('',#5160,1.0);
#5158=VECTOR('',#5161,1.0);
#5159=DIRECTION('',(0.3390282736554246,0,0.9407761846806193));
#5160=DIRECTION('',(0,0,-1));
#5161=DIRECTION('',(-1,0,0));
#5162=FACE_SURFACE('',(#5167),#5163,.T.);
#5163=PLANE('',#5164);
#5164=AXIS2_PLACEMENT_3D('',#310,#5165,#5166);
#5165=DIRECTION('',(0.9999999999999415,-3.4205160156254016E-07,0));
#5166=DIRECTION('',(0,0,1));
#5167=FACE_BOUND('',#5168,.T.);
#5168=EDGE_LOOP('',(#5169,#5170,#5171));
#5169=ORIENTED_EDGE('',*,*,#5172,.T.);
#5170=ORIENTED_EDGE('',*,*,#5173,.T.);
#5171=ORIENTED_EDGE('',*,*,#5174,.T.);
#5172=EDGE_CURVE('',#311,#309,#5175,.F.);
#5173=EDGE_CURVE('',#309,#299,#5176,.T.);
#5174=EDGE_CURVE('',#299,#311,#5177,.T.);
#5175=LINE('',#310,#5178);
#5176=LINE('',#308,#5179);
#5177=LINE('',#298,#5180);
#5178=VECTOR('',#5181,1.0);
#5179=VECTOR('',#5182,1.0);
#5180=VECTOR('',#5183,1.0);
#5181=DIRECTION('',(0,0,1));
#5182=DIRECTION('',(-3.4205160156254016E-07,-0.9999999999999415,0));
#5183=DIRECTION('',(3.4068476973057533E-07,0.9960040186166623,-0.08930842569065571));
#5184=FACE_SURFACE('',(#5189),#5185,.T.);
#5185=PLANE('',#5186);
#5186=AXIS2_PLACEMENT_3D('',#310,#5187,#5188);
#5187=DIRECTION('',(0.9999999999999415,-3.4205160156254016E-07,0));
#5188=DIRECTION('',(-3.4068476973057533E-07,-0.9960040186166623,0.08930842569065571));
#5189=FACE_BOUND('',#5190,.T.);
#5190=EDGE_LOOP('',(#5191,#5192,#5193));
#5191=ORIENTED_EDGE('',*,*,#5194,.T.);
#5192=ORIENTED_EDGE('',*,*,#5195,.T.);
#5193=ORIENTED_EDGE('',*,*,#5196,.T.);
#5194=EDGE_CURVE('',#311,#299,#5197,.F.);
#5195=EDGE_CURVE('',#299,#297,#5198,.T.);
#5196=EDGE_CURVE('',#297,#311,#5199,.T.);
#5197=LINE('',#310,#5200);
#5198=LINE('',#298,#5201);
#5199=LINE('',#296,#5202);
#5200=VECTOR('',#5203,1.0);
#5201=VECTOR('',#5204,1.0);
#5202=VECTOR('',#5205,1.0);
#5203=DIRECTION('',(-3.4068476973057533E-07,-0.9960040186166623,0.08930842569065571));
#5204=DIRECTION('',(0,0,-1));
#5205=DIRECTION('',(3.4205160156254016E-07,0.9999999999999415,0));
#5206=FACE_SURFACE('',(#5211),#5207,.T.);
#5207=PLANE('',#5208);
#5208=AXIS2_PLACEMENT_3D('',#302,#5209,#5210);
#5209=DIRECTION('',(0,0,-1));
#5210=DIRECTION('',(3.4205160156254016E-07,0.9999999999999415,0));
#5211=FACE_BOUND('',#5212,.T.);
#5212=EDGE_LOOP('',(#5213,#5214,#5215));
#5213=ORIENTED_EDGE('',*,*,#5216,.T.);
#5214=ORIENTED_EDGE('',*,*,#5217,.T.);
#5215=ORIENTED_EDGE('',*,*,#5218,.T.);
#5216=EDGE_CURVE('',#303,#307,#5219,.F.);
#5217=EDGE_CURVE('',#307,#311,#5220,.T.);
#5218=EDGE_CURVE('',#311,#303,#5221,.T.);
#5219=LINE('',#302,#5222);
#5220=LINE('',#306,#5223);
#5221=LINE('',#310,#5224);
#5222=VECTOR('',#5225,1.0);
#5223=VECTOR('',#5226,1.0);
#5224=VECTOR('',#5227,1.0);
#5225=DIRECTION('',(3.4205160156254016E-07,0.9999999999999415,0));
#5226=DIRECTION('',(1,0,0));
#5227=DIRECTION('',(-0.03229675755107955,-0.9994783236527377,0));
#5228=FACE_SURFACE('',(#5233),#5229,.T.);
#5229=PLANE('',#5230);
#5230=AXIS2_PLACEMENT_3D('',#302,#5231,#5232);
#5231=DIRECTION('',(0,0,-1));
#5232=DIRECTION('',(0.03229675755107955,0.9994783236527377,0));
#5233=FACE_BOUND('',#5234,.T.);
#5234=EDGE_LOOP('',(#5235,#5236,#5237));
#5235=ORIENTED_EDGE('',*,*,#5238,.T.);
#5236=ORIENTED_EDGE('',*,*,#5239,.T.);
#5237=ORIENTED_EDGE('',*,*,#5240,.T.);
#5238=EDGE_CURVE('',#303,#311,#5241,.F.);
#5239=EDGE_CURVE('',#311,#297,#5242,.T.);
#5240=EDGE_CURVE('',#297,#303,#5243,.T.);
#5241=LINE('',#302,#5244);
#5242=LINE('',#310,#5245);
#5243=LINE('',#296,#5246);
#5244=VECTOR('',#5247,1.0);
#5245=VECTOR('',#5248,1.0);
#5246=VECTOR('',#5249,1.0);
#5247=DIRECTION('',(0.03229675755107955,0.9994783236527377,0));
#5248=DIRECTION('',(-3.4205160156254016E-07,-0.9999999999999415,0));
#5249=DIRECTION('',(-1,0,0));
#5250=FACE_SURFACE('',(#5255),#5251,.T.);
#5251=PLANE('',#5252);
#5252=AXIS2_PLACEMENT_3D('',#304,#5253,#5254);
#5253=DIRECTION('',(0,0,1));
#5254=DIRECTION('',(-3.4205160156254016E-07,-0.9999999999999415,0));
#5255=FACE_BOUND('',#5256,.T.);
#5256=EDGE_LOOP('',(#5257,#5258,#5259));
#5257=ORIENTED_EDGE('',*,*,#5260,.T.);
#5258=ORIENTED_EDGE('',*,*,#5261,.T.);
#5259=ORIENTED_EDGE('',*,*,#5262,.T.);
#5260=EDGE_CURVE('',#305,#301,#5263,.F.);
#5261=EDGE_CURVE('',#301,#299,#5264,.T.);
#5262=EDGE_CURVE('',#299,#305,#5265,.T.);
#5263=LINE('',#304,#5266);
#5264=LINE('',#300,#5267);
#5265=LINE('',#298,#5268);
#5266=VECTOR('',#5269,1.0);
#5267=VECTOR('',#5270,1.0);
#5268=VECTOR('',#5271,1.0);
#5269=DIRECTION('',(-3.4205160156254016E-07,-0.9999999999999415,0));
#5270=DIRECTION('',(1,0,0));
#5271=DIRECTION('',(-0.03229607451793675,0.999478345723774,0));
#5272=FACE_SURFACE('',(#5277),#5273,.T.);
#5273=PLANE('',#5274);
#5274=AXIS2_PLACEMENT_3D('',#304,#5275,#5276);
#5275=DIRECTION('',(-0,0,1));
#5276=DIRECTION('',(0.03229607451793675,-0.999478345723774,0));
#5277=FACE_BOUND('',#5278,.T.);
#5278=EDGE_LOOP('',(#5279,#5280,#5281));
#5279=ORIENTED_EDGE('',*,*,#5282,.T.);
#5280=ORIENTED_EDGE('',*,*,#5283,.T.);
#5281=ORIENTED_EDGE('',*,*,#5284,.T.);
#5282=EDGE_CURVE('',#305,#299,#5285,.F.);
#5283=EDGE_CURVE('',#299,#309,#5286,.T.);
#5284=EDGE_CURVE('',#309,#305,#5287,.T.);
#5285=LINE('',#304,#5288);
#5286=LINE('',#298,#5289);
#5287=LINE('',#308,#5290);
#5288=VECTOR('',#5291,1.0);
#5289=VECTOR('',#5292,1.0);
#5290=VECTOR('',#5293,1.0);
#5291=DIRECTION('',(0.03229607451793675,-0.999478345723774,0));
#5292=DIRECTION('',(3.4205160156254016E-07,0.9999999999999415,0));
#5293=DIRECTION('',(-1,0,0));
#5294=FACE_SURFACE('',(#5299),#5295,.T.);
#5295=PLANE('',#5296);
#5296=AXIS2_PLACEMENT_3D('',#312,#5297,#5298);
#5297=DIRECTION('',(-1,0,0));
#5298=DIRECTION('',(0,0,1));
#5299=FACE_BOUND('',#5300,.T.);
#5300=EDGE_LOOP('',(#5301,#5302,#5303));
#5301=ORIENTED_EDGE('',*,*,#5304,.T.);
#5302=ORIENTED_EDGE('',*,*,#5305,.T.);
#5303=ORIENTED_EDGE('',*,*,#5306,.T.);
#5304=EDGE_CURVE('',#313,#315,#5307,.F.);
#5305=EDGE_CURVE('',#315,#317,#5308,.T.);
#5306=EDGE_CURVE('',#317,#313,#5309,.T.);
#5307=LINE('',#312,#5310);
#5308=LINE('',#314,#5311);
#5309=LINE('',#316,#5312);
#5310=VECTOR('',#5313,1.0);
#5311=VECTOR('',#5314,1.0);
#5312=VECTOR('',#5315,1.0);
#5313=DIRECTION('',(0,0,1));
#5314=DIRECTION('',(0,1,0));
#5315=DIRECTION('',(0,-0.48191584672917054,-0.8762175053440251));
#5316=FACE_SURFACE('',(#5321),#5317,.T.);
#5317=PLANE('',#5318);
#5318=AXIS2_PLACEMENT_3D('',#312,#5319,#5320);
#5319=DIRECTION('',(-1,0,0));
#5320=DIRECTION('',(0,0.48191584672917054,0.8762175053440251));
#5321=FACE_BOUND('',#5322,.T.);
#5322=EDGE_LOOP('',(#5323,#5324,#5325));
#5323=ORIENTED_EDGE('',*,*,#5326,.T.);
#5324=ORIENTED_EDGE('',*,*,#5327,.T.);
#5325=ORIENTED_EDGE('',*,*,#5328,.T.);
#5326=EDGE_CURVE('',#313,#317,#5329,.F.);
#5327=EDGE_CURVE('',#317,#319,#5330,.T.);
#5328=EDGE_CURVE('',#319,#313,#5331,.T.);
#5329=LINE('',#312,#5332);
#5330=LINE('',#316,#5333);
#5331=LINE('',#318,#5334);
#5332=VECTOR('',#5335,1.0);
#5333=VECTOR('',#5336,1.0);
#5334=VECTOR('',#5337,1.0);
#5335=DIRECTION('',(0,0.48191584672917054,0.8762175053440251));
#5336=DIRECTION('',(0,0,-1));
#5337=DIRECTION('',(0,-1,0));
#5338=FACE_SURFACE('',(#5343),#5339,.T.);
#5339=PLANE('',#5340);
#5340=AXIS2_PLACEMENT_3D('',#318,#5341,#5342);
#5341=DIRECTION('',(3.586182349751617E-07,0.9999999999999357,-0));
#5342=DIRECTION('',(0,0,1));
#5343=FACE_BOUND('',#5344,.T.);
#5344=EDGE_LOOP('',(#5345,#5346,#5347));
#5345=ORIENTED_EDGE('',*,*,#5348,.T.);
#5346=ORIENTED_EDGE('',*,*,#5349,.T.);
#5347=ORIENTED_EDGE('',*,*,#5350,.T.);
#5348=EDGE_CURVE('',#319,#317,#5351,.F.);
#5349=EDGE_CURVE('',#317,#321,#5352,.T.);
#5350=EDGE_CURVE('',#321,#319,#5353,.T.);
#5351=LINE('',#318,#5354);
#5352=LINE('',#316,#5355);
#5353=LINE('',#320,#5356);
#5354=VECTOR('',#5357,1.0);
#5355=VECTOR('',#5358,1.0);
#5356=VECTOR('',#5359,1.0);
#5357=DIRECTION('',(0,0,1));
#5358=DIRECTION('',(0.9999999999999357,-3.586182349751617E-07,0));
#5359=DIRECTION('',(-0.999723933112703,3.5851923235532723E-07,-0.023495905207912712));
#5360=FACE_SURFACE('',(#5365),#5361,.T.);
#5361=PLANE('',#5362);
#5362=AXIS2_PLACEMENT_3D('',#318,#5363,#5364);
#5363=DIRECTION('',(3.586182349751617E-07,0.9999999999999357,0));
#5364=DIRECTION('',(0.999723933112703,-3.5851923235532723E-07,0.023495905207912712));
#5365=FACE_BOUND('',#5366,.T.);
#5366=EDGE_LOOP('',(#5367,#5368,#5369));
#5367=ORIENTED_EDGE('',*,*,#5370,.T.);
#5368=ORIENTED_EDGE('',*,*,#5371,.T.);
#5369=ORIENTED_EDGE('',*,*,#5372,.T.);
#5370=EDGE_CURVE('',#319,#321,#5373,.F.);
#5371=EDGE_CURVE('',#321,#323,#5374,.T.);
#5372=EDGE_CURVE('',#323,#319,#5375,.T.);
#5373=LINE('',#318,#5376);
#5374=LINE('',#320,#5377);
#5375=LINE('',#322,#5378);
#5376=VECTOR('',#5379,1.0);
#5377=VECTOR('',#5380,1.0);
#5378=VECTOR('',#5381,1.0);
#5379=DIRECTION('',(0.999723933112703,-3.5851923235532723E-07,0.023495905207912712));
#5380=DIRECTION('',(0,0,-1));
#5381=DIRECTION('',(-0.9999999999999357,3.586182349751617E-07,0));
#5382=FACE_SURFACE('',(#5387),#5383,.T.);
#5383=PLANE('',#5384);
#5384=AXIS2_PLACEMENT_3D('',#322,#5385,#5386);
#5385=DIRECTION('',(1,0,-0));
#5386=DIRECTION('',(0,0,1));
#5387=FACE_BOUND('',#5388,.T.);
#5388=EDGE_LOOP('',(#5389,#5390,#5391));
#5389=ORIENTED_EDGE('',*,*,#5392,.T.);
#5390=ORIENTED_EDGE('',*,*,#5393,.T.);
#5391=ORIENTED_EDGE('',*,*,#5394,.T.);
#5392=EDGE_CURVE('',#323,#321,#5395,.F.);
#5393=EDGE_CURVE('',#321,#325,#5396,.T.);
#5394=EDGE_CURVE('',#325,#323,#5397,.T.);
#5395=LINE('',#322,#5398);
#5396=LINE('',#320,#5399);
#5397=LINE('',#324,#5400);
#5398=VECTOR('',#5401,1.0);
#5399=VECTOR('',#5402,1.0);
#5400=VECTOR('',#5403,1.0);
#5401=DIRECTION('',(0,0,1));
#5402=DIRECTION('',(0,-1,0));
#5403=DIRECTION('',(0,0.4819145636111915,-0.8762182110521526));
#5404=FACE_SURFACE('',(#5409),#5405,.T.);
#5405=PLANE('',#5406);
#5406=AXIS2_PLACEMENT_3D('',#322,#5407,#5408);
#5407=DIRECTION('',(1,0,0));
#5408=DIRECTION('',(0,-0.4819145636111915,0.8762182110521526));
#5409=FACE_BOUND('',#5410,.T.);
#5410=EDGE_LOOP('',(#5411,#5412,#5413));
#5411=ORIENTED_EDGE('',*,*,#5414,.T.);
#5412=ORIENTED_EDGE('',*,*,#5415,.T.);
#5413=ORIENTED_EDGE('',*,*,#5416,.T.);
#5414=EDGE_CURVE('',#323,#325,#5417,.F.);
#5415=EDGE_CURVE('',#325,#327,#5418,.T.);
#5416=EDGE_CURVE('',#327,#323,#5419,.T.);
#5417=LINE('',#322,#5420);
#5418=LINE('',#324,#5421);
#5419=LINE('',#326,#5422);
#5420=VECTOR('',#5423,1.0);
#5421=VECTOR('',#5424,1.0);
#5422=VECTOR('',#5425,1.0);
#5423=DIRECTION('',(0,-0.4819145636111915,0.8762182110521526));
#5424=DIRECTION('',(0,0,-1));
#5425=DIRECTION('',(0,1,0));
#5426=FACE_SURFACE('',(#5431),#5427,.T.);
#5427=PLANE('',#5428);
#5428=AXIS2_PLACEMENT_3D('',#326,#5429,#5430);
#5429=DIRECTION('',(-3.137909556032712E-07,-0.9999999999999507,0));
#5430=DIRECTION('',(0,0,1));
#5431=FACE_BOUND('',#5432,.T.);
#5432=EDGE_LOOP('',(#5433,#5434,#5435));
#5433=ORIENTED_EDGE('',*,*,#5436,.T.);
#5434=ORIENTED_EDGE('',*,*,#5437,.T.);
#5435=ORIENTED_EDGE('',*,*,#5438,.T.);
#5436=EDGE_CURVE('',#327,#325,#5439,.F.);
#5437=EDGE_CURVE('',#325,#315,#5440,.T.);
#5438=EDGE_CURVE('',#315,#327,#5441,.T.);
#5439=LINE('',#326,#5442);
#5440=LINE('',#324,#5443);
#5441=LINE('',#314,#5444);
#5442=VECTOR('',#5445,1.0);
#5443=VECTOR('',#5446,1.0);
#5444=VECTOR('',#5447,1.0);
#5445=DIRECTION('',(0,0,1));
#5446=DIRECTION('',(-0.9999999999999507,3.137909556032712E-07,0));
#5447=DIRECTION('',(0.9997239331127181,-3.1370432831091603E-07,-0.023495905207913066));
#5448=FACE_SURFACE('',(#5453),#5449,.T.);
#5449=PLANE('',#5450);
#5450=AXIS2_PLACEMENT_3D('',#326,#5451,#5452);
#5451=DIRECTION('',(-3.137909556032712E-07,-0.9999999999999507,0));
#5452=DIRECTION('',(-0.9997239331127181,3.1370432831091603E-07,0.023495905207913066));
#5453=FACE_BOUND('',#5454,.T.);
#5454=EDGE_LOOP('',(#5455,#5456,#5457));
#5455=ORIENTED_EDGE('',*,*,#5458,.T.);
#5456=ORIENTED_EDGE('',*,*,#5459,.T.);
#5457=ORIENTED_EDGE('',*,*,#5460,.T.);
#5458=EDGE_CURVE('',#327,#315,#5461,.F.);
#5459=EDGE_CURVE('',#315,#313,#5462,.T.);
#5460=EDGE_CURVE('',#313,#327,#5463,.T.);
#5461=LINE('',#326,#5464);
#5462=LINE('',#314,#5465);
#5463=LINE('',#312,#5466);
#5464=VECTOR('',#5467,1.0);
#5465=VECTOR('',#5468,1.0);
#5466=VECTOR('',#5469,1.0);
#5467=DIRECTION('',(-0.9997239331127181,3.1370432831091603E-07,0.023495905207913066));
#5468=DIRECTION('',(0,0,-1));
#5469=DIRECTION('',(0.9999999999999507,-3.137909556032712E-07,0));
#5470=FACE_SURFACE('',(#5475),#5471,.T.);
#5471=PLANE('',#5472);
#5472=AXIS2_PLACEMENT_3D('',#318,#5473,#5474);
#5473=DIRECTION('',(0,0,-1));
#5474=DIRECTION('',(0.9999999999999357,-3.586182349751617E-07,0));
#5475=FACE_BOUND('',#5476,.T.);
#5476=EDGE_LOOP('',(#5477,#5478,#5479));
#5477=ORIENTED_EDGE('',*,*,#5480,.T.);
#5478=ORIENTED_EDGE('',*,*,#5481,.T.);
#5479=ORIENTED_EDGE('',*,*,#5482,.T.);
#5480=EDGE_CURVE('',#319,#323,#5483,.F.);
#5481=EDGE_CURVE('',#323,#327,#5484,.T.);
#5482=EDGE_CURVE('',#327,#319,#5485,.T.);
#5483=LINE('',#318,#5486);
#5484=LINE('',#322,#5487);
#5485=LINE('',#326,#5488);
#5486=VECTOR('',#5489,1.0);
#5487=VECTOR('',#5490,1.0);
#5488=VECTOR('',#5491,1.0);
#5489=DIRECTION('',(0.9999999999999357,-3.586182349751617E-07,0));
#5490=DIRECTION('',(0,-1,0));
#5491=DIRECTION('',(-0.9999164628959265,0.01292544891674019,0));
#5492=FACE_SURFACE('',(#5497),#5493,.T.);
#5493=PLANE('',#5494);
#5494=AXIS2_PLACEMENT_3D('',#318,#5495,#5496);
#5495=DIRECTION('',(0,0,-1));
#5496=DIRECTION('',(0.9999164628959265,-0.01292544891674019,0));
#5497=FACE_BOUND('',#5498,.T.);
#5498=EDGE_LOOP('',(#5499,#5500,#5501));
#5499=ORIENTED_EDGE('',*,*,#5502,.T.);
#5500=ORIENTED_EDGE('',*,*,#5503,.T.);
#5501=ORIENTED_EDGE('',*,*,#5504,.T.);
#5502=EDGE_CURVE('',#319,#327,#5505,.F.);
#5503=EDGE_CURVE('',#327,#313,#5506,.T.);
#5504=EDGE_CURVE('',#313,#319,#5507,.T.);
#5505=LINE('',#318,#5508);
#5506=LINE('',#326,#5509);
#5507=LINE('',#312,#5510);
#5508=VECTOR('',#5511,1.0);
#5509=VECTOR('',#5512,1.0);
#5510=VECTOR('',#5513,1.0);
#5511=DIRECTION('',(0.9999164628959265,-0.01292544891674019,0));
#5512=DIRECTION('',(-0.9999999999999507,3.137909556032712E-07,0));
#5513=DIRECTION('',(0,1,0));
#5514=FACE_SURFACE('',(#5519),#5515,.T.);
#5515=PLANE('',#5516);
#5516=AXIS2_PLACEMENT_3D('',#320,#5517,#5518);
#5517=DIRECTION('',(0,0,1));
#5518=DIRECTION('',(-0.9999999999999357,3.586182349751617E-07,0));
#5519=FACE_BOUND('',#5520,.T.);
#5520=EDGE_LOOP('',(#5521,#5522,#5523));
#5521=ORIENTED_EDGE('',*,*,#5524,.T.);
#5522=ORIENTED_EDGE('',*,*,#5525,.T.);
#5523=ORIENTED_EDGE('',*,*,#5526,.T.);
#5524=EDGE_CURVE('',#321,#317,#5527,.F.);
#5525=EDGE_CURVE('',#317,#315,#5528,.T.);
#5526=EDGE_CURVE('',#315,#321,#5529,.T.);
#5527=LINE('',#320,#5530);
#5528=LINE('',#316,#5531);
#5529=LINE('',#314,#5532);
#5530=VECTOR('',#5533,1.0);
#5531=VECTOR('',#5534,1.0);
#5532=VECTOR('',#5535,1.0);
#5533=DIRECTION('',(-0.9999999999999357,3.586182349751617E-07,0));
#5534=DIRECTION('',(0,-1,0));
#5535=DIRECTION('',(0.9999164715854392,0.01292477667604012,0));
#5536=FACE_SURFACE('',(#5541),#5537,.T.);
#5537=PLANE('',#5538);
#5538=AXIS2_PLACEMENT_3D('',#320,#5539,#5540);
#5539=DIRECTION('',(0,0,1));
#5540=DIRECTION('',(-0.9999164715854392,-0.01292477667604012,0));
#5541=FACE_BOUND('',#5542,.T.);
#5542=EDGE_LOOP('',(#5543,#5544,#5545));
#5543=ORIENTED_EDGE('',*,*,#5546,.T.);
#5544=ORIENTED_EDGE('',*,*,#5547,.T.);
#5545=ORIENTED_EDGE('',*,*,#5548,.T.);
#5546=EDGE_CURVE('',#321,#315,#5549,.F.);
#5547=EDGE_CURVE('',#315,#325,#5550,.T.);
#5548=EDGE_CURVE('',#325,#321,#5551,.T.);
#5549=LINE('',#320,#5552);
#5550=LINE('',#314,#5553);
#5551=LINE('',#324,#5554);
#5552=VECTOR('',#5555,1.0);
#5553=VECTOR('',#5556,1.0);
#5554=VECTOR('',#5557,1.0);
#5555=DIRECTION('',(-0.9999164715854392,-0.01292477667604012,0));
#5556=DIRECTION('',(0.9999999999999507,-3.137909556032712E-07,0));
#5557=DIRECTION('',(0,1,0));
#5558=FACE_SURFACE('',(#5563),#5559,.T.);
#5559=PLANE('',#5560);
#5560=AXIS2_PLACEMENT_3D('',#328,#5561,#5562);
#5561=DIRECTION('',(0,-1,0));
#5562=DIRECTION('',(0,0,1));
#5563=FACE_BOUND('',#5564,.T.);
#5564=EDGE_LOOP('',(#5565,#5566,#5567));
#5565=ORIENTED_EDGE('',*,*,#5568,.T.);
#5566=ORIENTED_EDGE('',*,*,#5569,.T.);
#5567=ORIENTED_EDGE('',*,*,#5570,.T.);
#5568=EDGE_CURVE('',#329,#331,#5571,.F.);
#5569=EDGE_CURVE('',#331,#333,#5572,.T.);
#5570=EDGE_CURVE('',#333,#329,#5573,.T.);
#5571=LINE('',#328,#5574);
#5572=LINE('',#330,#5575);
#5573=LINE('',#332,#5576);
#5574=VECTOR('',#5577,1.0);
#5575=VECTOR('',#5578,1.0);
#5576=VECTOR('',#5579,1.0);
#5577=DIRECTION('',(0,0,1));
#5578=DIRECTION('',(-1,0,0));
#5579=DIRECTION('',(0.33903303806731677,0,-0.9407744677120258));
#5580=FACE_SURFACE('',(#5585),#5581,.T.);
#5581=PLANE('',#5582);
#5582=AXIS2_PLACEMENT_3D('',#328,#5583,#5584);
#5583=DIRECTION('',(0,-1,0));
#5584=DIRECTION('',(-0.33903303806731677,0,0.9407744677120258));
#5585=FACE_BOUND('',#5586,.T.);
#5586=EDGE_LOOP('',(#5587,#5588,#5589));
#5587=ORIENTED_EDGE('',*,*,#5590,.T.);
#5588=ORIENTED_EDGE('',*,*,#5591,.T.);
#5589=ORIENTED_EDGE('',*,*,#5592,.T.);
#5590=EDGE_CURVE('',#329,#333,#5593,.F.);
#5591=EDGE_CURVE('',#333,#335,#5594,.T.);
#5592=EDGE_CURVE('',#335,#329,#5595,.T.);
#5593=LINE('',#328,#5596);
#5594=LINE('',#332,#5597);
#5595=LINE('',#334,#5598);
#5596=VECTOR('',#5599,1.0);
#5597=VECTOR('',#5600,1.0);
#5598=VECTOR('',#5601,1.0);
#5599=DIRECTION('',(-0.33903303806731677,0,0.9407744677120258));
#5600=DIRECTION('',(0,0,-1));
#5601=DIRECTION('',(1,0,0));
#5602=FACE_SURFACE('',(#5607),#5603,.T.);
#5603=PLANE('',#5604);
#5604=AXIS2_PLACEMENT_3D('',#334,#5605,#5606);
#5605=DIRECTION('',(-1,0,0));
#5606=DIRECTION('',(0,0,1));
#5607=FACE_BOUND('',#5608,.T.);
#5608=EDGE_LOOP('',(#5609,#5610,#5611));
#5609=ORIENTED_EDGE('',*,*,#5612,.T.);
#5610=ORIENTED_EDGE('',*,*,#5613,.T.);
#5611=ORIENTED_EDGE('',*,*,#5614,.T.);
#5612=EDGE_CURVE('',#335,#333,#5615,.F.);
#5613=EDGE_CURVE('',#333,#337,#5616,.T.);
#5614=EDGE_CURVE('',#337,#335,#5617,.T.);
#5615=LINE('',#334,#5618);
#5616=LINE('',#332,#5619);
#5617=LINE('',#336,#5620);
#5618=VECTOR('',#5621,1.0);
#5619=VECTOR('',#5622,1.0);
#5620=VECTOR('',#5623,1.0);
#5621=DIRECTION('',(0,0,1));
#5622=DIRECTION('',(0,1,0));
#5623=DIRECTION('',(0,-0.8905716328924236,-0.4548430132334915));
#5624=FACE_SURFACE('',(#5629),#5625,.T.);
#5625=PLANE('',#5626);
#5626=AXIS2_PLACEMENT_3D('',#334,#5627,#5628);
#5627=DIRECTION('',(-1,0,0));
#5628=DIRECTION('',(0,0.8905716328924236,0.4548430132334915));
#5629=FACE_BOUND('',#5630,.T.);
#5630=EDGE_LOOP('',(#5631,#5632,#5633));
#5631=ORIENTED_EDGE('',*,*,#5634,.T.);
#5632=ORIENTED_EDGE('',*,*,#5635,.T.);
#5633=ORIENTED_EDGE('',*,*,#5636,.T.);
#5634=EDGE_CURVE('',#335,#337,#5637,.F.);
#5635=EDGE_CURVE('',#337,#339,#5638,.T.);
#5636=EDGE_CURVE('',#339,#335,#5639,.T.);
#5637=LINE('',#334,#5640);
#5638=LINE('',#336,#5641);
#5639=LINE('',#338,#5642);
#5640=VECTOR('',#5643,1.0);
#5641=VECTOR('',#5644,1.0);
#5642=VECTOR('',#5645,1.0);
#5643=DIRECTION('',(0,0.8905716328924236,0.4548430132334915));
#5644=DIRECTION('',(0,0,-1));
#5645=DIRECTION('',(0,-1,0));
#5646=FACE_SURFACE('',(#5651),#5647,.T.);
#5647=PLANE('',#5648);
#5648=AXIS2_PLACEMENT_3D('',#338,#5649,#5650);
#5649=DIRECTION('',(0,1,0));
#5650=DIRECTION('',(0,0,1));
#5651=FACE_BOUND('',#5652,.T.);
#5652=EDGE_LOOP('',(#5653,#5654,#5655));
#5653=ORIENTED_EDGE('',*,*,#5656,.T.);
#5654=ORIENTED_EDGE('',*,*,#5657,.T.);
#5655=ORIENTED_EDGE('',*,*,#5658,.T.);
#5656=EDGE_CURVE('',#339,#337,#5659,.F.);
#5657=EDGE_CURVE('',#337,#341,#5660,.T.);
#5658=EDGE_CURVE('',#341,#339,#5661,.T.);
#5659=LINE('',#338,#5662);
#5660=LINE('',#336,#5663);
#5661=LINE('',#340,#5664);
#5662=VECTOR('',#5665,1.0);
#5663=VECTOR('',#5666,1.0);
#5664=VECTOR('',#5667,1.0);
#5665=DIRECTION('',(0,0,1));
#5666=DIRECTION('',(1,0,0));
#5667=DIRECTION('',(-0.3390298617956204,0,-0.9407756123597393));
#5668=FACE_SURFACE('',(#5673),#5669,.T.);
#5669=PLANE('',#5670);
#5670=AXIS2_PLACEMENT_3D('',#338,#5671,#5672);
#5671=DIRECTION('',(0,1,0));
#5672=DIRECTION('',(0.3390298617956204,0,0.9407756123597393));
#5673=FACE_BOUND('',#5674,.T.);
#5674=EDGE_LOOP('',(#5675,#5676,#5677));
#5675=ORIENTED_EDGE('',*,*,#5678,.T.);
#5676=ORIENTED_EDGE('',*,*,#5679,.T.);
#5677=ORIENTED_EDGE('',*,*,#5680,.T.);
#5678=EDGE_CURVE('',#339,#341,#5681,.F.);
#5679=EDGE_CURVE('',#341,#343,#5682,.T.);
#5680=EDGE_CURVE('',#343,#339,#5683,.T.);
#5681=LINE('',#338,#5684);
#5682=LINE('',#340,#5685);
#5683=LINE('',#342,#5686);
#5684=VECTOR('',#5687,1.0);
#5685=VECTOR('',#5688,1.0);
#5686=VECTOR('',#5689,1.0);
#5687=DIRECTION('',(0.3390298617956204,0,0.9407756123597393));
#5688=DIRECTION('',(0,0,-1));
#5689=DIRECTION('',(-1,0,0));
#5690=FACE_SURFACE('',(#5695),#5691,.T.);
#5691=PLANE('',#5692);
#5692=AXIS2_PLACEMENT_3D('',#342,#5693,#5694);
#5693=DIRECTION('',(0.9999999999981021,1.9482871025061586E-06,-0));
#5694=DIRECTION('',(0,0,1));
#5695=FACE_BOUND('',#5696,.T.);
#5696=EDGE_LOOP('',(#5697,#5698,#5699));
#5697=ORIENTED_EDGE('',*,*,#5700,.T.);
#5698=ORIENTED_EDGE('',*,*,#5701,.T.);
#5699=ORIENTED_EDGE('',*,*,#5702,.T.);
#5700=EDGE_CURVE('',#343,#341,#5703,.F.);
#5701=EDGE_CURVE('',#341,#331,#5704,.T.);
#5702=EDGE_CURVE('',#331,#343,#5705,.T.);
#5703=LINE('',#342,#5706);
#5704=LINE('',#340,#5707);
#5705=LINE('',#330,#5708);
#5706=VECTOR('',#5709,1.0);
#5707=VECTOR('',#5710,1.0);
#5708=VECTOR('',#5711,1.0);
#5709=DIRECTION('',(0,0,1));
#5710=DIRECTION('',(1.9482871025061586E-06,-0.9999999999981021,0));
#5711=DIRECTION('',(-1.73508922622284E-06,0.8905716328910831,-0.45484301323280685));
#5712=FACE_SURFACE('',(#5717),#5713,.T.);
#5713=PLANE('',#5714);
#5714=AXIS2_PLACEMENT_3D('',#342,#5715,#5716);
#5715=DIRECTION('',(0.9999999999981021,1.9482871025061586E-06,0));
#5716=DIRECTION('',(1.73508922622284E-06,-0.8905716328910831,0.45484301323280685));
#5717=FACE_BOUND('',#5718,.T.);
#5718=EDGE_LOOP('',(#5719,#5720,#5721));
#5719=ORIENTED_EDGE('',*,*,#5722,.T.);
#5720=ORIENTED_EDGE('',*,*,#5723,.T.);
#5721=ORIENTED_EDGE('',*,*,#5724,.T.);
#5722=EDGE_CURVE('',#343,#331,#5725,.F.);
#5723=EDGE_CURVE('',#331,#329,#5726,.T.);
#5724=EDGE_CURVE('',#329,#343,#5727,.T.);
#5725=LINE('',#342,#5728);
#5726=LINE('',#330,#5729);
#5727=LINE('',#328,#5730);
#5728=VECTOR('',#5731,1.0);
#5729=VECTOR('',#5732,1.0);
#5730=VECTOR('',#5733,1.0);
#5731=DIRECTION('',(1.73508922622284E-06,-0.8905716328910831,0.45484301323280685));
#5732=DIRECTION('',(0,0,-1));
#5733=DIRECTION('',(-1.9482871025061586E-06,0.9999999999981021,0));
#5734=FACE_SURFACE('',(#5739),#5735,.T.);
#5735=PLANE('',#5736);
#5736=AXIS2_PLACEMENT_3D('',#334,#5737,#5738);
#5737=DIRECTION('',(0,0,-1));
#5738=DIRECTION('',(0,1,0));
#5739=FACE_BOUND('',#5740,.T.);
#5740=EDGE_LOOP('',(#5741,#5742,#5743));
#5741=ORIENTED_EDGE('',*,*,#5744,.T.);
#5742=ORIENTED_EDGE('',*,*,#5745,.T.);
#5743=ORIENTED_EDGE('',*,*,#5746,.T.);
#5744=EDGE_CURVE('',#335,#339,#5747,.F.);
#5745=EDGE_CURVE('',#339,#343,#5748,.T.);
#5746=EDGE_CURVE('',#343,#335,#5749,.T.);
#5747=LINE('',#334,#5750);
#5748=LINE('',#338,#5751);
#5749=LINE('',#342,#5752);
#5750=VECTOR('',#5753,1.0);
#5751=VECTOR('',#5754,1.0);
#5752=VECTOR('',#5755,1.0);
#5753=DIRECTION('',(0,1,0));
#5754=DIRECTION('',(1,0,0));
#5755=DIRECTION('',(-0.18101326175154697,-0.9834806551580291,0));
#5756=FACE_SURFACE('',(#5761),#5757,.T.);
#5757=PLANE('',#5758);
#5758=AXIS2_PLACEMENT_3D('',#334,#5759,#5760);
#5759=DIRECTION('',(0,0,-1));
#5760=DIRECTION('',(0.18101326175154697,0.9834806551580291,0));
#5761=FACE_BOUND('',#5762,.T.);
#5762=EDGE_LOOP('',(#5763,#5764,#5765));
#5763=ORIENTED_EDGE('',*,*,#5766,.T.);
#5764=ORIENTED_EDGE('',*,*,#5767,.T.);
#5765=ORIENTED_EDGE('',*,*,#5768,.T.);
#5766=EDGE_CURVE('',#335,#343,#5769,.F.);
#5767=EDGE_CURVE('',#343,#329,#5770,.T.);
#5768=EDGE_CURVE('',#329,#335,#5771,.T.);
#5769=LINE('',#334,#5772);
#5770=LINE('',#342,#5773);
#5771=LINE('',#328,#5774);
#5772=VECTOR('',#5775,1.0);
#5773=VECTOR('',#5776,1.0);
#5774=VECTOR('',#5777,1.0);
#5775=DIRECTION('',(0.18101326175154697,0.9834806551580291,0));
#5776=DIRECTION('',(1.9482871025061586E-06,-0.9999999999981021,0));
#5777=DIRECTION('',(-1,0,0));
#5778=FACE_SURFACE('',(#5783),#5779,.T.);
#5779=PLANE('',#5780);
#5780=AXIS2_PLACEMENT_3D('',#336,#5781,#5782);
#5781=DIRECTION('',(0,0,1));
#5782=DIRECTION('',(0,-1,0));
#5783=FACE_BOUND('',#5784,.T.);
#5784=EDGE_LOOP('',(#5785,#5786,#5787));
#5785=ORIENTED_EDGE('',*,*,#5788,.T.);
#5786=ORIENTED_EDGE('',*,*,#5789,.T.);
#5787=ORIENTED_EDGE('',*,*,#5790,.T.);
#5788=EDGE_CURVE('',#337,#333,#5791,.F.);
#5789=EDGE_CURVE('',#333,#331,#5792,.T.);
#5790=EDGE_CURVE('',#331,#337,#5793,.T.);
#5791=LINE('',#336,#5794);
#5792=LINE('',#332,#5795);
#5793=LINE('',#330,#5796);
#5794=VECTOR('',#5797,1.0);
#5795=VECTOR('',#5798,1.0);
#5796=VECTOR('',#5799,1.0);
#5797=DIRECTION('',(0,-1,0));
#5798=DIRECTION('',(1,0,0));
#5799=DIRECTION('',(-0.18101511507061993,0.9834803140459752,0));
#5800=FACE_SURFACE('',(#5805),#5801,.T.);
#5801=PLANE('',#5802);
#5802=AXIS2_PLACEMENT_3D('',#336,#5803,#5804);
#5803=DIRECTION('',(-0,0,1));
#5804=DIRECTION('',(0.18101511507061993,-0.9834803140459752,0));
#5805=FACE_BOUND('',#5806,.T.);
#5806=EDGE_LOOP('',(#5807,#5808,#5809));
#5807=ORIENTED_EDGE('',*,*,#5810,.T.);
#5808=ORIENTED_EDGE('',*,*,#5811,.T.);
#5809=ORIENTED_EDGE('',*,*,#5812,.T.);
#5810=EDGE_CURVE('',#337,#331,#5813,.F.);
#5811=EDGE_CURVE('',#331,#341,#5814,.T.);
#5812=EDGE_CURVE('',#341,#337,#5815,.T.);
#5813=LINE('',#336,#5816);
#5814=LINE('',#330,#5817);
#5815=LINE('',#340,#5818);
#5816=VECTOR('',#5819,1.0);
#5817=VECTOR('',#5820,1.0);
#5818=VECTOR('',#5821,1.0);
#5819=DIRECTION('',(0.18101511507061993,-0.9834803140459752,0));
#5820=DIRECTION('',(-1.9482871025061586E-06,0.9999999999981021,0));
#5821=DIRECTION('',(-1,0,0));
#5822=FACE_SURFACE('',(#5827),#5823,.T.);
#5823=PLANE('',#5824);
#5824=AXIS2_PLACEMENT_3D('',#136,#5825,#5826);
#5825=DIRECTION('',(-0.9999999999999524,3.084605088163907E-07,0));
#5826=DIRECTION('',(3.084605088163908E-07,0.9999999999999525,0));
#5827=FACE_BOUND('',#5828,.T.);
#5828=EDGE_LOOP('',(#5829,#5830,#5831));
#5829=ORIENTED_EDGE('',*,*,#5832,.T.);
#5830=ORIENTED_EDGE('',*,*,#5833,.T.);
#5831=ORIENTED_EDGE('',*,*,#5834,.T.);
#5832=EDGE_CURVE('',#137,#139,#5835,.F.);
#5833=EDGE_CURVE('',#139,#189,#5836,.T.);
#5834=EDGE_CURVE('',#189,#137,#5837,.T.);
#5835=LINE('',#136,#5838);
#5836=LINE('',#138,#5839);
#5837=LINE('',#188,#5840);
#5838=VECTOR('',#5841,1.0);
#5839=VECTOR('',#5842,1.0);
#5840=VECTOR('',#5843,1.0);
#5841=DIRECTION('',(3.084605088163908E-07,0.9999999999999525,0));
#5842=DIRECTION('',(0,0,-1));
#5843=DIRECTION('',(-3.054493498584427E-07,-0.990238105456297,0.13938613454081544));
#5844=FACE_SURFACE('',(#5849),#5845,.T.);
#5845=PLANE('',#5846);
#5846=AXIS2_PLACEMENT_3D('',#136,#5847,#5848);
#5847=DIRECTION('',(-0.9999999999999524,3.084605088163907E-07,0));
#5848=DIRECTION('',(3.054493498584427E-07,0.990238105456297,-0.13938613454081544));
#5849=FACE_BOUND('',#5850,.T.);
#5850=EDGE_LOOP('',(#5851,#5852,#5853));
#5851=ORIENTED_EDGE('',*,*,#5854,.T.);
#5852=ORIENTED_EDGE('',*,*,#5855,.T.);
#5853=ORIENTED_EDGE('',*,*,#5856,.T.);
#5854=EDGE_CURVE('',#137,#189,#5857,.F.);
#5855=EDGE_CURVE('',#189,#191,#5858,.T.);
#5856=EDGE_CURVE('',#191,#137,#5859,.T.);
#5857=LINE('',#136,#5860);
#5858=LINE('',#188,#5861);
#5859=LINE('',#190,#5862);
#5860=VECTOR('',#5863,1.0);
#5861=VECTOR('',#5864,1.0);
#5862=VECTOR('',#5865,1.0);
#5863=DIRECTION('',(3.054493498584427E-07,0.990238105456297,-0.13938613454081544));
#5864=DIRECTION('',(-3.084605088163908E-07,-0.9999999999999525,0));
#5865=DIRECTION('',(0,0,1));
#5866=FACE_SURFACE('',(#5871),#5867,.T.);
#5867=PLANE('',#5868);
#5868=AXIS2_PLACEMENT_3D('',#186,#5869,#5870);
#5869=DIRECTION('',(0,1,0));
#5870=DIRECTION('',(0,0,1));
#5871=FACE_BOUND('',#5872,.T.);
#5872=EDGE_LOOP('',(#5873,#5874,#5875));
#5873=ORIENTED_EDGE('',*,*,#5876,.T.);
#5874=ORIENTED_EDGE('',*,*,#5877,.T.);
#5875=ORIENTED_EDGE('',*,*,#5878,.T.);
#5876=EDGE_CURVE('',#187,#125,#5879,.F.);
#5877=EDGE_CURVE('',#125,#137,#5880,.T.);
#5878=EDGE_CURVE('',#137,#187,#5881,.T.);
#5879=LINE('',#186,#5882);
#5880=LINE('',#124,#5883);
#5881=LINE('',#136,#5884);
#5882=VECTOR('',#5885,1.0);
#5883=VECTOR('',#5886,1.0);
#5884=VECTOR('',#5887,1.0);
#5885=DIRECTION('',(0,0,1));
#5886=DIRECTION('',(1,0,0));
#5887=DIRECTION('',(-0.17735982632611877,0,-0.9841460724941034));
#5888=FACE_SURFACE('',(#5893),#5889,.T.);
#5889=PLANE('',#5890);
#5890=AXIS2_PLACEMENT_3D('',#186,#5891,#5892);
#5891=DIRECTION('',(0,1,0));
#5892=DIRECTION('',(0.17735982632611877,0,0.9841460724941034));
#5893=FACE_BOUND('',#5894,.T.);
#5894=EDGE_LOOP('',(#5895,#5896,#5897));
#5895=ORIENTED_EDGE('',*,*,#5898,.T.);
#5896=ORIENTED_EDGE('',*,*,#5899,.T.);
#5897=ORIENTED_EDGE('',*,*,#5900,.T.);
#5898=EDGE_CURVE('',#187,#137,#5901,.F.);
#5899=EDGE_CURVE('',#137,#191,#5902,.T.);
#5900=EDGE_CURVE('',#191,#187,#5903,.T.);
#5901=LINE('',#186,#5904);
#5902=LINE('',#136,#5905);
#5903=LINE('',#190,#5906);
#5904=VECTOR('',#5907,1.0);
#5905=VECTOR('',#5908,1.0);
#5906=VECTOR('',#5909,1.0);
#5907=DIRECTION('',(0.17735982632611877,0,0.9841460724941034));
#5908=DIRECTION('',(0,0,-1));
#5909=DIRECTION('',(-1,0,0));
#5910=FACE_SURFACE('',(#5915),#5911,.T.);
#5911=PLANE('',#5912);
#5912=AXIS2_PLACEMENT_3D('',#180,#5913,#5914);
#5913=DIRECTION('',(0.9999999999999524,-3.084605088163907E-07,0));
#5914=DIRECTION('',(0,0,1));
#5915=FACE_BOUND('',#5916,.T.);
#5916=EDGE_LOOP('',(#5917,#5918,#5919));
#5917=ORIENTED_EDGE('',*,*,#5920,.T.);
#5918=ORIENTED_EDGE('',*,*,#5921,.T.);
#5919=ORIENTED_EDGE('',*,*,#5922,.T.);
#5920=EDGE_CURVE('',#181,#135,#5923,.F.);
#5921=EDGE_CURVE('',#135,#125,#5924,.T.);
#5922=EDGE_CURVE('',#125,#181,#5925,.T.);
#5923=LINE('',#180,#5926);
#5924=LINE('',#134,#5927);
#5925=LINE('',#124,#5928);
#5926=VECTOR('',#5929,1.0);
#5927=VECTOR('',#5930,1.0);
#5928=VECTOR('',#5931,1.0);
#5929=DIRECTION('',(0,0,1));
#5930=DIRECTION('',(-3.084605088163908E-07,-0.9999999999999525,0));
#5931=DIRECTION('',(3.054493498584427E-07,0.990238105456297,-0.13938613454081544));
#5932=FACE_SURFACE('',(#5937),#5933,.T.);
#5933=PLANE('',#5934);
#5934=AXIS2_PLACEMENT_3D('',#180,#5935,#5936);
#5935=DIRECTION('',(0.9999999999999524,-3.084605088163907E-07,0));
#5936=DIRECTION('',(-3.054493498584427E-07,-0.990238105456297,0.13938613454081544));
#5937=FACE_BOUND('',#5938,.T.);
#5938=EDGE_LOOP('',(#5939,#5940,#5941));
#5939=ORIENTED_EDGE('',*,*,#5942,.T.);
#5940=ORIENTED_EDGE('',*,*,#5943,.T.);
#5941=ORIENTED_EDGE('',*,*,#5944,.T.);
#5942=EDGE_CURVE('',#181,#125,#5945,.F.);
#5943=EDGE_CURVE('',#125,#187,#5946,.T.);
#5944=EDGE_CURVE('',#187,#181,#5947,.T.);
#5945=LINE('',#180,#5948);
#5946=LINE('',#124,#5949);
#5947=LINE('',#186,#5950);
#5948=VECTOR('',#5951,1.0);
#5949=VECTOR('',#5952,1.0);
#5950=VECTOR('',#5953,1.0);
#5951=DIRECTION('',(-3.054493498584427E-07,-0.990238105456297,0.13938613454081544));
#5952=DIRECTION('',(0,0,-1));
#5953=DIRECTION('',(3.084605088163908E-07,0.9999999999999525,0));
#5954=FACE_SURFACE('',(#5959),#5955,.T.);
#5955=PLANE('',#5956);
#5956=AXIS2_PLACEMENT_3D('',#138,#5957,#5958);
#5957=DIRECTION('',(-0,-1,0));
#5958=DIRECTION('',(-1,0,0));
#5959=FACE_BOUND('',#5960,.T.);
#5960=EDGE_LOOP('',(#5961,#5962,#5963));
#5961=ORIENTED_EDGE('',*,*,#5964,.T.);
#5962=ORIENTED_EDGE('',*,*,#5965,.T.);
#5963=ORIENTED_EDGE('',*,*,#5966,.T.);
#5964=EDGE_CURVE('',#139,#135,#5967,.F.);
#5965=EDGE_CURVE('',#135,#181,#5968,.T.);
#5966=EDGE_CURVE('',#181,#139,#5969,.T.);
#5967=LINE('',#138,#5970);
#5968=LINE('',#134,#5971);
#5969=LINE('',#180,#5972);
#5970=VECTOR('',#5973,1.0);
#5971=VECTOR('',#5974,1.0);
#5972=VECTOR('',#5975,1.0);
#5973=DIRECTION('',(-1,0,0));
#5974=DIRECTION('',(0,0,-1));
#5975=DIRECTION('',(0.17735982632611877,0,0.9841460724941034));
#5976=FACE_SURFACE('',(#5981),#5977,.T.);
#5977=PLANE('',#5978);
#5978=AXIS2_PLACEMENT_3D('',#138,#5979,#5980);
#5979=DIRECTION('',(0,-1,-0));
#5980=DIRECTION('',(-0.17735982632611877,0,-0.9841460724941034));
#5981=FACE_BOUND('',#5982,.T.);
#5982=EDGE_LOOP('',(#5983,#5984,#5985));
#5983=ORIENTED_EDGE('',*,*,#5986,.T.);
#5984=ORIENTED_EDGE('',*,*,#5987,.T.);
#5985=ORIENTED_EDGE('',*,*,#5988,.T.);
#5986=EDGE_CURVE('',#139,#181,#5989,.F.);
#5987=EDGE_CURVE('',#181,#189,#5990,.T.);
#5988=EDGE_CURVE('',#189,#139,#5991,.T.);
#5989=LINE('',#138,#5992);
#5990=LINE('',#180,#5993);
#5991=LINE('',#188,#5994);
#5992=VECTOR('',#5995,1.0);
#5993=VECTOR('',#5996,1.0);
#5994=VECTOR('',#5997,1.0);
#5995=DIRECTION('',(-0.17735982632611877,0,-0.9841460724941034));
#5996=DIRECTION('',(1,0,0));
#5997=DIRECTION('',(0,0,1));
#5998=FACE_SURFACE('',(#6003),#5999,.T.);
#5999=PLANE('',#6000);
#6000=AXIS2_PLACEMENT_3D('',#126,#6001,#6002);
#6001=DIRECTION('',(-0.9999999999999525,3.0846054053235586E-07,0));
#6002=DIRECTION('',(3.0846054053235586E-07,0.9999999999999525,0));
#6003=FACE_BOUND('',#6004,.T.);
#6004=EDGE_LOOP('',(#6005,#6006,#6007));
#6005=ORIENTED_EDGE('',*,*,#6008,.T.);
#6006=ORIENTED_EDGE('',*,*,#6009,.T.);
#6007=ORIENTED_EDGE('',*,*,#6010,.T.);
#6008=EDGE_CURVE('',#127,#133,#6011,.F.);
#6009=EDGE_CURVE('',#133,#183,#6012,.T.);
#6010=EDGE_CURVE('',#183,#127,#6013,.T.);
#6011=LINE('',#126,#6014);
#6012=LINE('',#132,#6015);
#6013=LINE('',#182,#6016);
#6014=VECTOR('',#6017,1.0);
#6015=VECTOR('',#6018,1.0);
#6016=VECTOR('',#6019,1.0);
#6017=DIRECTION('',(3.0846054053235586E-07,0.9999999999999525,0));
#6018=DIRECTION('',(0,0,-1));
#6019=DIRECTION('',(-3.054493806546215E-07,-0.9902381034781563,0.13938614859407938));
#6020=FACE_SURFACE('',(#6025),#6021,.T.);
#6021=PLANE('',#6022);
#6022=AXIS2_PLACEMENT_3D('',#126,#6023,#6024);
#6023=DIRECTION('',(-0.9999999999999525,3.0846054053235586E-07,0));
#6024=DIRECTION('',(3.054493806546215E-07,0.9902381034781563,-0.13938614859407938));
#6025=FACE_BOUND('',#6026,.T.);
#6026=EDGE_LOOP('',(#6027,#6028,#6029));
#6027=ORIENTED_EDGE('',*,*,#6030,.T.);
#6028=ORIENTED_EDGE('',*,*,#6031,.T.);
#6029=ORIENTED_EDGE('',*,*,#6032,.T.);
#6030=EDGE_CURVE('',#127,#183,#6033,.F.);
#6031=EDGE_CURVE('',#183,#185,#6034,.T.);
#6032=EDGE_CURVE('',#185,#127,#6035,.T.);
#6033=LINE('',#126,#6036);
#6034=LINE('',#182,#6037);
#6035=LINE('',#184,#6038);
#6036=VECTOR('',#6039,1.0);
#6037=VECTOR('',#6040,1.0);
#6038=VECTOR('',#6041,1.0);
#6039=DIRECTION('',(3.054493806546215E-07,0.9902381034781563,-0.13938614859407938));
#6040=DIRECTION('',(-3.0846054053235586E-07,-0.9999999999999525,0));
#6041=DIRECTION('',(0,0,1));
#6042=FACE_SURFACE('',(#6047),#6043,.T.);
#6043=PLANE('',#6044);
#6044=AXIS2_PLACEMENT_3D('',#174,#6045,#6046);
#6045=DIRECTION('',(0,1,0));
#6046=DIRECTION('',(0,0,1));
#6047=FACE_BOUND('',#6048,.T.);
#6048=EDGE_LOOP('',(#6049,#6050,#6051));
#6049=ORIENTED_EDGE('',*,*,#6052,.T.);
#6050=ORIENTED_EDGE('',*,*,#6053,.T.);
#6051=ORIENTED_EDGE('',*,*,#6054,.T.);
#6052=EDGE_CURVE('',#175,#129,#6055,.F.);
#6053=EDGE_CURVE('',#129,#127,#6056,.T.);
#6054=EDGE_CURVE('',#127,#175,#6057,.T.);
#6055=LINE('',#174,#6058);
#6056=LINE('',#128,#6059);
#6057=LINE('',#126,#6060);
#6058=VECTOR('',#6061,1.0);
#6059=VECTOR('',#6062,1.0);
#6060=VECTOR('',#6063,1.0);
#6061=DIRECTION('',(0,0,1));
#6062=DIRECTION('',(1,0,0));
#6063=DIRECTION('',(-0.17735982632611877,0,-0.9841460724941034));
#6064=FACE_SURFACE('',(#6069),#6065,.T.);
#6065=PLANE('',#6066);
#6066=AXIS2_PLACEMENT_3D('',#174,#6067,#6068);
#6067=DIRECTION('',(0,1,0));
#6068=DIRECTION('',(0.17735982632611877,0,0.9841460724941034));
#6069=FACE_BOUND('',#6070,.T.);
#6070=EDGE_LOOP('',(#6071,#6072,#6073));
#6071=ORIENTED_EDGE('',*,*,#6074,.T.);
#6072=ORIENTED_EDGE('',*,*,#6075,.T.);
#6073=ORIENTED_EDGE('',*,*,#6076,.T.);
#6074=EDGE_CURVE('',#175,#127,#6077,.F.);
#6075=EDGE_CURVE('',#127,#185,#6078,.T.);
#6076=EDGE_CURVE('',#185,#175,#6079,.T.);
#6077=LINE('',#174,#6080);
#6078=LINE('',#126,#6081);
#6079=LINE('',#184,#6082);
#6080=VECTOR('',#6083,1.0);
#6081=VECTOR('',#6084,1.0);
#6082=VECTOR('',#6085,1.0);
#6083=DIRECTION('',(0.17735982632611877,0,0.9841460724941034));
#6084=DIRECTION('',(0,0,-1));
#6085=DIRECTION('',(-1,0,0));
#6086=FACE_SURFACE('',(#6091),#6087,.T.);
#6087=PLANE('',#6088);
#6088=AXIS2_PLACEMENT_3D('',#172,#6089,#6090);
#6089=DIRECTION('',(0.9999999999999525,-3.0846054053235586E-07,0));
#6090=DIRECTION('',(0,0,1));
#6091=FACE_BOUND('',#6092,.T.);
#6092=EDGE_LOOP('',(#6093,#6094,#6095));
#6093=ORIENTED_EDGE('',*,*,#6096,.T.);
#6094=ORIENTED_EDGE('',*,*,#6097,.T.);
#6095=ORIENTED_EDGE('',*,*,#6098,.T.);
#6096=EDGE_CURVE('',#173,#131,#6099,.F.);
#6097=EDGE_CURVE('',#131,#129,#6100,.T.);
#6098=EDGE_CURVE('',#129,#173,#6101,.T.);
#6099=LINE('',#172,#6102);
#6100=LINE('',#130,#6103);
#6101=LINE('',#128,#6104);
#6102=VECTOR('',#6105,1.0);
#6103=VECTOR('',#6106,1.0);
#6104=VECTOR('',#6107,1.0);
#6105=DIRECTION('',(0,0,1));
#6106=DIRECTION('',(-3.0846054053235586E-07,-0.9999999999999525,0));
#6107=DIRECTION('',(3.054493806546215E-07,0.9902381034781563,-0.13938614859407938));
#6108=FACE_SURFACE('',(#6113),#6109,.T.);
#6109=PLANE('',#6110);
#6110=AXIS2_PLACEMENT_3D('',#172,#6111,#6112);
#6111=DIRECTION('',(0.9999999999999525,-3.0846054053235586E-07,0));
#6112=DIRECTION('',(-3.054493806546215E-07,-0.9902381034781563,0.13938614859407938));
#6113=FACE_BOUND('',#6114,.T.);
#6114=EDGE_LOOP('',(#6115,#6116,#6117));
#6115=ORIENTED_EDGE('',*,*,#6118,.T.);
#6116=ORIENTED_EDGE('',*,*,#6119,.T.);
#6117=ORIENTED_EDGE('',*,*,#6120,.T.);
#6118=EDGE_CURVE('',#173,#129,#6121,.F.);
#6119=EDGE_CURVE('',#129,#175,#6122,.T.);
#6120=EDGE_CURVE('',#175,#173,#6123,.T.);
#6121=LINE('',#172,#6124);
#6122=LINE('',#128,#6125);
#6123=LINE('',#174,#6126);
#6124=VECTOR('',#6127,1.0);
#6125=VECTOR('',#6128,1.0);
#6126=VECTOR('',#6129,1.0);
#6127=DIRECTION('',(-3.054493806546215E-07,-0.9902381034781563,0.13938614859407938));
#6128=DIRECTION('',(0,0,-1));
#6129=DIRECTION('',(3.0846054053235586E-07,0.9999999999999525,0));
#6130=FACE_SURFACE('',(#6135),#6131,.T.);
#6131=PLANE('',#6132);
#6132=AXIS2_PLACEMENT_3D('',#132,#6133,#6134);
#6133=DIRECTION('',(-0,-1,0));
#6134=DIRECTION('',(-1,0,0));
#6135=FACE_BOUND('',#6136,.T.);
#6136=EDGE_LOOP('',(#6137,#6138,#6139));
#6137=ORIENTED_EDGE('',*,*,#6140,.T.);
#6138=ORIENTED_EDGE('',*,*,#6141,.T.);
#6139=ORIENTED_EDGE('',*,*,#6142,.T.);
#6140=EDGE_CURVE('',#133,#131,#6143,.F.);
#6141=EDGE_CURVE('',#131,#173,#6144,.T.);
#6142=EDGE_CURVE('',#173,#133,#6145,.T.);
#6143=LINE('',#132,#6146);
#6144=LINE('',#130,#6147);
#6145=LINE('',#172,#6148);
#6146=VECTOR('',#6149,1.0);
#6147=VECTOR('',#6150,1.0);
#6148=VECTOR('',#6151,1.0);
#6149=DIRECTION('',(-1,0,0));
#6150=DIRECTION('',(0,0,-1));
#6151=DIRECTION('',(0.17735982632611877,0,0.9841460724941034));
#6152=FACE_SURFACE('',(#6157),#6153,.T.);
#6153=PLANE('',#6154);
#6154=AXIS2_PLACEMENT_3D('',#132,#6155,#6156);
#6155=DIRECTION('',(0,-1,-0));
#6156=DIRECTION('',(-0.17735982632611877,0,-0.9841460724941034));
#6157=FACE_BOUND('',#6158,.T.);
#6158=EDGE_LOOP('',(#6159,#6160,#6161));
#6159=ORIENTED_EDGE('',*,*,#6162,.T.);
#6160=ORIENTED_EDGE('',*,*,#6163,.T.);
#6161=ORIENTED_EDGE('',*,*,#6164,.T.);
#6162=EDGE_CURVE('',#133,#173,#6165,.F.);
#6163=EDGE_CURVE('',#173,#183,#6166,.T.);
#6164=EDGE_CURVE('',#183,#133,#6167,.T.);
#6165=LINE('',#132,#6168);
#6166=LINE('',#172,#6169);
#6167=LINE('',#182,#6170);
#6168=VECTOR('',#6171,1.0);
#6169=VECTOR('',#6172,1.0);
#6170=VECTOR('',#6173,1.0);
#6171=DIRECTION('',(-0.17735982632611877,0,-0.9841460724941034));
#6172=DIRECTION('',(1,0,0));
#6173=DIRECTION('',(0,0,1));
#6174=FACE_SURFACE('',(#6179),#6175,.T.);
#6175=PLANE('',#6176);
#6176=AXIS2_PLACEMENT_3D('',#112,#6177,#6178);
#6177=DIRECTION('',(-0.9999999999999525,3.0846054053235586E-07,0));
#6178=DIRECTION('',(3.0846054053235586E-07,0.9999999999999525,0));
#6179=FACE_BOUND('',#6180,.T.);
#6180=EDGE_LOOP('',(#6181,#6182,#6183));
#6181=ORIENTED_EDGE('',*,*,#6184,.T.);
#6182=ORIENTED_EDGE('',*,*,#6185,.T.);
#6183=ORIENTED_EDGE('',*,*,#6186,.T.);
#6184=EDGE_CURVE('',#113,#121,#6187,.F.);
#6185=EDGE_CURVE('',#121,#171,#6188,.T.);
#6186=EDGE_CURVE('',#171,#113,#6189,.T.);
#6187=LINE('',#112,#6190);
#6188=LINE('',#120,#6191);
#6189=LINE('',#170,#6192);
#6190=VECTOR('',#6193,1.0);
#6191=VECTOR('',#6194,1.0);
#6192=VECTOR('',#6195,1.0);
#6193=DIRECTION('',(3.0846054053235586E-07,0.9999999999999525,0));
#6194=DIRECTION('',(0,0,-1));
#6195=DIRECTION('',(-3.054493806546215E-07,-0.9902381034781563,0.13938614859407938));
#6196=FACE_SURFACE('',(#6201),#6197,.T.);
#6197=PLANE('',#6198);
#6198=AXIS2_PLACEMENT_3D('',#112,#6199,#6200);
#6199=DIRECTION('',(-0.9999999999999525,3.0846054053235586E-07,0));
#6200=DIRECTION('',(3.054493806546215E-07,0.9902381034781563,-0.13938614859407938));
#6201=FACE_BOUND('',#6202,.T.);
#6202=EDGE_LOOP('',(#6203,#6204,#6205));
#6203=ORIENTED_EDGE('',*,*,#6206,.T.);
#6204=ORIENTED_EDGE('',*,*,#6207,.T.);
#6205=ORIENTED_EDGE('',*,*,#6208,.T.);
#6206=EDGE_CURVE('',#113,#171,#6209,.F.);
#6207=EDGE_CURVE('',#171,#169,#6210,.T.);
#6208=EDGE_CURVE('',#169,#113,#6211,.T.);
#6209=LINE('',#112,#6212);
#6210=LINE('',#170,#6213);
#6211=LINE('',#168,#6214);
#6212=VECTOR('',#6215,1.0);
#6213=VECTOR('',#6216,1.0);
#6214=VECTOR('',#6217,1.0);
#6215=DIRECTION('',(3.054493806546215E-07,0.9902381034781563,-0.13938614859407938));
#6216=DIRECTION('',(-3.0846054053235586E-07,-0.9999999999999525,0));
#6217=DIRECTION('',(0,0,1));
#6218=FACE_SURFACE('',(#6223),#6219,.T.);
#6219=PLANE('',#6220);
#6220=AXIS2_PLACEMENT_3D('',#178,#6221,#6222);
#6221=DIRECTION('',(4.053243405339685E-06,0.9999999999917857,-0));
#6222=DIRECTION('',(0,0,1));
#6223=FACE_BOUND('',#6224,.T.);
#6224=EDGE_LOOP('',(#6225,#6226,#6227));
#6225=ORIENTED_EDGE('',*,*,#6228,.T.);
#6226=ORIENTED_EDGE('',*,*,#6229,.T.);
#6227=ORIENTED_EDGE('',*,*,#6230,.T.);
#6228=EDGE_CURVE('',#179,#115,#6231,.F.);
#6229=EDGE_CURVE('',#115,#113,#6232,.T.);
#6230=EDGE_CURVE('',#113,#179,#6233,.T.);
#6231=LINE('',#178,#6234);
#6232=LINE('',#114,#6235);
#6233=LINE('',#112,#6236);
#6234=VECTOR('',#6237,1.0);
#6235=VECTOR('',#6238,1.0);
#6236=VECTOR('',#6239,1.0);
#6237=DIRECTION('',(0,0,1));
#6238=DIRECTION('',(0.9999999999917857,-4.053243405339685E-06,0));
#6239=DIRECTION('',(-0.17735982632607292,7.18882546434252E-07,-0.984146072493849));
#6240=FACE_SURFACE('',(#6245),#6241,.T.);
#6241=PLANE('',#6242);
#6242=AXIS2_PLACEMENT_3D('',#178,#6243,#6244);
#6243=DIRECTION('',(4.053243405339685E-06,0.9999999999917857,0));
#6244=DIRECTION('',(0.17735982632607292,-7.18882546434252E-07,0.984146072493849));
#6245=FACE_BOUND('',#6246,.T.);
#6246=EDGE_LOOP('',(#6247,#6248,#6249));
#6247=ORIENTED_EDGE('',*,*,#6250,.T.);
#6248=ORIENTED_EDGE('',*,*,#6251,.T.);
#6249=ORIENTED_EDGE('',*,*,#6252,.T.);
#6250=EDGE_CURVE('',#179,#113,#6253,.F.);
#6251=EDGE_CURVE('',#113,#169,#6254,.T.);
#6252=EDGE_CURVE('',#169,#179,#6255,.T.);
#6253=LINE('',#178,#6256);
#6254=LINE('',#112,#6257);
#6255=LINE('',#168,#6258);
#6256=VECTOR('',#6259,1.0);
#6257=VECTOR('',#6260,1.0);
#6258=VECTOR('',#6261,1.0);
#6259=DIRECTION('',(0.17735982632607292,-7.18882546434252E-07,0.984146072493849));
#6260=DIRECTION('',(0,0,-1));
#6261=DIRECTION('',(-0.9999999999917857,4.053243405339685E-06,0));
#6262=FACE_SURFACE('',(#6267),#6263,.T.);
#6263=PLANE('',#6264);
#6264=AXIS2_PLACEMENT_3D('',#176,#6265,#6266);
#6265=DIRECTION('',(0.9999999999999525,-3.0846055639034084E-07,0));
#6266=DIRECTION('',(0,0,1));
#6267=FACE_BOUND('',#6268,.T.);
#6268=EDGE_LOOP('',(#6269,#6270,#6271));
#6269=ORIENTED_EDGE('',*,*,#6272,.T.);
#6270=ORIENTED_EDGE('',*,*,#6273,.T.);
#6271=ORIENTED_EDGE('',*,*,#6274,.T.);
#6272=EDGE_CURVE('',#177,#119,#6275,.F.);
#6273=EDGE_CURVE('',#119,#115,#6276,.T.);
#6274=EDGE_CURVE('',#115,#177,#6277,.T.);
#6275=LINE('',#176,#6278);
#6276=LINE('',#118,#6279);
#6277=LINE('',#114,#6280);
#6278=VECTOR('',#6281,1.0);
#6279=VECTOR('',#6282,1.0);
#6280=VECTOR('',#6283,1.0);
#6281=DIRECTION('',(0,0,1));
#6282=DIRECTION('',(-3.0846055639034084E-07,-0.9999999999999525,0));
#6283=DIRECTION('',(3.054493960527133E-07,0.9902381024890858,-0.13938615562071238));
#6284=FACE_SURFACE('',(#6289),#6285,.T.);
#6285=PLANE('',#6286);
#6286=AXIS2_PLACEMENT_3D('',#176,#6287,#6288);
#6287=DIRECTION('',(0.9999999999999525,-3.0846055639034084E-07,0));
#6288=DIRECTION('',(-3.054493960527133E-07,-0.9902381024890858,0.13938615562071238));
#6289=FACE_BOUND('',#6290,.T.);
#6290=EDGE_LOOP('',(#6291,#6292,#6293));
#6291=ORIENTED_EDGE('',*,*,#6294,.T.);
#6292=ORIENTED_EDGE('',*,*,#6295,.T.);
#6293=ORIENTED_EDGE('',*,*,#6296,.T.);
#6294=EDGE_CURVE('',#177,#115,#6297,.F.);
#6295=EDGE_CURVE('',#115,#179,#6298,.T.);
#6296=EDGE_CURVE('',#179,#177,#6299,.T.);
#6297=LINE('',#176,#6300);
#6298=LINE('',#114,#6301);
#6299=LINE('',#178,#6302);
#6300=VECTOR('',#6303,1.0);
#6301=VECTOR('',#6304,1.0);
#6302=VECTOR('',#6305,1.0);
#6303=DIRECTION('',(-3.054493960527133E-07,-0.9902381024890858,0.13938615562071238));
#6304=DIRECTION('',(0,0,-1));
#6305=DIRECTION('',(3.0846055639034084E-07,0.9999999999999525,0));
#6306=FACE_SURFACE('',(#6311),#6307,.T.);
#6307=PLANE('',#6308);
#6308=AXIS2_PLACEMENT_3D('',#120,#6309,#6310);
#6309=DIRECTION('',(-2.0266217026823278E-06,-0.9999999999979464,0));
#6310=DIRECTION('',(-0.9999999999979463,2.0266217026823278E-06,0));
#6311=FACE_BOUND('',#6312,.T.);
#6312=EDGE_LOOP('',(#6313,#6314,#6315));
#6313=ORIENTED_EDGE('',*,*,#6316,.T.);
#6314=ORIENTED_EDGE('',*,*,#6317,.T.);
#6315=ORIENTED_EDGE('',*,*,#6318,.T.);
#6316=EDGE_CURVE('',#121,#119,#6319,.F.);
#6317=EDGE_CURVE('',#119,#177,#6320,.T.);
#6318=EDGE_CURVE('',#177,#121,#6321,.T.);
#6319=LINE('',#120,#6322);
#6320=LINE('',#118,#6323);
#6321=LINE('',#176,#6324);
#6322=VECTOR('',#6325,1.0);
#6323=VECTOR('',#6326,1.0);
#6324=VECTOR('',#6327,1.0);
#6325=DIRECTION('',(-0.9999999999979463,2.0266217026823278E-06,0));
#6326=DIRECTION('',(0,0,-1));
#6327=DIRECTION('',(0.1773598263261073,-3.5944127321719567E-07,0.9841460724940398));
#6328=FACE_SURFACE('',(#6333),#6329,.T.);
#6329=PLANE('',#6330);
#6330=AXIS2_PLACEMENT_3D('',#120,#6331,#6332);
#6331=DIRECTION('',(-2.0266217026823278E-06,-0.9999999999979464,-0));
#6332=DIRECTION('',(-0.1773598263261073,3.5944127321719567E-07,-0.9841460724940398));
#6333=FACE_BOUND('',#6334,.T.);
#6334=EDGE_LOOP('',(#6335,#6336,#6337));
#6335=ORIENTED_EDGE('',*,*,#6338,.T.);
#6336=ORIENTED_EDGE('',*,*,#6339,.T.);
#6337=ORIENTED_EDGE('',*,*,#6340,.T.);
#6338=EDGE_CURVE('',#121,#177,#6341,.F.);
#6339=EDGE_CURVE('',#177,#171,#6342,.T.);
#6340=EDGE_CURVE('',#171,#121,#6343,.T.);
#6341=LINE('',#120,#6344);
#6342=LINE('',#176,#6345);
#6343=LINE('',#170,#6346);
#6344=VECTOR('',#6347,1.0);
#6345=VECTOR('',#6348,1.0);
#6346=VECTOR('',#6349,1.0);
#6347=DIRECTION('',(-0.1773598263261073,3.5944127321719567E-07,-0.9841460724940398));
#6348=DIRECTION('',(0.9999999999979463,-2.0266217026823278E-06,0));
#6349=DIRECTION('',(0,0,1));
#6350=FACE_SURFACE('',(#6355),#6351,.T.);
#6351=PLANE('',#6352);
#6352=AXIS2_PLACEMENT_3D('',#162,#6353,#6354);
#6353=DIRECTION('',(-0.9999999999999524,3.084605088163907E-07,0));
#6354=DIRECTION('',(3.084605088163908E-07,0.9999999999999525,0));
#6355=FACE_BOUND('',#6356,.T.);
#6356=EDGE_LOOP('',(#6357,#6358,#6359));
#6357=ORIENTED_EDGE('',*,*,#6360,.T.);
#6358=ORIENTED_EDGE('',*,*,#6361,.T.);
#6359=ORIENTED_EDGE('',*,*,#6362,.T.);
#6360=EDGE_CURVE('',#163,#153,#6363,.F.);
#6361=EDGE_CURVE('',#153,#205,#6364,.T.);
#6362=EDGE_CURVE('',#205,#163,#6365,.T.);
#6363=LINE('',#162,#6366);
#6364=LINE('',#152,#6367);
#6365=LINE('',#204,#6368);
#6366=VECTOR('',#6369,1.0);
#6367=VECTOR('',#6370,1.0);
#6368=VECTOR('',#6371,1.0);
#6369=DIRECTION('',(3.084605088163908E-07,0.9999999999999525,0));
#6370=DIRECTION('',(0,0,-1));
#6371=DIRECTION('',(-3.054493498584427E-07,-0.990238105456297,0.13938613454081544));
#6372=FACE_SURFACE('',(#6377),#6373,.T.);
#6373=PLANE('',#6374);
#6374=AXIS2_PLACEMENT_3D('',#162,#6375,#6376);
#6375=DIRECTION('',(-0.9999999999999524,3.084605088163907E-07,0));
#6376=DIRECTION('',(3.054493498584427E-07,0.990238105456297,-0.13938613454081544));
#6377=FACE_BOUND('',#6378,.T.);
#6378=EDGE_LOOP('',(#6379,#6380,#6381));
#6379=ORIENTED_EDGE('',*,*,#6382,.T.);
#6380=ORIENTED_EDGE('',*,*,#6383,.T.);
#6381=ORIENTED_EDGE('',*,*,#6384,.T.);
#6382=EDGE_CURVE('',#163,#205,#6385,.F.);
#6383=EDGE_CURVE('',#205,#209,#6386,.T.);
#6384=EDGE_CURVE('',#209,#163,#6387,.T.);
#6385=LINE('',#162,#6388);
#6386=LINE('',#204,#6389);
#6387=LINE('',#208,#6390);
#6388=VECTOR('',#6391,1.0);
#6389=VECTOR('',#6392,1.0);
#6390=VECTOR('',#6393,1.0);
#6391=DIRECTION('',(3.054493498584427E-07,0.990238105456297,-0.13938613454081544));
#6392=DIRECTION('',(-3.084605088163908E-07,-0.9999999999999525,0));
#6393=DIRECTION('',(0,0,1));
#6394=FACE_SURFACE('',(#6399),#6395,.T.);
#6395=PLANE('',#6396);
#6396=AXIS2_PLACEMENT_3D('',#214,#6397,#6398);
#6397=DIRECTION('',(0,1,0));
#6398=DIRECTION('',(0,0,1));
#6399=FACE_BOUND('',#6400,.T.);
#6400=EDGE_LOOP('',(#6401,#6402,#6403));
#6401=ORIENTED_EDGE('',*,*,#6404,.T.);
#6402=ORIENTED_EDGE('',*,*,#6405,.T.);
#6403=ORIENTED_EDGE('',*,*,#6406,.T.);
#6404=EDGE_CURVE('',#215,#167,#6407,.F.);
#6405=EDGE_CURVE('',#167,#163,#6408,.T.);
#6406=EDGE_CURVE('',#163,#215,#6409,.T.);
#6407=LINE('',#214,#6410);
#6408=LINE('',#166,#6411);
#6409=LINE('',#162,#6412);
#6410=VECTOR('',#6413,1.0);
#6411=VECTOR('',#6414,1.0);
#6412=VECTOR('',#6415,1.0);
#6413=DIRECTION('',(0,0,1));
#6414=DIRECTION('',(1,0,0));
#6415=DIRECTION('',(-0.17736052259499746,0,-0.9841459470143793));
#6416=FACE_SURFACE('',(#6421),#6417,.T.);
#6417=PLANE('',#6418);
#6418=AXIS2_PLACEMENT_3D('',#214,#6419,#6420);
#6419=DIRECTION('',(0,1,0));
#6420=DIRECTION('',(0.17736052259499746,0,0.9841459470143793));
#6421=FACE_BOUND('',#6422,.T.);
#6422=EDGE_LOOP('',(#6423,#6424,#6425));
#6423=ORIENTED_EDGE('',*,*,#6426,.T.);
#6424=ORIENTED_EDGE('',*,*,#6427,.T.);
#6425=ORIENTED_EDGE('',*,*,#6428,.T.);
#6426=EDGE_CURVE('',#215,#163,#6429,.F.);
#6427=EDGE_CURVE('',#163,#209,#6430,.T.);
#6428=EDGE_CURVE('',#209,#215,#6431,.T.);
#6429=LINE('',#214,#6432);
#6430=LINE('',#162,#6433);
#6431=LINE('',#208,#6434);
#6432=VECTOR('',#6435,1.0);
#6433=VECTOR('',#6436,1.0);
#6434=VECTOR('',#6437,1.0);
#6435=DIRECTION('',(0.17736052259499746,0,0.9841459470143793));
#6436=DIRECTION('',(0,0,-1));
#6437=DIRECTION('',(-1,0,0));
#6438=FACE_SURFACE('',(#6443),#6439,.T.);
#6439=PLANE('',#6440);
#6440=AXIS2_PLACEMENT_3D('',#212,#6441,#6442);
#6441=DIRECTION('',(0.9999999999999524,-3.084605088163907E-07,0));
#6442=DIRECTION('',(0,0,1));
#6443=FACE_BOUND('',#6444,.T.);
#6444=EDGE_LOOP('',(#6445,#6446,#6447));
#6445=ORIENTED_EDGE('',*,*,#6448,.T.);
#6446=ORIENTED_EDGE('',*,*,#6449,.T.);
#6447=ORIENTED_EDGE('',*,*,#6450,.T.);
#6448=EDGE_CURVE('',#213,#165,#6451,.F.);
#6449=EDGE_CURVE('',#165,#167,#6452,.T.);
#6450=EDGE_CURVE('',#167,#213,#6453,.T.);
#6451=LINE('',#212,#6454);
#6452=LINE('',#164,#6455);
#6453=LINE('',#166,#6456);
#6454=VECTOR('',#6457,1.0);
#6455=VECTOR('',#6458,1.0);
#6456=VECTOR('',#6459,1.0);
#6457=DIRECTION('',(0,0,1));
#6458=DIRECTION('',(-3.084605088163908E-07,-0.9999999999999525,0));
#6459=DIRECTION('',(3.054493498584427E-07,0.990238105456297,-0.13938613454081544));
#6460=FACE_SURFACE('',(#6465),#6461,.T.);
#6461=PLANE('',#6462);
#6462=AXIS2_PLACEMENT_3D('',#212,#6463,#6464);
#6463=DIRECTION('',(0.9999999999999524,-3.084605088163907E-07,0));
#6464=DIRECTION('',(-3.054493498584427E-07,-0.990238105456297,0.13938613454081544));
#6465=FACE_BOUND('',#6466,.T.);
#6466=EDGE_LOOP('',(#6467,#6468,#6469));
#6467=ORIENTED_EDGE('',*,*,#6470,.T.);
#6468=ORIENTED_EDGE('',*,*,#6471,.T.);
#6469=ORIENTED_EDGE('',*,*,#6472,.T.);
#6470=EDGE_CURVE('',#213,#167,#6473,.F.);
#6471=EDGE_CURVE('',#167,#215,#6474,.T.);
#6472=EDGE_CURVE('',#215,#213,#6475,.T.);
#6473=LINE('',#212,#6476);
#6474=LINE('',#166,#6477);
#6475=LINE('',#214,#6478);
#6476=VECTOR('',#6479,1.0);
#6477=VECTOR('',#6480,1.0);
#6478=VECTOR('',#6481,1.0);
#6479=DIRECTION('',(-3.054493498584427E-07,-0.990238105456297,0.13938613454081544));
#6480=DIRECTION('',(0,0,-1));
#6481=DIRECTION('',(3.084605088163908E-07,0.9999999999999525,0));
#6482=FACE_SURFACE('',(#6487),#6483,.T.);
#6483=PLANE('',#6484);
#6484=AXIS2_PLACEMENT_3D('',#152,#6485,#6486);
#6485=DIRECTION('',(-0,-1,0));
#6486=DIRECTION('',(-1,0,0));
#6487=FACE_BOUND('',#6488,.T.);
#6488=EDGE_LOOP('',(#6489,#6490,#6491));
#6489=ORIENTED_EDGE('',*,*,#6492,.T.);
#6490=ORIENTED_EDGE('',*,*,#6493,.T.);
#6491=ORIENTED_EDGE('',*,*,#6494,.T.);
#6492=EDGE_CURVE('',#153,#165,#6495,.F.);
#6493=EDGE_CURVE('',#165,#213,#6496,.T.);
#6494=EDGE_CURVE('',#213,#153,#6497,.T.);
#6495=LINE('',#152,#6498);
#6496=LINE('',#164,#6499);
#6497=LINE('',#212,#6500);
#6498=VECTOR('',#6501,1.0);
#6499=VECTOR('',#6502,1.0);
#6500=VECTOR('',#6503,1.0);
#6501=DIRECTION('',(-1,0,0));
#6502=DIRECTION('',(0,0,-1));
#6503=DIRECTION('',(0.17736052259499746,0,0.9841459470143793));
#6504=FACE_SURFACE('',(#6509),#6505,.T.);
#6505=PLANE('',#6506);
#6506=AXIS2_PLACEMENT_3D('',#152,#6507,#6508);
#6507=DIRECTION('',(0,-1,-0));
#6508=DIRECTION('',(-0.17736052259499746,0,-0.9841459470143793));
#6509=FACE_BOUND('',#6510,.T.);
#6510=EDGE_LOOP('',(#6511,#6512,#6513));
#6511=ORIENTED_EDGE('',*,*,#6514,.T.);
#6512=ORIENTED_EDGE('',*,*,#6515,.T.);
#6513=ORIENTED_EDGE('',*,*,#6516,.T.);
#6514=EDGE_CURVE('',#153,#213,#6517,.F.);
#6515=EDGE_CURVE('',#213,#205,#6518,.T.);
#6516=EDGE_CURVE('',#205,#153,#6519,.T.);
#6517=LINE('',#152,#6520);
#6518=LINE('',#212,#6521);
#6519=LINE('',#204,#6522);
#6520=VECTOR('',#6523,1.0);
#6521=VECTOR('',#6524,1.0);
#6522=VECTOR('',#6525,1.0);
#6523=DIRECTION('',(-0.17736052259499746,0,-0.9841459470143793));
#6524=DIRECTION('',(1,0,0));
#6525=DIRECTION('',(0,0,1));
#6526=FACE_SURFACE('',(#6531),#6527,.T.);
#6527=PLANE('',#6528);
#6528=AXIS2_PLACEMENT_3D('',#148,#6529,#6530);
#6529=DIRECTION('',(-0.9999999999999525,3.0846055639034084E-07,0));
#6530=DIRECTION('',(3.0846055639034084E-07,0.9999999999999525,0));
#6531=FACE_BOUND('',#6532,.T.);
#6532=EDGE_LOOP('',(#6533,#6534,#6535));
#6533=ORIENTED_EDGE('',*,*,#6536,.T.);
#6534=ORIENTED_EDGE('',*,*,#6537,.T.);
#6535=ORIENTED_EDGE('',*,*,#6538,.T.);
#6536=EDGE_CURVE('',#149,#145,#6539,.F.);
#6537=EDGE_CURVE('',#145,#193,#6540,.T.);
#6538=EDGE_CURVE('',#193,#149,#6541,.T.);
#6539=LINE('',#148,#6542);
#6540=LINE('',#144,#6543);
#6541=LINE('',#192,#6544);
#6542=VECTOR('',#6545,1.0);
#6543=VECTOR('',#6546,1.0);
#6544=VECTOR('',#6547,1.0);
#6545=DIRECTION('',(3.0846055639034084E-07,0.9999999999999525,0));
#6546=DIRECTION('',(0,0,-1));
#6547=DIRECTION('',(-3.054493960527133E-07,-0.9902381024890858,0.13938615562071238));
#6548=FACE_SURFACE('',(#6553),#6549,.T.);
#6549=PLANE('',#6550);
#6550=AXIS2_PLACEMENT_3D('',#148,#6551,#6552);
#6551=DIRECTION('',(-0.9999999999999525,3.0846055639034084E-07,0));
#6552=DIRECTION('',(3.054493960527133E-07,0.9902381024890858,-0.13938615562071238));
#6553=FACE_BOUND('',#6554,.T.);
#6554=EDGE_LOOP('',(#6555,#6556,#6557));
#6555=ORIENTED_EDGE('',*,*,#6558,.T.);
#6556=ORIENTED_EDGE('',*,*,#6559,.T.);
#6557=ORIENTED_EDGE('',*,*,#6560,.T.);
#6558=EDGE_CURVE('',#149,#193,#6561,.F.);
#6559=EDGE_CURVE('',#193,#197,#6562,.T.);
#6560=EDGE_CURVE('',#197,#149,#6563,.T.);
#6561=LINE('',#148,#6564);
#6562=LINE('',#192,#6565);
#6563=LINE('',#196,#6566);
#6564=VECTOR('',#6567,1.0);
#6565=VECTOR('',#6568,1.0);
#6566=VECTOR('',#6569,1.0);
#6567=DIRECTION('',(3.054493960527133E-07,0.9902381024890858,-0.13938615562071238));
#6568=DIRECTION('',(-3.0846055639034084E-07,-0.9999999999999525,0));
#6569=DIRECTION('',(0,0,1));
#6570=FACE_SURFACE('',(#6575),#6571,.T.);
#6571=PLANE('',#6572);
#6572=AXIS2_PLACEMENT_3D('',#198,#6573,#6574);
#6573=DIRECTION('',(0,1,0));
#6574=DIRECTION('',(0,0,1));
#6575=FACE_BOUND('',#6576,.T.);
#6576=EDGE_LOOP('',(#6577,#6578,#6579));
#6577=ORIENTED_EDGE('',*,*,#6580,.T.);
#6578=ORIENTED_EDGE('',*,*,#6581,.T.);
#6579=ORIENTED_EDGE('',*,*,#6582,.T.);
#6580=EDGE_CURVE('',#199,#151,#6583,.F.);
#6581=EDGE_CURVE('',#151,#149,#6584,.T.);
#6582=EDGE_CURVE('',#149,#199,#6585,.T.);
#6583=LINE('',#198,#6586);
#6584=LINE('',#150,#6587);
#6585=LINE('',#148,#6588);
#6586=VECTOR('',#6589,1.0);
#6587=VECTOR('',#6590,1.0);
#6588=VECTOR('',#6591,1.0);
#6589=DIRECTION('',(0,0,1));
#6590=DIRECTION('',(1,0,0));
#6591=DIRECTION('',(-0.17736017446059138,0,-0.9841460097542989));
#6592=FACE_SURFACE('',(#6597),#6593,.T.);
#6593=PLANE('',#6594);
#6594=AXIS2_PLACEMENT_3D('',#198,#6595,#6596);
#6595=DIRECTION('',(0,1,0));
#6596=DIRECTION('',(0.17736017446059138,0,0.9841460097542989));
#6597=FACE_BOUND('',#6598,.T.);
#6598=EDGE_LOOP('',(#6599,#6600,#6601));
#6599=ORIENTED_EDGE('',*,*,#6602,.T.);
#6600=ORIENTED_EDGE('',*,*,#6603,.T.);
#6601=ORIENTED_EDGE('',*,*,#6604,.T.);
#6602=EDGE_CURVE('',#199,#149,#6605,.F.);
#6603=EDGE_CURVE('',#149,#197,#6606,.T.);
#6604=EDGE_CURVE('',#197,#199,#6607,.T.);
#6605=LINE('',#198,#6608);
#6606=LINE('',#148,#6609);
#6607=LINE('',#196,#6610);
#6608=VECTOR('',#6611,1.0);
#6609=VECTOR('',#6612,1.0);
#6610=VECTOR('',#6613,1.0);
#6611=DIRECTION('',(0.17736017446059138,0,0.9841460097542989));
#6612=DIRECTION('',(0,0,-1));
#6613=DIRECTION('',(-1,0,0));
#6614=FACE_SURFACE('',(#6619),#6615,.T.);
#6615=PLANE('',#6616);
#6616=AXIS2_PLACEMENT_3D('',#194,#6617,#6618);
#6617=DIRECTION('',(0.9999999999999525,-3.0846054053235586E-07,0));
#6618=DIRECTION('',(0,0,1));
#6619=FACE_BOUND('',#6620,.T.);
#6620=EDGE_LOOP('',(#6621,#6622,#6623));
#6621=ORIENTED_EDGE('',*,*,#6624,.T.);
#6622=ORIENTED_EDGE('',*,*,#6625,.T.);
#6623=ORIENTED_EDGE('',*,*,#6626,.T.);
#6624=EDGE_CURVE('',#195,#143,#6627,.F.);
#6625=EDGE_CURVE('',#143,#151,#6628,.T.);
#6626=EDGE_CURVE('',#151,#195,#6629,.T.);
#6627=LINE('',#194,#6630);
#6628=LINE('',#142,#6631);
#6629=LINE('',#150,#6632);
#6630=VECTOR('',#6633,1.0);
#6631=VECTOR('',#6634,1.0);
#6632=VECTOR('',#6635,1.0);
#6633=DIRECTION('',(0,0,1));
#6634=DIRECTION('',(-3.0846054053235586E-07,-0.9999999999999525,0));
#6635=DIRECTION('',(3.054493806546215E-07,0.9902381034781563,-0.13938614859407938));
#6636=FACE_SURFACE('',(#6641),#6637,.T.);
#6637=PLANE('',#6638);
#6638=AXIS2_PLACEMENT_3D('',#194,#6639,#6640);
#6639=DIRECTION('',(0.9999999999999525,-3.0846054053235586E-07,0));
#6640=DIRECTION('',(-3.054493806546215E-07,-0.9902381034781563,0.13938614859407938));
#6641=FACE_BOUND('',#6642,.T.);
#6642=EDGE_LOOP('',(#6643,#6644,#6645));
#6643=ORIENTED_EDGE('',*,*,#6646,.T.);
#6644=ORIENTED_EDGE('',*,*,#6647,.T.);
#6645=ORIENTED_EDGE('',*,*,#6648,.T.);
#6646=EDGE_CURVE('',#195,#151,#6649,.F.);
#6647=EDGE_CURVE('',#151,#199,#6650,.T.);
#6648=EDGE_CURVE('',#199,#195,#6651,.T.);
#6649=LINE('',#194,#6652);
#6650=LINE('',#150,#6653);
#6651=LINE('',#198,#6654);
#6652=VECTOR('',#6655,1.0);
#6653=VECTOR('',#6656,1.0);
#6654=VECTOR('',#6657,1.0);
#6655=DIRECTION('',(-3.054493806546215E-07,-0.9902381034781563,0.13938614859407938));
#6656=DIRECTION('',(0,0,-1));
#6657=DIRECTION('',(3.0846054053235586E-07,0.9999999999999525,0));
#6658=FACE_SURFACE('',(#6663),#6659,.T.);
#6659=PLANE('',#6660);
#6660=AXIS2_PLACEMENT_3D('',#144,#6661,#6662);
#6661=DIRECTION('',(-2.0266175954951257E-06,-0.9999999999979464,0));
#6662=DIRECTION('',(-0.9999999999979463,2.0266175954951257E-06,0));
#6663=FACE_BOUND('',#6664,.T.);
#6664=EDGE_LOOP('',(#6665,#6666,#6667));
#6665=ORIENTED_EDGE('',*,*,#6668,.T.);
#6666=ORIENTED_EDGE('',*,*,#6669,.T.);
#6667=ORIENTED_EDGE('',*,*,#6670,.T.);
#6668=EDGE_CURVE('',#145,#143,#6671,.F.);
#6669=EDGE_CURVE('',#143,#195,#6672,.T.);
#6670=EDGE_CURVE('',#195,#145,#6673,.T.);
#6671=LINE('',#144,#6674);
#6672=LINE('',#142,#6675);
#6673=LINE('',#194,#6676);
#6674=VECTOR('',#6677,1.0);
#6675=VECTOR('',#6678,1.0);
#6676=VECTOR('',#6679,1.0);
#6677=DIRECTION('',(-0.9999999999979463,2.0266175954951257E-06,0));
#6678=DIRECTION('',(0,0,-1));
#6679=DIRECTION('',(0.17736017446057994,-3.594412503026347E-07,0.9841460097542353));
#6680=FACE_SURFACE('',(#6685),#6681,.T.);
#6681=PLANE('',#6682);
#6682=AXIS2_PLACEMENT_3D('',#144,#6683,#6684);
#6683=DIRECTION('',(-2.0266175954951257E-06,-0.9999999999979464,-0));
#6684=DIRECTION('',(-0.17736017446057994,3.594412503026347E-07,-0.9841460097542353));
#6685=FACE_BOUND('',#6686,.T.);
#6686=EDGE_LOOP('',(#6687,#6688,#6689));
#6687=ORIENTED_EDGE('',*,*,#6690,.T.);
#6688=ORIENTED_EDGE('',*,*,#6691,.T.);
#6689=ORIENTED_EDGE('',*,*,#6692,.T.);
#6690=EDGE_CURVE('',#145,#195,#6693,.F.);
#6691=EDGE_CURVE('',#195,#193,#6694,.T.);
#6692=EDGE_CURVE('',#193,#145,#6695,.T.);
#6693=LINE('',#144,#6696);
#6694=LINE('',#194,#6697);
#6695=LINE('',#192,#6698);
#6696=VECTOR('',#6699,1.0);
#6697=VECTOR('',#6700,1.0);
#6698=VECTOR('',#6701,1.0);
#6699=DIRECTION('',(-0.17736017446057994,3.594412503026347E-07,-0.9841460097542353));
#6700=DIRECTION('',(0.9999999999979463,-2.0266175954951257E-06,0));
#6701=DIRECTION('',(0,0,1));
#6702=FACE_SURFACE('',(#6707),#6703,.T.);
#6703=PLANE('',#6704);
#6704=AXIS2_PLACEMENT_3D('',#158,#6705,#6706);
#6705=DIRECTION('',(-0.9999999999999525,3.0846054053235586E-07,0));
#6706=DIRECTION('',(3.0846054053235586E-07,0.9999999999999525,0));
#6707=FACE_BOUND('',#6708,.T.);
#6708=EDGE_LOOP('',(#6709,#6710,#6711));
#6709=ORIENTED_EDGE('',*,*,#6712,.T.);
#6710=ORIENTED_EDGE('',*,*,#6713,.T.);
#6711=ORIENTED_EDGE('',*,*,#6714,.T.);
#6712=EDGE_CURVE('',#159,#157,#6715,.F.);
#6713=EDGE_CURVE('',#157,#201,#6716,.T.);
#6714=EDGE_CURVE('',#201,#159,#6717,.T.);
#6715=LINE('',#158,#6718);
#6716=LINE('',#156,#6719);
#6717=LINE('',#200,#6720);
#6718=VECTOR('',#6721,1.0);
#6719=VECTOR('',#6722,1.0);
#6720=VECTOR('',#6723,1.0);
#6721=DIRECTION('',(3.0846054053235586E-07,0.9999999999999525,0));
#6722=DIRECTION('',(0,0,-1));
#6723=DIRECTION('',(-3.054493806546215E-07,-0.9902381034781563,0.13938614859407938));
#6724=FACE_SURFACE('',(#6729),#6725,.T.);
#6725=PLANE('',#6726);
#6726=AXIS2_PLACEMENT_3D('',#158,#6727,#6728);
#6727=DIRECTION('',(-0.9999999999999525,3.0846054053235586E-07,0));
#6728=DIRECTION('',(3.054493806546215E-07,0.9902381034781563,-0.13938614859407938));
#6729=FACE_BOUND('',#6730,.T.);
#6730=EDGE_LOOP('',(#6731,#6732,#6733));
#6731=ORIENTED_EDGE('',*,*,#6734,.T.);
#6732=ORIENTED_EDGE('',*,*,#6735,.T.);
#6733=ORIENTED_EDGE('',*,*,#6736,.T.);
#6734=EDGE_CURVE('',#159,#201,#6737,.F.);
#6735=EDGE_CURVE('',#201,#207,#6738,.T.);
#6736=EDGE_CURVE('',#207,#159,#6739,.T.);
#6737=LINE('',#158,#6740);
#6738=LINE('',#200,#6741);
#6739=LINE('',#206,#6742);
#6740=VECTOR('',#6743,1.0);
#6741=VECTOR('',#6744,1.0);
#6742=VECTOR('',#6745,1.0);
#6743=DIRECTION('',(3.054493806546215E-07,0.9902381034781563,-0.13938614859407938));
#6744=DIRECTION('',(-3.0846054053235586E-07,-0.9999999999999525,0));
#6745=DIRECTION('',(0,0,1));
#6746=FACE_SURFACE('',(#6751),#6747,.T.);
#6747=PLANE('',#6748);
#6748=AXIS2_PLACEMENT_3D('',#210,#6749,#6750);
#6749=DIRECTION('',(0,1,0));
#6750=DIRECTION('',(0,0,1));
#6751=FACE_BOUND('',#6752,.T.);
#6752=EDGE_LOOP('',(#6753,#6754,#6755));
#6753=ORIENTED_EDGE('',*,*,#6756,.T.);
#6754=ORIENTED_EDGE('',*,*,#6757,.T.);
#6755=ORIENTED_EDGE('',*,*,#6758,.T.);
#6756=EDGE_CURVE('',#211,#161,#6759,.F.);
#6757=EDGE_CURVE('',#161,#159,#6760,.T.);
#6758=EDGE_CURVE('',#159,#211,#6761,.T.);
#6759=LINE('',#210,#6762);
#6760=LINE('',#160,#6763);
#6761=LINE('',#158,#6764);
#6762=VECTOR('',#6765,1.0);
#6763=VECTOR('',#6766,1.0);
#6764=VECTOR('',#6767,1.0);
#6765=DIRECTION('',(0,0,1));
#6766=DIRECTION('',(1,0,0));
#6767=DIRECTION('',(-0.17736017446059138,0,-0.9841460097542989));
#6768=FACE_SURFACE('',(#6773),#6769,.T.);
#6769=PLANE('',#6770);
#6770=AXIS2_PLACEMENT_3D('',#210,#6771,#6772);
#6771=DIRECTION('',(0,1,0));
#6772=DIRECTION('',(0.17736017446059138,0,0.9841460097542989));
#6773=FACE_BOUND('',#6774,.T.);
#6774=EDGE_LOOP('',(#6775,#6776,#6777));
#6775=ORIENTED_EDGE('',*,*,#6778,.T.);
#6776=ORIENTED_EDGE('',*,*,#6779,.T.);
#6777=ORIENTED_EDGE('',*,*,#6780,.T.);
#6778=EDGE_CURVE('',#211,#159,#6781,.F.);
#6779=EDGE_CURVE('',#159,#207,#6782,.T.);
#6780=EDGE_CURVE('',#207,#211,#6783,.T.);
#6781=LINE('',#210,#6784);
#6782=LINE('',#158,#6785);
#6783=LINE('',#206,#6786);
#6784=VECTOR('',#6787,1.0);
#6785=VECTOR('',#6788,1.0);
#6786=VECTOR('',#6789,1.0);
#6787=DIRECTION('',(0.17736017446059138,0,0.9841460097542989));
#6788=DIRECTION('',(0,0,-1));
#6789=DIRECTION('',(-1,0,0));
#6790=FACE_SURFACE('',(#6795),#6791,.T.);
#6791=PLANE('',#6792);
#6792=AXIS2_PLACEMENT_3D('',#202,#6793,#6794);
#6793=DIRECTION('',(0.9999999999999525,-3.0846054053235586E-07,0));
#6794=DIRECTION('',(0,0,1));
#6795=FACE_BOUND('',#6796,.T.);
#6796=EDGE_LOOP('',(#6797,#6798,#6799));
#6797=ORIENTED_EDGE('',*,*,#6800,.T.);
#6798=ORIENTED_EDGE('',*,*,#6801,.T.);
#6799=ORIENTED_EDGE('',*,*,#6802,.T.);
#6800=EDGE_CURVE('',#203,#155,#6803,.F.);
#6801=EDGE_CURVE('',#155,#161,#6804,.T.);
#6802=EDGE_CURVE('',#161,#203,#6805,.T.);
#6803=LINE('',#202,#6806);
#6804=LINE('',#154,#6807);
#6805=LINE('',#160,#6808);
#6806=VECTOR('',#6809,1.0);
#6807=VECTOR('',#6810,1.0);
#6808=VECTOR('',#6811,1.0);
#6809=DIRECTION('',(0,0,1));
#6810=DIRECTION('',(-3.0846054053235586E-07,-0.9999999999999525,0));
#6811=DIRECTION('',(3.054493806546215E-07,0.9902381034781563,-0.13938614859407938));
#6812=FACE_SURFACE('',(#6817),#6813,.T.);
#6813=PLANE('',#6814);
#6814=AXIS2_PLACEMENT_3D('',#202,#6815,#6816);
#6815=DIRECTION('',(0.9999999999999525,-3.0846054053235586E-07,0));
#6816=DIRECTION('',(-3.054493806546215E-07,-0.9902381034781563,0.13938614859407938));
#6817=FACE_BOUND('',#6818,.T.);
#6818=EDGE_LOOP('',(#6819,#6820,#6821));
#6819=ORIENTED_EDGE('',*,*,#6822,.T.);
#6820=ORIENTED_EDGE('',*,*,#6823,.T.);
#6821=ORIENTED_EDGE('',*,*,#6824,.T.);
#6822=EDGE_CURVE('',#203,#161,#6825,.F.);
#6823=EDGE_CURVE('',#161,#211,#6826,.T.);
#6824=EDGE_CURVE('',#211,#203,#6827,.T.);
#6825=LINE('',#202,#6828);
#6826=LINE('',#160,#6829);
#6827=LINE('',#210,#6830);
#6828=VECTOR('',#6831,1.0);
#6829=VECTOR('',#6832,1.0);
#6830=VECTOR('',#6833,1.0);
#6831=DIRECTION('',(-3.054493806546215E-07,-0.9902381034781563,0.13938614859407938));
#6832=DIRECTION('',(0,0,-1));
#6833=DIRECTION('',(3.0846054053235586E-07,0.9999999999999525,0));
#6834=FACE_SURFACE('',(#6839),#6835,.T.);
#6835=PLANE('',#6836);
#6836=AXIS2_PLACEMENT_3D('',#156,#6837,#6838);
#6837=DIRECTION('',(-0,-1,0));
#6838=DIRECTION('',(-1,0,0));
#6839=FACE_BOUND('',#6840,.T.);
#6840=EDGE_LOOP('',(#6841,#6842,#6843));
#6841=ORIENTED_EDGE('',*,*,#6844,.T.);
#6842=ORIENTED_EDGE('',*,*,#6845,.T.);
#6843=ORIENTED_EDGE('',*,*,#6846,.T.);
#6844=EDGE_CURVE('',#157,#155,#6847,.F.);
#6845=EDGE_CURVE('',#155,#203,#6848,.T.);
#6846=EDGE_CURVE('',#203,#157,#6849,.T.);
#6847=LINE('',#156,#6850);
#6848=LINE('',#154,#6851);
#6849=LINE('',#202,#6852);
#6850=VECTOR('',#6853,1.0);
#6851=VECTOR('',#6854,1.0);
#6852=VECTOR('',#6855,1.0);
#6853=DIRECTION('',(-1,0,0));
#6854=DIRECTION('',(0,0,-1));
#6855=DIRECTION('',(0.17736017446059138,0,0.9841460097542989));
#6856=FACE_SURFACE('',(#6861),#6857,.T.);
#6857=PLANE('',#6858);
#6858=AXIS2_PLACEMENT_3D('',#156,#6859,#6860);
#6859=DIRECTION('',(0,-1,-0));
#6860=DIRECTION('',(-0.17736017446059138,0,-0.9841460097542989));
#6861=FACE_BOUND('',#6862,.T.);
#6862=EDGE_LOOP('',(#6863,#6864,#6865));
#6863=ORIENTED_EDGE('',*,*,#6866,.T.);
#6864=ORIENTED_EDGE('',*,*,#6867,.T.);
#6865=ORIENTED_EDGE('',*,*,#6868,.T.);
#6866=EDGE_CURVE('',#157,#203,#6869,.F.);
#6867=EDGE_CURVE('',#203,#201,#6870,.T.);
#6868=EDGE_CURVE('',#201,#157,#6871,.T.);
#6869=LINE('',#156,#6872);
#6870=LINE('',#202,#6873);
#6871=LINE('',#200,#6874);
#6872=VECTOR('',#6875,1.0);
#6873=VECTOR('',#6876,1.0);
#6874=VECTOR('',#6877,1.0);
#6875=DIRECTION('',(-0.17736017446059138,0,-0.9841460097542989));
#6876=DIRECTION('',(1,0,0));
#6877=DIRECTION('',(0,0,1));
ENDSEC;
END-ISO-10303-21;
