ISO-10303-21;
HEADER;
FILE_DESCRIPTION((''),'2;1');
FILE_NAME('front', '2026-07-30T23:49:41', (''), (''), 'ImageToStl.com STEP Converter','', '');
FILE_SCHEMA(('AUTOMOTIVE_DESIGN_CC2'));
ENDSEC;
DATA;
#1=PRODUCT_DEFINITION_CONTEXT('',#4,'design');
#2=APPLICATION_PROTOCOL_DEFINITION('INTERNATIONAL STANDARD','automotive_design',1994,#4);
#3=(GEOMETRIC_REPRESENTATION_CONTEXT(3)GLOBAL_UNCERTAINTY_ASSIGNED_CONTEXT((#5))GLOBAL_UNIT_ASSIGNED_CONTEXT((#6,#7,#8))REPRESENTATION_CONTEXT('NONE','WORKSPACE'));
#4=APPLICATION_CONTEXT(' ');
#5=UNCERTAINTY_MEASURE_WITH_UNIT(LENGTH_MEASURE(1.0E-006),#6,'','');
#6=(CONVERSION_BASED_UNIT('METRE',#10)LENGTH_UNIT()NAMED_UNIT(#11));
#7=(NAMED_UNIT(#12)PLANE_ANGLE_UNIT()SI_UNIT($,.RADIAN.));
#8=(NAMED_UNIT(#12)SOLID_ANGLE_UNIT()SI_UNIT($,.STERADIAN.));
#9=AXIS2_PLACEMENT_3D('',#14,#15,#16);
#10=LENGTH_MEASURE_WITH_UNIT(LENGTH_MEASURE(1.0),#17);
#11=DIMENSIONAL_EXPONENTS(1.0,0.0,0.0,0.0,0.0,0.0,0.0);
#12=DIMENSIONAL_EXPONENTS(0.0,0.0,0.0,0.0,0.0,0.0,0.0);
#13=PRODUCT_CONTEXT('',#4,'mechanical');
#14=CARTESIAN_POINT('',(0.0,0.0,0.0));
#15=DIRECTION('',(0.0,0.0,1.0));
#16=DIRECTION('',(1.0,0.0,0.0));
#17=(NAMED_UNIT(#11)LENGTH_UNIT()SI_UNIT(.MILLI.,.METRE.));
#18=PRESENTATION_STYLE_ASSIGNMENT((#19));
#19=SURFACE_STYLE_USAGE(.BOTH.,#20);
#20=SURFACE_SIDE_STYLE('',(#21));
#21=SURFACE_STYLE_FILL_AREA(#22);
#22=FILL_AREA_STYLE('',(#23));
#23=FILL_AREA_STYLE_COLOUR('',#24);
#24=COLOUR_RGB('',0.9,0.9,0.9);
#25=SHAPE_DEFINITION_REPRESENTATION(#26,#27);
#26=PRODUCT_DEFINITION_SHAPE('productshape0','',#30);
#27=MANIFOLD_SURFACE_SHAPE_REPRESENTATION('',(#28,#9),#3);
#28=SHELL_BASED_SURFACE_MODEL('shell0',(#33));
#29=PRODUCT('product0','','',(#13));
#30=PRODUCT_DEFINITION('mesh0','',#31,#2);
#31=PRODUCT_DEFINITION_FORMATION_WITH_SPECIFIED_SOURCE('prodsource0','',#29,.NOT_KNOWN.);
#32=STYLED_ITEM('',(#18),#33);
#33=CLOSED_SHELL('',(#242,#264,#286,#308,#330,#352,#374,#396,#418,#440,#462,#484,#506,#528,#550,#572,#594,#616,#638,#660,#682,#704,#726,#748,#770,#792,#814,#836,#858,#880,#902,#924,#946,#968,#990,#1012,#1034,#1056,#1078,#1100,#1122,#1144,#1166,#1188,#1210,#1232,#1254,#1276,#1298,#1320,#1342,#1364,#1386,#1408,#1430,#1452,#1474,#1496,#1518,#1540,#1562,#1584,#1606,#1628,#1650,#1672,#1694,#1716,#1738,#1760,#1782,#1804,#1826,#1848,#1870,#1892,#1914,#1936,#1958,#1980,#2002,#2024,#2046,#2068,#2090,#2112,#2134,#2156,#2178,#2200,#2222,#2244,#2266,#2288,#2310,#2332,#2354,#2376,#2398,#2420,#2442,#2464,#2486,#2508,#2530,#2552,#2574,#2596,#2618,#2640,#2662,#2684,#2706,#2728,#2750,#2772,#2794,#2816,#2838,#2860,#2882,#2904,#2926,#2948,#2970,#2992,#3014,#3036,#3058,#3080,#3102,#3124,#3146,#3168,#3190,#3212,#3234,#3256,#3278,#3300,#3322,#3344,#3366,#3388,#3410,#3432,#3454,#3476,#3498,#3520,#3542,#3564,#3586,#3608,#3630,#3652,#3674,#3696,#3718,#3740,#3762,#3784,#3806,#3828,#3850,#3872,#3894,#3916,#3938,#3960,#3982,#4004,#4026,#4048,#4070,#4092,#4114,#4136,#4158,#4180,#4202,#4224,#4246,#4268,#4290,#4312,#4334,#4356,#4378,#4400,#4422,#4444));
#34=CARTESIAN_POINT('',(321.0425720214844,-91.58609008789062,7.289360523223877));
#35=VERTEX_POINT('',#34);
#36=CARTESIAN_POINT('',(321.0425720214844,38.413909912109375,7.289360523223877));
#37=VERTEX_POINT('',#36);
#38=CARTESIAN_POINT('',(316.35028076171875,25.667112350463867,7.289360523223877));
#39=VERTEX_POINT('',#38);
#40=CARTESIAN_POINT('',(316.35028076171875,-74.63288879394531,7.289360523223877));
#41=VERTEX_POINT('',#40);
#42=CARTESIAN_POINT('',(145.95187377929688,38.413909912109375,7.289360523223877));
#43=VERTEX_POINT('',#42);
#44=CARTESIAN_POINT('',(151.05029296875,25.667112350463867,7.289360523223877));
#45=VERTEX_POINT('',#44);
#46=CARTESIAN_POINT('',(145.95187377929688,28.214529037475586,7.289360523223877));
#47=VERTEX_POINT('',#46);
#48=CARTESIAN_POINT('',(151.05029296875,17.797895431518555,7.289360523223877));
#49=VERTEX_POINT('',#48);
#50=CARTESIAN_POINT('',(145.95187377929688,-91.58609008789062,7.289360523223877));
#51=VERTEX_POINT('',#50);
#52=CARTESIAN_POINT('',(151.05029296875,-74.63288879394531,7.289360523223877));
#53=VERTEX_POINT('',#52);
#54=CARTESIAN_POINT('',(321.0425720214844,38.413909912109375,22.28936195373535));
#55=VERTEX_POINT('',#54);
#56=CARTESIAN_POINT('',(321.0425720214844,38.413909912109375,9.289360046386719));
#57=VERTEX_POINT('',#56);
#58=CARTESIAN_POINT('',(321.0425720214844,-91.58609008789062,9.289360046386719));
#59=VERTEX_POINT('',#58);
#60=CARTESIAN_POINT('',(321.0425720214844,-91.58609008789062,22.28936195373535));
#61=VERTEX_POINT('',#60);
#62=CARTESIAN_POINT('',(145.95187377929688,38.413909912109375,22.28936004638672));
#63=VERTEX_POINT('',#62);
#64=CARTESIAN_POINT('',(145.95187377929688,38.413909912109375,9.289360046386719));
#65=VERTEX_POINT('',#64);
#66=CARTESIAN_POINT('',(321.0425720214844,38.413909912109375,22.28936004638672));
#67=VERTEX_POINT('',#66);
#68=CARTESIAN_POINT('',(148.50106811523438,28.682043075561523,11.25162410736084));
#69=VERTEX_POINT('',#68);
#70=CARTESIAN_POINT('',(148.50106811523438,36.713897705078125,9.289360046386719));
#71=VERTEX_POINT('',#70);
#72=CARTESIAN_POINT('',(148.50106811523438,23.00621223449707,9.289360046386719));
#73=VERTEX_POINT('',#72);
#74=CARTESIAN_POINT('',(148.50106811523438,32.040504455566406,14.289360046386719));
#75=VERTEX_POINT('',#74);
#76=CARTESIAN_POINT('',(321.0425720214844,-91.58609008789062,22.28936004638672));
#77=VERTEX_POINT('',#76);
#78=CARTESIAN_POINT('',(145.95187377929688,-91.58609008789062,9.289360046386719));
#79=VERTEX_POINT('',#78);
#80=CARTESIAN_POINT('',(145.95187377929688,-91.58609008789062,22.28936004638672));
#81=VERTEX_POINT('',#80);
#82=CARTESIAN_POINT('',(151.05029296875,25.667112350463867,9.289360046386719));
#83=VERTEX_POINT('',#82);
#84=CARTESIAN_POINT('',(151.05029296875,17.797895431518555,9.289360046386719));
#85=VERTEX_POINT('',#84);
#86=CARTESIAN_POINT('',(316.35028076171875,-74.63288879394531,9.289360046386719));
#87=VERTEX_POINT('',#86);
#88=CARTESIAN_POINT('',(316.35028076171875,25.667112350463867,9.289360046386719));
#89=VERTEX_POINT('',#88);
#90=CARTESIAN_POINT('',(151.05029296875,-74.63288879394531,9.289360046386719));
#91=VERTEX_POINT('',#90);
#92=CARTESIAN_POINT('',(145.95187377929688,-26.58609390258789,7.289360523223877));
#93=VERTEX_POINT('',#92);
#94=CARTESIAN_POINT('',(145.95187377929688,-26.58609390258789,9.289360046386719));
#95=VERTEX_POINT('',#94);
#96=CARTESIAN_POINT('',(148.50106811523438,-89.88610076904297,9.289360046386719));
#97=VERTEX_POINT('',#96);
#98=CARTESIAN_POINT('',(318.6964111328125,-89.88610076904297,9.289360046386719));
#99=VERTEX_POINT('',#98);
#100=CARTESIAN_POINT('',(318.6964111328125,36.713897705078125,9.289360046386719));
#101=VERTEX_POINT('',#100);
#102=CARTESIAN_POINT('',(318.6964111328125,36.713897705078125,22.28936004638672));
#103=VERTEX_POINT('',#102);
#104=CARTESIAN_POINT('',(148.50106811523438,36.713897705078125,22.28936004638672));
#105=VERTEX_POINT('',#104);
#106=CARTESIAN_POINT('',(148.50106811523438,-89.88610076904297,22.28936004638672));
#107=VERTEX_POINT('',#106);
#108=CARTESIAN_POINT('',(318.6964111328125,-89.88610076904297,22.28936004638672));
#109=VERTEX_POINT('',#108);
#110=CARTESIAN_POINT('',(148.50106811523438,32.040504455566406,22.28936004638672));
#111=VERTEX_POINT('',#110);
#112=CARTESIAN_POINT('',(148.50106811523438,28.682043075561523,22.28936004638672));
#113=VERTEX_POINT('',#112);
#114=CARTESIAN_POINT('',(148.50106811523438,-83.10948944091797,14.289360046386719));
#115=VERTEX_POINT('',#114);
#116=CARTESIAN_POINT('',(145.95187377929688,-91.58609008789062,14.289360046386719));
#117=VERTEX_POINT('',#116);
#118=CARTESIAN_POINT('',(145.95187377929688,-43.21688461303711,11.25162410736084));
#119=VERTEX_POINT('',#118);
#120=CARTESIAN_POINT('',(145.95187377929688,28.214529037475586,9.289360046386719));
#121=VERTEX_POINT('',#120);
#122=CARTESIAN_POINT('',(145.95187377929688,28.68204689025879,11.25162410736084));
#123=VERTEX_POINT('',#122);
#124=CARTESIAN_POINT('',(145.95187377929688,-43.21688461303711,22.28936004638672));
#125=VERTEX_POINT('',#124);
#126=CARTESIAN_POINT('',(148.50106811523438,-43.21688461303711,11.25162410736084));
#127=VERTEX_POINT('',#126);
#128=CARTESIAN_POINT('',(148.50106811523438,-43.21688461303711,22.28936004638672));
#129=VERTEX_POINT('',#128);
#130=CARTESIAN_POINT('',(148.50106811523438,-25.534494400024414,9.289360046386719));
#131=VERTEX_POINT('',#130);
#132=CARTESIAN_POINT('',(151.05029296875,-24.482892990112305,9.289360046386719));
#133=VERTEX_POINT('',#132);
#134=CARTESIAN_POINT('',(151.05029296875,-24.482892990112305,7.289360523223877));
#135=VERTEX_POINT('',#134);
#136=CARTESIAN_POINT('',(148.50106811523438,-83.10948944091797,22.28936004638672));
#137=VERTEX_POINT('',#136);
#138=CARTESIAN_POINT('',(145.95187377929688,38.413909912109375,14.289360046386719));
#139=VERTEX_POINT('',#138);
#140=CARTESIAN_POINT('',(145.95187377929688,28.68204689025879,22.28936004638672));
#141=VERTEX_POINT('',#140);
#142=CARTESIAN_POINT('',(318.6964111328125,-83.10948944091797,22.28936195373535));
#143=VERTEX_POINT('',#142);
#144=CARTESIAN_POINT('',(318.6964111328125,32.040504455566406,22.28936195373535));
#145=VERTEX_POINT('',#144);
#146=CARTESIAN_POINT('',(150.7425537109375,-89.88610076904297,9.289360046386719));
#147=VERTEX_POINT('',#146);
#148=CARTESIAN_POINT('',(159.74256896972656,-89.88610076904297,9.289360046386719));
#149=VERTEX_POINT('',#148);
#150=CARTESIAN_POINT('',(159.74256896972656,-74.63288879394531,9.289360046386719));
#151=VERTEX_POINT('',#150);
#152=CARTESIAN_POINT('',(150.7425537109375,-74.63288879394531,9.289360046386719));
#153=VERTEX_POINT('',#152);
#154=CARTESIAN_POINT('',(159.74256896972656,-89.88610076904297,14.289361000061035));
#155=VERTEX_POINT('',#154);
#156=CARTESIAN_POINT('',(159.74256896972656,-89.88610076904297,12.478439331054688));
#157=VERTEX_POINT('',#156);
#158=CARTESIAN_POINT('',(150.7425537109375,-89.88610076904297,12.478439331054688));
#159=VERTEX_POINT('',#158);
#160=CARTESIAN_POINT('',(150.7425537109375,-89.88610076904297,14.289361000061035));
#161=VERTEX_POINT('',#160);
#162=CARTESIAN_POINT('',(150.7425537109375,-74.63288879394531,12.478439331054688));
#163=VERTEX_POINT('',#162);
#164=CARTESIAN_POINT('',(159.74256896972656,-74.63288879394531,12.478439331054688));
#165=VERTEX_POINT('',#164);
#166=CARTESIAN_POINT('',(150.7425537109375,-74.63288879394531,14.289361000061035));
#167=VERTEX_POINT('',#166);
#168=CARTESIAN_POINT('',(159.74256896972656,-74.63288879394531,14.289361000061035));
#169=VERTEX_POINT('',#168);
#170=CARTESIAN_POINT('',(307.0425720214844,-89.88610076904297,9.289360046386719));
#171=VERTEX_POINT('',#170);
#172=CARTESIAN_POINT('',(316.0425720214844,-89.88610076904297,9.289360046386719));
#173=VERTEX_POINT('',#172);
#174=CARTESIAN_POINT('',(316.0425720214844,-74.63288879394531,9.289360046386719));
#175=VERTEX_POINT('',#174);
#176=CARTESIAN_POINT('',(307.0425720214844,-74.63288879394531,9.289360046386719));
#177=VERTEX_POINT('',#176);
#178=CARTESIAN_POINT('',(316.0425720214844,-89.88610076904297,14.289361000061035));
#179=VERTEX_POINT('',#178);
#180=CARTESIAN_POINT('',(316.0425720214844,-89.88610076904297,12.478439331054688));
#181=VERTEX_POINT('',#180);
#182=CARTESIAN_POINT('',(307.0425720214844,-89.88610076904297,12.478439331054688));
#183=VERTEX_POINT('',#182);
#184=CARTESIAN_POINT('',(307.0425720214844,-89.88610076904297,14.289361000061035));
#185=VERTEX_POINT('',#184);
#186=CARTESIAN_POINT('',(307.0425720214844,-74.63288879394531,12.478439331054688));
#187=VERTEX_POINT('',#186);
#188=CARTESIAN_POINT('',(316.0425720214844,-74.63288879394531,12.478439331054688));
#189=VERTEX_POINT('',#188);
#190=CARTESIAN_POINT('',(307.0425720214844,-74.63288879394531,14.289361000061035));
#191=VERTEX_POINT('',#190);
#192=CARTESIAN_POINT('',(316.0425720214844,-74.63288879394531,14.289361000061035));
#193=VERTEX_POINT('',#192);
#194=CARTESIAN_POINT('',(150.95184326171875,26.713903427124023,9.289361000061035));
#195=VERTEX_POINT('',#194);
#196=CARTESIAN_POINT('',(159.9518585205078,26.713903427124023,9.289361000061035));
#197=VERTEX_POINT('',#196);
#198=CARTESIAN_POINT('',(159.9518585205078,35.713897705078125,9.289361000061035));
#199=VERTEX_POINT('',#198);
#200=CARTESIAN_POINT('',(150.95184326171875,35.713897705078125,9.289361000061035));
#201=VERTEX_POINT('',#200);
#202=CARTESIAN_POINT('',(159.9518585205078,26.713903427124023,14.289361953735352));
#203=VERTEX_POINT('',#202);
#204=CARTESIAN_POINT('',(159.9518585205078,26.713903427124023,10.478442192077637));
#205=VERTEX_POINT('',#204);
#206=CARTESIAN_POINT('',(150.95184326171875,26.713903427124023,10.478442192077637));
#207=VERTEX_POINT('',#206);
#208=CARTESIAN_POINT('',(150.95184326171875,26.713903427124023,14.289361953735352));
#209=VERTEX_POINT('',#208);
#210=CARTESIAN_POINT('',(150.95184326171875,35.713897705078125,10.478442192077637));
#211=VERTEX_POINT('',#210);
#212=CARTESIAN_POINT('',(159.9518585205078,35.713897705078125,10.478442192077637));
#213=VERTEX_POINT('',#212);
#214=CARTESIAN_POINT('',(150.95184326171875,35.713897705078125,14.289361953735352));
#215=VERTEX_POINT('',#214);
#216=CARTESIAN_POINT('',(159.9518585205078,35.713897705078125,14.289361953735352));
#217=VERTEX_POINT('',#216);
#218=CARTESIAN_POINT('',(307.2518310546875,26.713903427124023,9.289361000061035));
#219=VERTEX_POINT('',#218);
#220=CARTESIAN_POINT('',(316.2518615722656,26.713903427124023,9.289361000061035));
#221=VERTEX_POINT('',#220);
#222=CARTESIAN_POINT('',(316.2518615722656,35.713897705078125,9.289361000061035));
#223=VERTEX_POINT('',#222);
#224=CARTESIAN_POINT('',(307.2518310546875,35.713897705078125,9.289361000061035));
#225=VERTEX_POINT('',#224);
#226=CARTESIAN_POINT('',(316.2518615722656,26.713903427124023,14.289361953735352));
#227=VERTEX_POINT('',#226);
#228=CARTESIAN_POINT('',(316.2518615722656,26.713903427124023,10.478442192077637));
#229=VERTEX_POINT('',#228);
#230=CARTESIAN_POINT('',(307.2518310546875,26.713903427124023,10.478442192077637));
#231=VERTEX_POINT('',#230);
#232=CARTESIAN_POINT('',(307.2518310546875,26.713903427124023,14.289361953735352));
#233=VERTEX_POINT('',#232);
#234=CARTESIAN_POINT('',(307.2518310546875,35.713897705078125,10.478442192077637));
#235=VERTEX_POINT('',#234);
#236=CARTESIAN_POINT('',(316.2518615722656,35.713897705078125,10.478442192077637));
#237=VERTEX_POINT('',#236);
#238=CARTESIAN_POINT('',(307.2518310546875,35.713897705078125,14.289361953735352));
#239=VERTEX_POINT('',#238);
#240=CARTESIAN_POINT('',(316.2518615722656,35.713897705078125,14.289361953735352));
#241=VERTEX_POINT('',#240);
#242=FACE_SURFACE('',(#247),#243,.T.);
#243=PLANE('',#244);
#244=AXIS2_PLACEMENT_3D('',#34,#245,#246);
#245=DIRECTION('',(0,-0,1));
#246=DIRECTION('',(0,1,0));
#247=FACE_BOUND('',#248,.T.);
#248=EDGE_LOOP('',(#249,#250,#251));
#249=ORIENTED_EDGE('',*,*,#252,.T.);
#250=ORIENTED_EDGE('',*,*,#253,.T.);
#251=ORIENTED_EDGE('',*,*,#254,.T.);
#252=EDGE_CURVE('',#35,#37,#255,.F.);
#253=EDGE_CURVE('',#37,#39,#256,.T.);
#254=EDGE_CURVE('',#39,#35,#257,.T.);
#255=LINE('',#34,#258);
#256=LINE('',#36,#259);
#257=LINE('',#38,#260);
#258=VECTOR('',#261,1.0);
#259=VECTOR('',#262,1.0);
#260=VECTOR('',#263,1.0);
#261=DIRECTION('',(0,1,0));
#262=DIRECTION('',(-0.34545271185292226,-0.9384361586562304,0));
#263=DIRECTION('',(0.03998644278112407,-0.999200222374731,0));
#264=FACE_SURFACE('',(#269),#265,.T.);
#265=PLANE('',#266);
#266=AXIS2_PLACEMENT_3D('',#40,#267,#268);
#267=DIRECTION('',(-0,0,1));
#268=DIRECTION('',(0.2667501753514605,-0.9637657100924296,0));
#269=FACE_BOUND('',#270,.T.);
#270=EDGE_LOOP('',(#271,#272,#273));
#271=ORIENTED_EDGE('',*,*,#274,.T.);
#272=ORIENTED_EDGE('',*,*,#275,.T.);
#273=ORIENTED_EDGE('',*,*,#276,.T.);
#274=EDGE_CURVE('',#41,#35,#277,.F.);
#275=EDGE_CURVE('',#35,#39,#278,.T.);
#276=EDGE_CURVE('',#39,#41,#279,.T.);
#277=LINE('',#40,#280);
#278=LINE('',#34,#281);
#279=LINE('',#38,#282);
#280=VECTOR('',#283,1.0);
#281=VECTOR('',#284,1.0);
#282=VECTOR('',#285,1.0);
#283=DIRECTION('',(0.2667501753514605,-0.9637657100924296,0));
#284=DIRECTION('',(-0.03998644278112407,0.999200222374731,0));
#285=DIRECTION('',(0,-1,0));
#286=FACE_SURFACE('',(#291),#287,.T.);
#287=PLANE('',#288);
#288=AXIS2_PLACEMENT_3D('',#36,#289,#290);
#289=DIRECTION('',(0,0,1));
#290=DIRECTION('',(-1,0,0));
#291=FACE_BOUND('',#292,.T.);
#292=EDGE_LOOP('',(#293,#294,#295));
#293=ORIENTED_EDGE('',*,*,#296,.T.);
#294=ORIENTED_EDGE('',*,*,#297,.T.);
#295=ORIENTED_EDGE('',*,*,#298,.T.);
#296=EDGE_CURVE('',#37,#43,#299,.F.);
#297=EDGE_CURVE('',#43,#45,#300,.T.);
#298=EDGE_CURVE('',#45,#37,#301,.T.);
#299=LINE('',#36,#302);
#300=LINE('',#42,#303);
#301=LINE('',#44,#304);
#302=VECTOR('',#305,1.0);
#303=VECTOR('',#306,1.0);
#304=VECTOR('',#307,1.0);
#305=DIRECTION('',(-1,0,0));
#306=DIRECTION('',(0.3713718485428668,-0.9284842217883156,0));
#307=DIRECTION('',(0.9972004574953374,0.07477464524215337,0));
#308=FACE_SURFACE('',(#313),#309,.T.);
#309=PLANE('',#310);
#310=AXIS2_PLACEMENT_3D('',#38,#311,#312);
#311=DIRECTION('',(0,-0,1));
#312=DIRECTION('',(0.34545271185292226,0.9384361586562304,0));
#313=FACE_BOUND('',#314,.T.);
#314=EDGE_LOOP('',(#315,#316,#317));
#315=ORIENTED_EDGE('',*,*,#318,.T.);
#316=ORIENTED_EDGE('',*,*,#319,.T.);
#317=ORIENTED_EDGE('',*,*,#320,.T.);
#318=EDGE_CURVE('',#39,#37,#321,.F.);
#319=EDGE_CURVE('',#37,#45,#322,.T.);
#320=EDGE_CURVE('',#45,#39,#323,.T.);
#321=LINE('',#38,#324);
#322=LINE('',#36,#325);
#323=LINE('',#44,#326);
#324=VECTOR('',#327,1.0);
#325=VECTOR('',#328,1.0);
#326=VECTOR('',#329,1.0);
#327=DIRECTION('',(0.34545271185292226,0.9384361586562304,0));
#328=DIRECTION('',(-0.9972004574953374,-0.07477464524215337,0));
#329=DIRECTION('',(1,0,0));
#330=FACE_SURFACE('',(#335),#331,.T.);
#331=PLANE('',#332);
#332=AXIS2_PLACEMENT_3D('',#42,#333,#334);
#333=DIRECTION('',(0,0,1));
#334=DIRECTION('',(0,-1,0));
#335=FACE_BOUND('',#336,.T.);
#336=EDGE_LOOP('',(#337,#338,#339));
#337=ORIENTED_EDGE('',*,*,#340,.T.);
#338=ORIENTED_EDGE('',*,*,#341,.T.);
#339=ORIENTED_EDGE('',*,*,#342,.T.);
#340=EDGE_CURVE('',#43,#47,#343,.F.);
#341=EDGE_CURVE('',#47,#49,#344,.T.);
#342=EDGE_CURVE('',#49,#43,#345,.T.);
#343=LINE('',#42,#346);
#344=LINE('',#46,#347);
#345=LINE('',#48,#348);
#346=VECTOR('',#349,1.0);
#347=VECTOR('',#350,1.0);
#348=VECTOR('',#351,1.0);
#349=DIRECTION('',(0,-1,0));
#350=DIRECTION('',(0.43961669981863916,-0.898185480421816,0));
#351=DIRECTION('',(-0.24007147545594307,0.9707552145996469,0));
#352=FACE_SURFACE('',(#357),#353,.T.);
#353=PLANE('',#354);
#354=AXIS2_PLACEMENT_3D('',#44,#355,#356);
#355=DIRECTION('',(0,0,1));
#356=DIRECTION('',(-0.3713718485428668,0.9284842217883156,0));
#357=FACE_BOUND('',#358,.T.);
#358=EDGE_LOOP('',(#359,#360,#361));
#359=ORIENTED_EDGE('',*,*,#362,.T.);
#360=ORIENTED_EDGE('',*,*,#363,.T.);
#361=ORIENTED_EDGE('',*,*,#364,.T.);
#362=EDGE_CURVE('',#45,#43,#365,.F.);
#363=EDGE_CURVE('',#43,#49,#366,.T.);
#364=EDGE_CURVE('',#49,#45,#367,.T.);
#365=LINE('',#44,#368);
#366=LINE('',#42,#369);
#367=LINE('',#48,#370);
#368=VECTOR('',#371,1.0);
#369=VECTOR('',#372,1.0);
#370=VECTOR('',#373,1.0);
#371=DIRECTION('',(-0.3713718485428668,0.9284842217883156,0));
#372=DIRECTION('',(0.24007147545594307,-0.9707552145996469,0));
#373=DIRECTION('',(0,1,0));
#374=FACE_SURFACE('',(#379),#375,.T.);
#375=PLANE('',#376);
#376=AXIS2_PLACEMENT_3D('',#50,#377,#378);
#377=DIRECTION('',(0,0,1));
#378=DIRECTION('',(1,0,0));
#379=FACE_BOUND('',#380,.T.);
#380=EDGE_LOOP('',(#381,#382,#383));
#381=ORIENTED_EDGE('',*,*,#384,.T.);
#382=ORIENTED_EDGE('',*,*,#385,.T.);
#383=ORIENTED_EDGE('',*,*,#386,.T.);
#384=EDGE_CURVE('',#51,#35,#387,.F.);
#385=EDGE_CURVE('',#35,#41,#388,.T.);
#386=EDGE_CURVE('',#41,#51,#389,.T.);
#387=LINE('',#50,#390);
#388=LINE('',#34,#391);
#389=LINE('',#40,#392);
#390=VECTOR('',#393,1.0);
#391=VECTOR('',#394,1.0);
#392=VECTOR('',#395,1.0);
#393=DIRECTION('',(1,0,0));
#394=DIRECTION('',(-0.2667501753514605,0.9637657100924296,0));
#395=DIRECTION('',(-0.9950871585686552,-0.09900276183905155,0));
#396=FACE_SURFACE('',(#401),#397,.T.);
#397=PLANE('',#398);
#398=AXIS2_PLACEMENT_3D('',#52,#399,#400);
#399=DIRECTION('',(-0,0,1));
#400=DIRECTION('',(-0.2879934698457416,-0.9576323727434292,0));
#401=FACE_BOUND('',#402,.T.);
#402=EDGE_LOOP('',(#403,#404,#405));
#403=ORIENTED_EDGE('',*,*,#406,.T.);
#404=ORIENTED_EDGE('',*,*,#407,.T.);
#405=ORIENTED_EDGE('',*,*,#408,.T.);
#406=EDGE_CURVE('',#53,#51,#409,.F.);
#407=EDGE_CURVE('',#51,#41,#410,.T.);
#408=EDGE_CURVE('',#41,#53,#411,.T.);
#409=LINE('',#52,#412);
#410=LINE('',#50,#413);
#411=LINE('',#40,#414);
#412=VECTOR('',#415,1.0);
#413=VECTOR('',#416,1.0);
#414=VECTOR('',#417,1.0);
#415=DIRECTION('',(-0.2879934698457416,-0.9576323727434292,0));
#416=DIRECTION('',(0.9950871585686552,0.09900276183905155,0));
#417=DIRECTION('',(-1,0,0));
#418=FACE_SURFACE('',(#423),#419,.T.);
#419=PLANE('',#420);
#420=AXIS2_PLACEMENT_3D('',#54,#421,#422);
#421=DIRECTION('',(-1,0,-0));
#422=DIRECTION('',(0,0,-1));
#423=FACE_BOUND('',#424,.T.);
#424=EDGE_LOOP('',(#425,#426,#427));
#425=ORIENTED_EDGE('',*,*,#428,.T.);
#426=ORIENTED_EDGE('',*,*,#429,.T.);
#427=ORIENTED_EDGE('',*,*,#430,.T.);
#428=EDGE_CURVE('',#55,#57,#431,.F.);
#429=EDGE_CURVE('',#57,#59,#432,.T.);
#430=EDGE_CURVE('',#59,#55,#433,.T.);
#431=LINE('',#54,#434);
#432=LINE('',#56,#435);
#433=LINE('',#58,#436);
#434=VECTOR('',#437,1.0);
#435=VECTOR('',#438,1.0);
#436=VECTOR('',#439,1.0);
#437=DIRECTION('',(0,0,-1));
#438=DIRECTION('',(0,-1,0));
#439=DIRECTION('',(0,0.9950371887645337,0.099503733475552));
#440=FACE_SURFACE('',(#445),#441,.T.);
#441=PLANE('',#442);
#442=AXIS2_PLACEMENT_3D('',#60,#443,#444);
#443=DIRECTION('',(-1,0,0));
#444=DIRECTION('',(0,1,0));
#445=FACE_BOUND('',#446,.T.);
#446=EDGE_LOOP('',(#447,#448,#449));
#447=ORIENTED_EDGE('',*,*,#450,.T.);
#448=ORIENTED_EDGE('',*,*,#451,.T.);
#449=ORIENTED_EDGE('',*,*,#452,.T.);
#450=EDGE_CURVE('',#61,#55,#453,.F.);
#451=EDGE_CURVE('',#55,#59,#454,.T.);
#452=EDGE_CURVE('',#59,#61,#455,.T.);
#453=LINE('',#60,#456);
#454=LINE('',#54,#457);
#455=LINE('',#58,#458);
#456=VECTOR('',#459,1.0);
#457=VECTOR('',#460,1.0);
#458=VECTOR('',#461,1.0);
#459=DIRECTION('',(0,1,0));
#460=DIRECTION('',(0,-0.9950371887645337,-0.099503733475552));
#461=DIRECTION('',(0,0,1));
#462=FACE_SURFACE('',(#467),#463,.T.);
#463=PLANE('',#464);
#464=AXIS2_PLACEMENT_3D('',#62,#465,#466);
#465=DIRECTION('',(0,-1,0));
#466=DIRECTION('',(0,0,-1));
#467=FACE_BOUND('',#468,.T.);
#468=EDGE_LOOP('',(#469,#470,#471));
#469=ORIENTED_EDGE('',*,*,#472,.T.);
#470=ORIENTED_EDGE('',*,*,#473,.T.);
#471=ORIENTED_EDGE('',*,*,#474,.T.);
#472=EDGE_CURVE('',#63,#65,#475,.F.);
#473=EDGE_CURVE('',#65,#57,#476,.T.);
#474=EDGE_CURVE('',#57,#63,#477,.T.);
#475=LINE('',#62,#478);
#476=LINE('',#64,#479);
#477=LINE('',#56,#480);
#478=VECTOR('',#481,1.0);
#479=VECTOR('',#482,1.0);
#480=VECTOR('',#483,1.0);
#481=DIRECTION('',(0,0,-1));
#482=DIRECTION('',(1,0,0));
#483=DIRECTION('',(-0.997255018038004,0,0.07404342643354851));
#484=FACE_SURFACE('',(#489),#485,.T.);
#485=PLANE('',#486);
#486=AXIS2_PLACEMENT_3D('',#66,#487,#488);
#487=DIRECTION('',(-0,-1,-0));
#488=DIRECTION('',(-1,0,0));
#489=FACE_BOUND('',#490,.T.);
#490=EDGE_LOOP('',(#491,#492,#493));
#491=ORIENTED_EDGE('',*,*,#494,.T.);
#492=ORIENTED_EDGE('',*,*,#495,.T.);
#493=ORIENTED_EDGE('',*,*,#496,.T.);
#494=EDGE_CURVE('',#67,#63,#497,.F.);
#495=EDGE_CURVE('',#63,#57,#498,.T.);
#496=EDGE_CURVE('',#57,#67,#499,.T.);
#497=LINE('',#66,#500);
#498=LINE('',#62,#501);
#499=LINE('',#56,#502);
#500=VECTOR('',#503,1.0);
#501=VECTOR('',#504,1.0);
#502=VECTOR('',#505,1.0);
#503=DIRECTION('',(-1,0,0));
#504=DIRECTION('',(0.997255018038004,0,-0.07404342643354851));
#505=DIRECTION('',(0,0,1));
#506=FACE_SURFACE('',(#511),#507,.T.);
#507=PLANE('',#508);
#508=AXIS2_PLACEMENT_3D('',#68,#509,#510);
#509=DIRECTION('',(-1,0,-0));
#510=DIRECTION('',(0,0.9714290776576385,-0.23733003830368724));
#511=FACE_BOUND('',#512,.T.);
#512=EDGE_LOOP('',(#513,#514,#515));
#513=ORIENTED_EDGE('',*,*,#516,.T.);
#514=ORIENTED_EDGE('',*,*,#517,.T.);
#515=ORIENTED_EDGE('',*,*,#518,.T.);
#516=EDGE_CURVE('',#69,#71,#519,.F.);
#517=EDGE_CURVE('',#71,#73,#520,.T.);
#518=EDGE_CURVE('',#73,#69,#521,.T.);
#519=LINE('',#68,#522);
#520=LINE('',#70,#523);
#521=LINE('',#72,#524);
#522=VECTOR('',#525,1.0);
#523=VECTOR('',#526,1.0);
#524=VECTOR('',#527,1.0);
#525=DIRECTION('',(0,0.9714290776576385,-0.23733003830368724));
#526=DIRECTION('',(0,-1,0));
#527=DIRECTION('',(0,0.9451119363602334,0.32674673334160537));
#528=FACE_SURFACE('',(#533),#529,.T.);
#529=PLANE('',#530);
#530=AXIS2_PLACEMENT_3D('',#68,#531,#532);
#531=DIRECTION('',(-1,0,0));
#532=DIRECTION('',(0,0.7416315683677501,0.6708074364528103));
#533=FACE_BOUND('',#534,.T.);
#534=EDGE_LOOP('',(#535,#536,#537));
#535=ORIENTED_EDGE('',*,*,#538,.T.);
#536=ORIENTED_EDGE('',*,*,#539,.T.);
#537=ORIENTED_EDGE('',*,*,#540,.T.);
#538=EDGE_CURVE('',#69,#75,#541,.F.);
#539=EDGE_CURVE('',#75,#71,#542,.T.);
#540=EDGE_CURVE('',#71,#69,#543,.T.);
#541=LINE('',#68,#544);
#542=LINE('',#74,#545);
#543=LINE('',#70,#546);
#544=VECTOR('',#547,1.0);
#545=VECTOR('',#548,1.0);
#546=VECTOR('',#549,1.0);
#547=DIRECTION('',(0,0.7416315683677501,0.6708074364528103));
#548=DIRECTION('',(0,0.6828433455337078,-0.730564826322985));
#549=DIRECTION('',(0,-0.9714290776576385,0.23733003830368724));
#550=FACE_SURFACE('',(#555),#551,.T.);
#551=PLANE('',#552);
#552=AXIS2_PLACEMENT_3D('',#76,#553,#554);
#553=DIRECTION('',(0,1,0));
#554=DIRECTION('',(0,0,-1));
#555=FACE_BOUND('',#556,.T.);
#556=EDGE_LOOP('',(#557,#558,#559));
#557=ORIENTED_EDGE('',*,*,#560,.T.);
#558=ORIENTED_EDGE('',*,*,#561,.T.);
#559=ORIENTED_EDGE('',*,*,#562,.T.);
#560=EDGE_CURVE('',#77,#59,#563,.F.);
#561=EDGE_CURVE('',#59,#79,#564,.T.);
#562=EDGE_CURVE('',#79,#77,#565,.T.);
#563=LINE('',#76,#566);
#564=LINE('',#58,#567);
#565=LINE('',#78,#568);
#566=VECTOR('',#569,1.0);
#567=VECTOR('',#570,1.0);
#568=VECTOR('',#571,1.0);
#569=DIRECTION('',(0,0,-1));
#570=DIRECTION('',(-1,0,0));
#571=DIRECTION('',(0.997255018038004,0,0.07404342643354851));
#572=FACE_SURFACE('',(#577),#573,.T.);
#573=PLANE('',#574);
#574=AXIS2_PLACEMENT_3D('',#80,#575,#576);
#575=DIRECTION('',(-0,1,0));
#576=DIRECTION('',(1,0,0));
#577=FACE_BOUND('',#578,.T.);
#578=EDGE_LOOP('',(#579,#580,#581));
#579=ORIENTED_EDGE('',*,*,#582,.T.);
#580=ORIENTED_EDGE('',*,*,#583,.T.);
#581=ORIENTED_EDGE('',*,*,#584,.T.);
#582=EDGE_CURVE('',#81,#77,#585,.F.);
#583=EDGE_CURVE('',#77,#79,#586,.T.);
#584=EDGE_CURVE('',#79,#81,#587,.T.);
#585=LINE('',#80,#588);
#586=LINE('',#76,#589);
#587=LINE('',#78,#590);
#588=VECTOR('',#591,1.0);
#589=VECTOR('',#592,1.0);
#590=VECTOR('',#593,1.0);
#591=DIRECTION('',(1,0,0));
#592=DIRECTION('',(-0.997255018038004,0,-0.07404342643354851));
#593=DIRECTION('',(0,0,1));
#594=FACE_SURFACE('',(#599),#595,.T.);
#595=PLANE('',#596);
#596=AXIS2_PLACEMENT_3D('',#82,#597,#598);
#597=DIRECTION('',(-1,0,-0));
#598=DIRECTION('',(0,0,-1));
#599=FACE_BOUND('',#600,.T.);
#600=EDGE_LOOP('',(#601,#602,#603));
#601=ORIENTED_EDGE('',*,*,#604,.T.);
#602=ORIENTED_EDGE('',*,*,#605,.T.);
#603=ORIENTED_EDGE('',*,*,#606,.T.);
#604=EDGE_CURVE('',#83,#45,#607,.F.);
#605=EDGE_CURVE('',#45,#49,#608,.T.);
#606=EDGE_CURVE('',#49,#83,#609,.T.);
#607=LINE('',#82,#610);
#608=LINE('',#44,#611);
#609=LINE('',#48,#612);
#610=VECTOR('',#613,1.0);
#611=VECTOR('',#614,1.0);
#612=VECTOR('',#615,1.0);
#613=DIRECTION('',(0,0,-1));
#614=DIRECTION('',(0,-1,0));
#615=DIRECTION('',(0,0.9691876115918021,0.24632371695997576));
#616=FACE_SURFACE('',(#621),#617,.T.);
#617=PLANE('',#618);
#618=AXIS2_PLACEMENT_3D('',#84,#619,#620);
#619=DIRECTION('',(-1,0,0));
#620=DIRECTION('',(0,1,0));
#621=FACE_BOUND('',#622,.T.);
#622=EDGE_LOOP('',(#623,#624,#625));
#623=ORIENTED_EDGE('',*,*,#626,.T.);
#624=ORIENTED_EDGE('',*,*,#627,.T.);
#625=ORIENTED_EDGE('',*,*,#628,.T.);
#626=EDGE_CURVE('',#85,#83,#629,.F.);
#627=EDGE_CURVE('',#83,#49,#630,.T.);
#628=EDGE_CURVE('',#49,#85,#631,.T.);
#629=LINE('',#84,#632);
#630=LINE('',#82,#633);
#631=LINE('',#48,#634);
#632=VECTOR('',#635,1.0);
#633=VECTOR('',#636,1.0);
#634=VECTOR('',#637,1.0);
#635=DIRECTION('',(0,1,0));
#636=DIRECTION('',(0,-0.9691876115918021,-0.24632371695997576));
#637=DIRECTION('',(0,0,1));
#638=FACE_SURFACE('',(#643),#639,.T.);
#639=PLANE('',#640);
#640=AXIS2_PLACEMENT_3D('',#86,#641,#642);
#641=DIRECTION('',(1,0,0));
#642=DIRECTION('',(0,0,-1));
#643=FACE_BOUND('',#644,.T.);
#644=EDGE_LOOP('',(#645,#646,#647));
#645=ORIENTED_EDGE('',*,*,#648,.T.);
#646=ORIENTED_EDGE('',*,*,#649,.T.);
#647=ORIENTED_EDGE('',*,*,#650,.T.);
#648=EDGE_CURVE('',#87,#41,#651,.F.);
#649=EDGE_CURVE('',#41,#39,#652,.T.);
#650=EDGE_CURVE('',#39,#87,#653,.T.);
#651=LINE('',#86,#654);
#652=LINE('',#40,#655);
#653=LINE('',#38,#656);
#654=VECTOR('',#657,1.0);
#655=VECTOR('',#658,1.0);
#656=VECTOR('',#659,1.0);
#657=DIRECTION('',(0,0,-1));
#658=DIRECTION('',(0,1,0));
#659=DIRECTION('',(0,-0.9998012539865254,0.01993621144980537));
#660=FACE_SURFACE('',(#665),#661,.T.);
#661=PLANE('',#662);
#662=AXIS2_PLACEMENT_3D('',#88,#663,#664);
#663=DIRECTION('',(1,0,0));
#664=DIRECTION('',(0,-1,0));
#665=FACE_BOUND('',#666,.T.);
#666=EDGE_LOOP('',(#667,#668,#669));
#667=ORIENTED_EDGE('',*,*,#670,.T.);
#668=ORIENTED_EDGE('',*,*,#671,.T.);
#669=ORIENTED_EDGE('',*,*,#672,.T.);
#670=EDGE_CURVE('',#89,#87,#673,.F.);
#671=EDGE_CURVE('',#87,#39,#674,.T.);
#672=EDGE_CURVE('',#39,#89,#675,.T.);
#673=LINE('',#88,#676);
#674=LINE('',#86,#677);
#675=LINE('',#38,#678);
#676=VECTOR('',#679,1.0);
#677=VECTOR('',#680,1.0);
#678=VECTOR('',#681,1.0);
#679=DIRECTION('',(0,-1,0));
#680=DIRECTION('',(0,0.9998012539865254,-0.01993621144980537));
#681=DIRECTION('',(0,0,1));
#682=FACE_SURFACE('',(#687),#683,.T.);
#683=PLANE('',#684);
#684=AXIS2_PLACEMENT_3D('',#58,#685,#686);
#685=DIRECTION('',(0,1,0));
#686=DIRECTION('',(0,0,-1));
#687=FACE_BOUND('',#688,.T.);
#688=EDGE_LOOP('',(#689,#690,#691));
#689=ORIENTED_EDGE('',*,*,#692,.T.);
#690=ORIENTED_EDGE('',*,*,#693,.T.);
#691=ORIENTED_EDGE('',*,*,#694,.T.);
#692=EDGE_CURVE('',#59,#35,#695,.F.);
#693=EDGE_CURVE('',#35,#51,#696,.T.);
#694=EDGE_CURVE('',#51,#59,#697,.T.);
#695=LINE('',#58,#698);
#696=LINE('',#34,#699);
#697=LINE('',#50,#700);
#698=VECTOR('',#701,1.0);
#699=VECTOR('',#702,1.0);
#700=VECTOR('',#703,1.0);
#701=DIRECTION('',(0,0,-1));
#702=DIRECTION('',(-1,0,0));
#703=DIRECTION('',(0.9999347679326077,0,0.011421903499938758));
#704=FACE_SURFACE('',(#709),#705,.T.);
#705=PLANE('',#706);
#706=AXIS2_PLACEMENT_3D('',#78,#707,#708);
#707=DIRECTION('',(-0,1,0));
#708=DIRECTION('',(1,0,0));
#709=FACE_BOUND('',#710,.T.);
#710=EDGE_LOOP('',(#711,#712,#713));
#711=ORIENTED_EDGE('',*,*,#714,.T.);
#712=ORIENTED_EDGE('',*,*,#715,.T.);
#713=ORIENTED_EDGE('',*,*,#716,.T.);
#714=EDGE_CURVE('',#79,#59,#717,.F.);
#715=EDGE_CURVE('',#59,#51,#718,.T.);
#716=EDGE_CURVE('',#51,#79,#719,.T.);
#717=LINE('',#78,#720);
#718=LINE('',#58,#721);
#719=LINE('',#50,#722);
#720=VECTOR('',#723,1.0);
#721=VECTOR('',#724,1.0);
#722=VECTOR('',#725,1.0);
#723=DIRECTION('',(1,0,0));
#724=DIRECTION('',(-0.9999347679326077,0,-0.011421903499938758));
#725=DIRECTION('',(0,0,1));
#726=FACE_SURFACE('',(#731),#727,.T.);
#727=PLANE('',#728);
#728=AXIS2_PLACEMENT_3D('',#64,#729,#730);
#729=DIRECTION('',(0,-1,0));
#730=DIRECTION('',(0,0,-1));
#731=FACE_BOUND('',#732,.T.);
#732=EDGE_LOOP('',(#733,#734,#735));
#733=ORIENTED_EDGE('',*,*,#736,.T.);
#734=ORIENTED_EDGE('',*,*,#737,.T.);
#735=ORIENTED_EDGE('',*,*,#738,.T.);
#736=EDGE_CURVE('',#65,#43,#739,.F.);
#737=EDGE_CURVE('',#43,#37,#740,.T.);
#738=EDGE_CURVE('',#37,#65,#741,.T.);
#739=LINE('',#64,#742);
#740=LINE('',#42,#743);
#741=LINE('',#36,#744);
#742=VECTOR('',#745,1.0);
#743=VECTOR('',#746,1.0);
#744=VECTOR('',#747,1.0);
#745=DIRECTION('',(0,0,-1));
#746=DIRECTION('',(1,0,0));
#747=DIRECTION('',(-0.9999347679326077,0,0.011421903499938758));
#748=FACE_SURFACE('',(#753),#749,.T.);
#749=PLANE('',#750);
#750=AXIS2_PLACEMENT_3D('',#56,#751,#752);
#751=DIRECTION('',(-0,-1,-0));
#752=DIRECTION('',(-1,0,0));
#753=FACE_BOUND('',#754,.T.);
#754=EDGE_LOOP('',(#755,#756,#757));
#755=ORIENTED_EDGE('',*,*,#758,.T.);
#756=ORIENTED_EDGE('',*,*,#759,.T.);
#757=ORIENTED_EDGE('',*,*,#760,.T.);
#758=EDGE_CURVE('',#57,#65,#761,.F.);
#759=EDGE_CURVE('',#65,#37,#762,.T.);
#760=EDGE_CURVE('',#37,#57,#763,.T.);
#761=LINE('',#56,#764);
#762=LINE('',#64,#765);
#763=LINE('',#36,#766);
#764=VECTOR('',#767,1.0);
#765=VECTOR('',#768,1.0);
#766=VECTOR('',#769,1.0);
#767=DIRECTION('',(-1,0,0));
#768=DIRECTION('',(0.9999347679326077,0,-0.011421903499938758));
#769=DIRECTION('',(0,0,1));
#770=FACE_SURFACE('',(#775),#771,.T.);
#771=PLANE('',#772);
#772=AXIS2_PLACEMENT_3D('',#90,#773,#774);
#773=DIRECTION('',(0,-1,0));
#774=DIRECTION('',(0,0,-1));
#775=FACE_BOUND('',#776,.T.);
#776=EDGE_LOOP('',(#777,#778,#779));
#777=ORIENTED_EDGE('',*,*,#780,.T.);
#778=ORIENTED_EDGE('',*,*,#781,.T.);
#779=ORIENTED_EDGE('',*,*,#782,.T.);
#780=EDGE_CURVE('',#91,#53,#783,.F.);
#781=EDGE_CURVE('',#53,#41,#784,.T.);
#782=EDGE_CURVE('',#41,#91,#785,.T.);
#783=LINE('',#90,#786);
#784=LINE('',#52,#787);
#785=LINE('',#40,#788);
#786=VECTOR('',#789,1.0);
#787=VECTOR('',#790,1.0);
#788=VECTOR('',#791,1.0);
#789=DIRECTION('',(0,0,-1));
#790=DIRECTION('',(1,0,0));
#791=DIRECTION('',(-0.9999268125751968,0,0.01209832604980507));
#792=FACE_SURFACE('',(#797),#793,.T.);
#793=PLANE('',#794);
#794=AXIS2_PLACEMENT_3D('',#86,#795,#796);
#795=DIRECTION('',(-0,-1,-0));
#796=DIRECTION('',(-1,0,0));
#797=FACE_BOUND('',#798,.T.);
#798=EDGE_LOOP('',(#799,#800,#801));
#799=ORIENTED_EDGE('',*,*,#802,.T.);
#800=ORIENTED_EDGE('',*,*,#803,.T.);
#801=ORIENTED_EDGE('',*,*,#804,.T.);
#802=EDGE_CURVE('',#87,#91,#805,.F.);
#803=EDGE_CURVE('',#91,#41,#806,.T.);
#804=EDGE_CURVE('',#41,#87,#807,.T.);
#805=LINE('',#86,#808);
#806=LINE('',#90,#809);
#807=LINE('',#40,#810);
#808=VECTOR('',#811,1.0);
#809=VECTOR('',#812,1.0);
#810=VECTOR('',#813,1.0);
#811=DIRECTION('',(-1,0,0));
#812=DIRECTION('',(0.9999268125751968,0,-0.01209832604980507));
#813=DIRECTION('',(0,0,1));
#814=FACE_SURFACE('',(#819),#815,.T.);
#815=PLANE('',#816);
#816=AXIS2_PLACEMENT_3D('',#88,#817,#818);
#817=DIRECTION('',(0,1,0));
#818=DIRECTION('',(0,0,-1));
#819=FACE_BOUND('',#820,.T.);
#820=EDGE_LOOP('',(#821,#822,#823));
#821=ORIENTED_EDGE('',*,*,#824,.T.);
#822=ORIENTED_EDGE('',*,*,#825,.T.);
#823=ORIENTED_EDGE('',*,*,#826,.T.);
#824=EDGE_CURVE('',#89,#39,#827,.F.);
#825=EDGE_CURVE('',#39,#45,#828,.T.);
#826=EDGE_CURVE('',#45,#89,#829,.T.);
#827=LINE('',#88,#830);
#828=LINE('',#38,#831);
#829=LINE('',#44,#832);
#830=VECTOR('',#833,1.0);
#831=VECTOR('',#834,1.0);
#832=VECTOR('',#835,1.0);
#833=DIRECTION('',(0,0,-1));
#834=DIRECTION('',(-1,0,0));
#835=DIRECTION('',(0.9999268125751968,0,0.01209832604980507));
#836=FACE_SURFACE('',(#841),#837,.T.);
#837=PLANE('',#838);
#838=AXIS2_PLACEMENT_3D('',#82,#839,#840);
#839=DIRECTION('',(-0,1,0));
#840=DIRECTION('',(1,0,0));
#841=FACE_BOUND('',#842,.T.);
#842=EDGE_LOOP('',(#843,#844,#845));
#843=ORIENTED_EDGE('',*,*,#846,.T.);
#844=ORIENTED_EDGE('',*,*,#847,.T.);
#845=ORIENTED_EDGE('',*,*,#848,.T.);
#846=EDGE_CURVE('',#83,#89,#849,.F.);
#847=EDGE_CURVE('',#89,#45,#850,.T.);
#848=EDGE_CURVE('',#45,#83,#851,.T.);
#849=LINE('',#82,#852);
#850=LINE('',#88,#853);
#851=LINE('',#44,#854);
#852=VECTOR('',#855,1.0);
#853=VECTOR('',#856,1.0);
#854=VECTOR('',#857,1.0);
#855=DIRECTION('',(1,0,0));
#856=DIRECTION('',(-0.9999268125751968,0,-0.01209832604980507));
#857=DIRECTION('',(0,0,1));
#858=FACE_SURFACE('',(#863),#859,.T.);
#859=PLANE('',#860);
#860=AXIS2_PLACEMENT_3D('',#78,#861,#862);
#861=DIRECTION('',(1,0,0));
#862=DIRECTION('',(0,0,-1));
#863=FACE_BOUND('',#864,.T.);
#864=EDGE_LOOP('',(#865,#866,#867));
#865=ORIENTED_EDGE('',*,*,#868,.T.);
#866=ORIENTED_EDGE('',*,*,#869,.T.);
#867=ORIENTED_EDGE('',*,*,#870,.T.);
#868=EDGE_CURVE('',#79,#51,#871,.F.);
#869=EDGE_CURVE('',#51,#93,#872,.T.);
#870=EDGE_CURVE('',#93,#79,#873,.T.);
#871=LINE('',#78,#874);
#872=LINE('',#50,#875);
#873=LINE('',#92,#876);
#874=VECTOR('',#877,1.0);
#875=VECTOR('',#878,1.0);
#876=VECTOR('',#879,1.0);
#877=DIRECTION('',(0,0,-1));
#878=DIRECTION('',(0,1,0));
#879=DIRECTION('',(0,-0.9995269632465716,0.030754670264635433));
#880=FACE_SURFACE('',(#885),#881,.T.);
#881=PLANE('',#882);
#882=AXIS2_PLACEMENT_3D('',#94,#883,#884);
#883=DIRECTION('',(1,0,0));
#884=DIRECTION('',(0,-1,0));
#885=FACE_BOUND('',#886,.T.);
#886=EDGE_LOOP('',(#887,#888,#889));
#887=ORIENTED_EDGE('',*,*,#890,.T.);
#888=ORIENTED_EDGE('',*,*,#891,.T.);
#889=ORIENTED_EDGE('',*,*,#892,.T.);
#890=EDGE_CURVE('',#95,#79,#893,.F.);
#891=EDGE_CURVE('',#79,#93,#894,.T.);
#892=EDGE_CURVE('',#93,#95,#895,.T.);
#893=LINE('',#94,#896);
#894=LINE('',#78,#897);
#895=LINE('',#92,#898);
#896=VECTOR('',#899,1.0);
#897=VECTOR('',#900,1.0);
#898=VECTOR('',#901,1.0);
#899=DIRECTION('',(0,-1,0));
#900=DIRECTION('',(0,0.9995269632465716,-0.030754670264635433));
#901=DIRECTION('',(0,0,1));
#902=FACE_SURFACE('',(#907),#903,.T.);
#903=PLANE('',#904);
#904=AXIS2_PLACEMENT_3D('',#56,#905,#906);
#905=DIRECTION('',(-1,0,-0));
#906=DIRECTION('',(0,0,-1));
#907=FACE_BOUND('',#908,.T.);
#908=EDGE_LOOP('',(#909,#910,#911));
#909=ORIENTED_EDGE('',*,*,#912,.T.);
#910=ORIENTED_EDGE('',*,*,#913,.T.);
#911=ORIENTED_EDGE('',*,*,#914,.T.);
#912=EDGE_CURVE('',#57,#37,#915,.F.);
#913=EDGE_CURVE('',#37,#35,#916,.T.);
#914=EDGE_CURVE('',#35,#57,#917,.T.);
#915=LINE('',#56,#918);
#916=LINE('',#36,#919);
#917=LINE('',#34,#920);
#918=VECTOR('',#921,1.0);
#919=VECTOR('',#922,1.0);
#920=VECTOR('',#923,1.0);
#921=DIRECTION('',(0,0,-1));
#922=DIRECTION('',(0,-1,0));
#923=DIRECTION('',(0,0.9998816778646693,0.015382791376527698));
#924=FACE_SURFACE('',(#929),#925,.T.);
#925=PLANE('',#926);
#926=AXIS2_PLACEMENT_3D('',#58,#927,#928);
#927=DIRECTION('',(-1,0,0));
#928=DIRECTION('',(0,1,0));
#929=FACE_BOUND('',#930,.T.);
#930=EDGE_LOOP('',(#931,#932,#933));
#931=ORIENTED_EDGE('',*,*,#934,.T.);
#932=ORIENTED_EDGE('',*,*,#935,.T.);
#933=ORIENTED_EDGE('',*,*,#936,.T.);
#934=EDGE_CURVE('',#59,#57,#937,.F.);
#935=EDGE_CURVE('',#57,#35,#938,.T.);
#936=EDGE_CURVE('',#35,#59,#939,.T.);
#937=LINE('',#58,#940);
#938=LINE('',#56,#941);
#939=LINE('',#34,#942);
#940=VECTOR('',#943,1.0);
#941=VECTOR('',#944,1.0);
#942=VECTOR('',#945,1.0);
#943=DIRECTION('',(0,1,0));
#944=DIRECTION('',(0,-0.9998816778646693,-0.015382791376527698));
#945=DIRECTION('',(0,0,1));
#946=FACE_SURFACE('',(#951),#947,.T.);
#947=PLANE('',#948);
#948=AXIS2_PLACEMENT_3D('',#96,#949,#950);
#949=DIRECTION('',(0,0,-1));
#950=DIRECTION('',(0.1648408171479996,0.98632018381557,0));
#951=FACE_BOUND('',#952,.T.);
#952=EDGE_LOOP('',(#953,#954,#955));
#953=ORIENTED_EDGE('',*,*,#956,.T.);
#954=ORIENTED_EDGE('',*,*,#957,.T.);
#955=ORIENTED_EDGE('',*,*,#958,.T.);
#956=EDGE_CURVE('',#97,#91,#959,.F.);
#957=EDGE_CURVE('',#91,#87,#960,.T.);
#958=EDGE_CURVE('',#87,#97,#961,.T.);
#959=LINE('',#96,#962);
#960=LINE('',#90,#963);
#961=LINE('',#86,#964);
#962=VECTOR('',#965,1.0);
#963=VECTOR('',#966,1.0);
#964=VECTOR('',#967,1.0);
#965=DIRECTION('',(0.1648408171479996,0.98632018381557,0));
#966=DIRECTION('',(1,0,0));
#967=DIRECTION('',(-0.9958963126302351,-0.09050157175155073,0));
#968=FACE_SURFACE('',(#973),#969,.T.);
#969=PLANE('',#970);
#970=AXIS2_PLACEMENT_3D('',#98,#971,#972);
#971=DIRECTION('',(0,0,-1));
#972=DIRECTION('',(-1,0,0));
#973=FACE_BOUND('',#974,.T.);
#974=EDGE_LOOP('',(#975,#976,#977));
#975=ORIENTED_EDGE('',*,*,#978,.T.);
#976=ORIENTED_EDGE('',*,*,#979,.T.);
#977=ORIENTED_EDGE('',*,*,#980,.T.);
#978=EDGE_CURVE('',#99,#97,#981,.F.);
#979=EDGE_CURVE('',#97,#87,#982,.T.);
#980=EDGE_CURVE('',#87,#99,#983,.T.);
#981=LINE('',#98,#984);
#982=LINE('',#96,#985);
#983=LINE('',#86,#986);
#984=VECTOR('',#987,1.0);
#985=VECTOR('',#988,1.0);
#986=VECTOR('',#989,1.0);
#987=DIRECTION('',(-1,0,0));
#988=DIRECTION('',(0.9958963126302351,0.09050157175155073,0));
#989=DIRECTION('',(0.1520244186463868,-0.988376737957358,0));
#990=FACE_SURFACE('',(#995),#991,.T.);
#991=PLANE('',#992);
#992=AXIS2_PLACEMENT_3D('',#70,#993,#994);
#993=DIRECTION('',(0,0,-1));
#994=DIRECTION('',(0.22485671751482061,-0.9743918393482471,0));
#995=FACE_BOUND('',#996,.T.);
#996=EDGE_LOOP('',(#997,#998,#999));
#997=ORIENTED_EDGE('',*,*,#1000,.T.);
#998=ORIENTED_EDGE('',*,*,#1001,.T.);
#999=ORIENTED_EDGE('',*,*,#1002,.T.);
#1000=EDGE_CURVE('',#71,#83,#1003,.F.);
#1001=EDGE_CURVE('',#83,#85,#1004,.T.);
#1002=EDGE_CURVE('',#85,#71,#1005,.T.);
#1003=LINE('',#70,#1006);
#1004=LINE('',#82,#1007);
#1005=LINE('',#84,#1008);
#1006=VECTOR('',#1009,1.0);
#1007=VECTOR('',#1010,1.0);
#1008=VECTOR('',#1011,1.0);
#1009=DIRECTION('',(0.22485671751482061,-0.9743918393482471,0));
#1010=DIRECTION('',(0,-1,0));
#1011=DIRECTION('',(-0.133558151222883,0.9910409780841182,0));
#1012=FACE_SURFACE('',(#1017),#1013,.T.);
#1013=PLANE('',#1014);
#1014=AXIS2_PLACEMENT_3D('',#72,#1015,#1016);
#1015=DIRECTION('',(0,0,-1));
#1016=DIRECTION('',(0,1,0));
#1017=FACE_BOUND('',#1018,.T.);
#1018=EDGE_LOOP('',(#1019,#1020,#1021));
#1019=ORIENTED_EDGE('',*,*,#1022,.T.);
#1020=ORIENTED_EDGE('',*,*,#1023,.T.);
#1021=ORIENTED_EDGE('',*,*,#1024,.T.);
#1022=EDGE_CURVE('',#73,#71,#1025,.F.);
#1023=EDGE_CURVE('',#71,#85,#1026,.T.);
#1024=EDGE_CURVE('',#85,#73,#1027,.T.);
#1025=LINE('',#72,#1028);
#1026=LINE('',#70,#1029);
#1027=LINE('',#84,#1030);
#1028=VECTOR('',#1031,1.0);
#1029=VECTOR('',#1032,1.0);
#1030=VECTOR('',#1033,1.0);
#1031=DIRECTION('',(0,1,0));
#1032=DIRECTION('',(0.133558151222883,-0.9910409780841182,0));
#1033=DIRECTION('',(-0.43961882267208713,0.8981844413885202,0));
#1034=FACE_SURFACE('',(#1039),#1035,.T.);
#1035=PLANE('',#1036);
#1036=AXIS2_PLACEMENT_3D('',#100,#1037,#1038);
#1037=DIRECTION('',(0,0,-1));
#1038=DIRECTION('',(-0.20774763848439354,-0.9781824567554653,0));
#1039=FACE_BOUND('',#1040,.T.);
#1040=EDGE_LOOP('',(#1041,#1042,#1043));
#1041=ORIENTED_EDGE('',*,*,#1044,.T.);
#1042=ORIENTED_EDGE('',*,*,#1045,.T.);
#1043=ORIENTED_EDGE('',*,*,#1046,.T.);
#1044=EDGE_CURVE('',#101,#89,#1047,.F.);
#1045=EDGE_CURVE('',#89,#83,#1048,.T.);
#1046=EDGE_CURVE('',#83,#101,#1049,.T.);
#1047=LINE('',#100,#1050);
#1048=LINE('',#88,#1051);
#1049=LINE('',#82,#1052);
#1050=VECTOR('',#1053,1.0);
#1051=VECTOR('',#1054,1.0);
#1052=VECTOR('',#1055,1.0);
#1053=DIRECTION('',(-0.20774763848439354,-0.9781824567554653,0));
#1054=DIRECTION('',(-1,0,0));
#1055=DIRECTION('',(0.997836069168763,0.06575088642620461,0));
#1056=FACE_SURFACE('',(#1061),#1057,.T.);
#1057=PLANE('',#1058);
#1058=AXIS2_PLACEMENT_3D('',#70,#1059,#1060);
#1059=DIRECTION('',(0,0,-1));
#1060=DIRECTION('',(1,0,0));
#1061=FACE_BOUND('',#1062,.T.);
#1062=EDGE_LOOP('',(#1063,#1064,#1065));
#1063=ORIENTED_EDGE('',*,*,#1066,.T.);
#1064=ORIENTED_EDGE('',*,*,#1067,.T.);
#1065=ORIENTED_EDGE('',*,*,#1068,.T.);
#1066=EDGE_CURVE('',#71,#101,#1069,.F.);
#1067=EDGE_CURVE('',#101,#83,#1070,.T.);
#1068=EDGE_CURVE('',#83,#71,#1071,.T.);
#1069=LINE('',#70,#1072);
#1070=LINE('',#100,#1073);
#1071=LINE('',#82,#1074);
#1072=VECTOR('',#1075,1.0);
#1073=VECTOR('',#1076,1.0);
#1074=VECTOR('',#1077,1.0);
#1075=DIRECTION('',(1,0,0));
#1076=DIRECTION('',(-0.997836069168763,-0.06575088642620461,0));
#1077=DIRECTION('',(-0.22485671751482061,0.9743918393482471,0));
#1078=FACE_SURFACE('',(#1083),#1079,.T.);
#1079=PLANE('',#1080);
#1080=AXIS2_PLACEMENT_3D('',#98,#1081,#1082);
#1081=DIRECTION('',(0,0,-1));
#1082=DIRECTION('',(-0.1520244186463868,0.988376737957358,0));
#1083=FACE_BOUND('',#1084,.T.);
#1084=EDGE_LOOP('',(#1085,#1086,#1087));
#1085=ORIENTED_EDGE('',*,*,#1088,.T.);
#1086=ORIENTED_EDGE('',*,*,#1089,.T.);
#1087=ORIENTED_EDGE('',*,*,#1090,.T.);
#1088=EDGE_CURVE('',#99,#87,#1091,.F.);
#1089=EDGE_CURVE('',#87,#89,#1092,.T.);
#1090=EDGE_CURVE('',#89,#99,#1093,.T.);
#1091=LINE('',#98,#1094);
#1092=LINE('',#86,#1095);
#1093=LINE('',#88,#1096);
#1094=VECTOR('',#1097,1.0);
#1095=VECTOR('',#1098,1.0);
#1096=VECTOR('',#1099,1.0);
#1097=DIRECTION('',(-0.1520244186463868,0.988376737957358,0));
#1098=DIRECTION('',(0,1,0));
#1099=DIRECTION('',(0.02029927930047387,-0.99979394840131,0));
#1100=FACE_SURFACE('',(#1105),#1101,.T.);
#1101=PLANE('',#1102);
#1102=AXIS2_PLACEMENT_3D('',#100,#1103,#1104);
#1103=DIRECTION('',(0,-0,-1));
#1104=DIRECTION('',(0,-1,0));
#1105=FACE_BOUND('',#1106,.T.);
#1106=EDGE_LOOP('',(#1107,#1108,#1109));
#1107=ORIENTED_EDGE('',*,*,#1110,.T.);
#1108=ORIENTED_EDGE('',*,*,#1111,.T.);
#1109=ORIENTED_EDGE('',*,*,#1112,.T.);
#1110=EDGE_CURVE('',#101,#99,#1113,.F.);
#1111=EDGE_CURVE('',#99,#89,#1114,.T.);
#1112=EDGE_CURVE('',#89,#101,#1115,.T.);
#1113=LINE('',#100,#1116);
#1114=LINE('',#98,#1117);
#1115=LINE('',#88,#1118);
#1116=VECTOR('',#1119,1.0);
#1117=VECTOR('',#1120,1.0);
#1118=VECTOR('',#1121,1.0);
#1119=DIRECTION('',(0,-1,0));
#1120=DIRECTION('',(-0.02029927930047387,0.99979394840131,0));
#1121=DIRECTION('',(0.20774763848439354,0.9781824567554653,0));
#1122=FACE_SURFACE('',(#1127),#1123,.T.);
#1123=PLANE('',#1124);
#1124=AXIS2_PLACEMENT_3D('',#66,#1125,#1126);
#1125=DIRECTION('',(0,0,-1));
#1126=DIRECTION('',(-0.8097669598365216,-0.5867516261222606,0));
#1127=FACE_BOUND('',#1128,.T.);
#1128=EDGE_LOOP('',(#1129,#1130,#1131));
#1129=ORIENTED_EDGE('',*,*,#1132,.T.);
#1130=ORIENTED_EDGE('',*,*,#1133,.T.);
#1131=ORIENTED_EDGE('',*,*,#1134,.T.);
#1132=EDGE_CURVE('',#67,#103,#1135,.F.);
#1133=EDGE_CURVE('',#103,#105,#1136,.T.);
#1134=EDGE_CURVE('',#105,#67,#1137,.T.);
#1135=LINE('',#66,#1138);
#1136=LINE('',#102,#1139);
#1137=LINE('',#104,#1140);
#1138=VECTOR('',#1141,1.0);
#1139=VECTOR('',#1142,1.0);
#1140=VECTOR('',#1143,1.0);
#1141=DIRECTION('',(-0.8097669598365216,-0.5867516261222606,0));
#1142=DIRECTION('',(-1,0,0));
#1143=DIRECTION('',(0.9999514649694643,0.009852294424247765,0));
#1144=FACE_SURFACE('',(#1149),#1145,.T.);
#1145=PLANE('',#1146);
#1146=AXIS2_PLACEMENT_3D('',#62,#1147,#1148);
#1147=DIRECTION('',(0,0,-1));
#1148=DIRECTION('',(1,0,0));
#1149=FACE_BOUND('',#1150,.T.);
#1150=EDGE_LOOP('',(#1151,#1152,#1153));
#1151=ORIENTED_EDGE('',*,*,#1154,.T.);
#1152=ORIENTED_EDGE('',*,*,#1155,.T.);
#1153=ORIENTED_EDGE('',*,*,#1156,.T.);
#1154=EDGE_CURVE('',#63,#67,#1157,.F.);
#1155=EDGE_CURVE('',#67,#105,#1158,.T.);
#1156=EDGE_CURVE('',#105,#63,#1159,.T.);
#1157=LINE('',#62,#1160);
#1158=LINE('',#66,#1161);
#1159=LINE('',#104,#1162);
#1160=VECTOR('',#1163,1.0);
#1161=VECTOR('',#1164,1.0);
#1162=VECTOR('',#1165,1.0);
#1163=DIRECTION('',(1,0,0));
#1164=DIRECTION('',(-0.9999514649694643,-0.009852294424247765,0));
#1165=DIRECTION('',(-0.8319675415772009,0.5548243053093371,0));
#1166=FACE_SURFACE('',(#1171),#1167,.T.);
#1167=PLANE('',#1168);
#1168=AXIS2_PLACEMENT_3D('',#102,#1169,#1170);
#1169=DIRECTION('',(0,1,0));
#1170=DIRECTION('',(0,0,-1));
#1171=FACE_BOUND('',#1172,.T.);
#1172=EDGE_LOOP('',(#1173,#1174,#1175));
#1173=ORIENTED_EDGE('',*,*,#1176,.T.);
#1174=ORIENTED_EDGE('',*,*,#1177,.T.);
#1175=ORIENTED_EDGE('',*,*,#1178,.T.);
#1176=EDGE_CURVE('',#103,#101,#1179,.F.);
#1177=EDGE_CURVE('',#101,#71,#1180,.T.);
#1178=EDGE_CURVE('',#71,#103,#1181,.T.);
#1179=LINE('',#102,#1182);
#1180=LINE('',#100,#1183);
#1181=LINE('',#70,#1184);
#1182=VECTOR('',#1185,1.0);
#1183=VECTOR('',#1186,1.0);
#1184=VECTOR('',#1187,1.0);
#1185=DIRECTION('',(0,0,-1));
#1186=DIRECTION('',(-1,0,0));
#1187=DIRECTION('',(0.9970955355694675,0,0.07616096734835048));
#1188=FACE_SURFACE('',(#1193),#1189,.T.);
#1189=PLANE('',#1190);
#1190=AXIS2_PLACEMENT_3D('',#104,#1191,#1192);
#1191=DIRECTION('',(-0,1,0));
#1192=DIRECTION('',(1,0,0));
#1193=FACE_BOUND('',#1194,.T.);
#1194=EDGE_LOOP('',(#1195,#1196,#1197));
#1195=ORIENTED_EDGE('',*,*,#1198,.T.);
#1196=ORIENTED_EDGE('',*,*,#1199,.T.);
#1197=ORIENTED_EDGE('',*,*,#1200,.T.);
#1198=EDGE_CURVE('',#105,#103,#1201,.F.);
#1199=EDGE_CURVE('',#103,#71,#1202,.T.);
#1200=EDGE_CURVE('',#71,#105,#1203,.T.);
#1201=LINE('',#104,#1204);
#1202=LINE('',#102,#1205);
#1203=LINE('',#70,#1206);
#1204=VECTOR('',#1207,1.0);
#1205=VECTOR('',#1208,1.0);
#1206=VECTOR('',#1209,1.0);
#1207=DIRECTION('',(1,0,0));
#1208=DIRECTION('',(-0.9970955355694675,0,-0.07616096734835048));
#1209=DIRECTION('',(0,0,1));
#1210=FACE_SURFACE('',(#1215),#1211,.T.);
#1211=PLANE('',#1212);
#1212=AXIS2_PLACEMENT_3D('',#66,#1213,#1214);
#1213=DIRECTION('',(-0.5867516261222606,0.8097669598365217,0));
#1214=DIRECTION('',(0,0,-1));
#1215=FACE_BOUND('',#1216,.T.);
#1216=EDGE_LOOP('',(#1217,#1218,#1219));
#1217=ORIENTED_EDGE('',*,*,#1220,.T.);
#1218=ORIENTED_EDGE('',*,*,#1221,.T.);
#1219=ORIENTED_EDGE('',*,*,#1222,.T.);
#1220=EDGE_CURVE('',#67,#57,#1223,.F.);
#1221=EDGE_CURVE('',#57,#101,#1224,.T.);
#1222=EDGE_CURVE('',#101,#67,#1225,.T.);
#1223=LINE('',#66,#1226);
#1224=LINE('',#56,#1227);
#1225=LINE('',#100,#1228);
#1226=VECTOR('',#1229,1.0);
#1227=VECTOR('',#1230,1.0);
#1228=VECTOR('',#1231,1.0);
#1229=DIRECTION('',(0,0,-1));
#1230=DIRECTION('',(-0.8097669598365216,-0.5867516261222606,0));
#1231=DIRECTION('',(0.1761520493514685,0.12763857569912335,0.9760526878723182));
#1232=FACE_SURFACE('',(#1237),#1233,.T.);
#1233=PLANE('',#1234);
#1234=AXIS2_PLACEMENT_3D('',#102,#1235,#1236);
#1235=DIRECTION('',(-0.5867516261222606,0.8097669598365217,0));
#1236=DIRECTION('',(0.8097669598365216,0.5867516261222606,0));
#1237=FACE_BOUND('',#1238,.T.);
#1238=EDGE_LOOP('',(#1239,#1240,#1241));
#1239=ORIENTED_EDGE('',*,*,#1242,.T.);
#1240=ORIENTED_EDGE('',*,*,#1243,.T.);
#1241=ORIENTED_EDGE('',*,*,#1244,.T.);
#1242=EDGE_CURVE('',#103,#67,#1245,.F.);
#1243=EDGE_CURVE('',#67,#101,#1246,.T.);
#1244=EDGE_CURVE('',#101,#103,#1247,.T.);
#1245=LINE('',#102,#1248);
#1246=LINE('',#66,#1249);
#1247=LINE('',#100,#1250);
#1248=VECTOR('',#1251,1.0);
#1249=VECTOR('',#1252,1.0);
#1250=VECTOR('',#1253,1.0);
#1251=DIRECTION('',(0.8097669598365216,0.5867516261222606,0));
#1252=DIRECTION('',(-0.1761520493514685,-0.12763857569912335,-0.9760526878723182));
#1253=DIRECTION('',(0,0,1));
#1254=FACE_SURFACE('',(#1259),#1255,.T.);
#1255=PLANE('',#1256);
#1256=AXIS2_PLACEMENT_3D('',#80,#1257,#1258);
#1257=DIRECTION('',(0,0,-1));
#1258=DIRECTION('',(0.8319709896498214,0.5548191348368375,0));
#1259=FACE_BOUND('',#1260,.T.);
#1260=EDGE_LOOP('',(#1261,#1262,#1263));
#1261=ORIENTED_EDGE('',*,*,#1264,.T.);
#1262=ORIENTED_EDGE('',*,*,#1265,.T.);
#1263=ORIENTED_EDGE('',*,*,#1266,.T.);
#1264=EDGE_CURVE('',#81,#107,#1267,.F.);
#1265=EDGE_CURVE('',#107,#109,#1268,.T.);
#1266=EDGE_CURVE('',#109,#81,#1269,.T.);
#1267=LINE('',#80,#1270);
#1268=LINE('',#106,#1271);
#1269=LINE('',#108,#1272);
#1270=VECTOR('',#1273,1.0);
#1271=VECTOR('',#1274,1.0);
#1272=VECTOR('',#1275,1.0);
#1273=DIRECTION('',(0.8319709896498214,0.5548191348368375,0));
#1274=DIRECTION('',(1,0,0));
#1275=DIRECTION('',(-0.9999515802881283,-0.009840583279202935,0));
#1276=FACE_SURFACE('',(#1281),#1277,.T.);
#1277=PLANE('',#1278);
#1278=AXIS2_PLACEMENT_3D('',#76,#1279,#1280);
#1279=DIRECTION('',(0,0,-1));
#1280=DIRECTION('',(-1,0,0));
#1281=FACE_BOUND('',#1282,.T.);
#1282=EDGE_LOOP('',(#1283,#1284,#1285));
#1283=ORIENTED_EDGE('',*,*,#1286,.T.);
#1284=ORIENTED_EDGE('',*,*,#1287,.T.);
#1285=ORIENTED_EDGE('',*,*,#1288,.T.);
#1286=EDGE_CURVE('',#77,#81,#1289,.F.);
#1287=EDGE_CURVE('',#81,#109,#1290,.T.);
#1288=EDGE_CURVE('',#109,#77,#1291,.T.);
#1289=LINE('',#76,#1292);
#1290=LINE('',#80,#1293);
#1291=LINE('',#108,#1294);
#1292=VECTOR('',#1295,1.0);
#1293=VECTOR('',#1296,1.0);
#1294=VECTOR('',#1297,1.0);
#1295=DIRECTION('',(-1,0,0));
#1296=DIRECTION('',(0.9999515802881283,0.009840583279202935,0));
#1297=DIRECTION('',(0.8097707132641028,-0.5867464460392976,0));
#1298=FACE_SURFACE('',(#1303),#1299,.T.);
#1299=PLANE('',#1300);
#1300=AXIS2_PLACEMENT_3D('',#80,#1301,#1302);
#1301=DIRECTION('',(0.5548191348368375,-0.8319709896498213,0));
#1302=DIRECTION('',(0,0,-1));
#1303=FACE_BOUND('',#1304,.T.);
#1304=EDGE_LOOP('',(#1305,#1306,#1307));
#1305=ORIENTED_EDGE('',*,*,#1308,.T.);
#1306=ORIENTED_EDGE('',*,*,#1309,.T.);
#1307=ORIENTED_EDGE('',*,*,#1310,.T.);
#1308=EDGE_CURVE('',#81,#79,#1311,.F.);
#1309=EDGE_CURVE('',#79,#97,#1312,.T.);
#1310=EDGE_CURVE('',#97,#81,#1313,.T.);
#1311=LINE('',#80,#1314);
#1312=LINE('',#78,#1315);
#1313=LINE('',#96,#1316);
#1314=VECTOR('',#1317,1.0);
#1315=VECTOR('',#1318,1.0);
#1316=VECTOR('',#1319,1.0);
#1317=DIRECTION('',(0,0,-1));
#1318=DIRECTION('',(0.8319709896498214,0.5548191348368375,0));
#1319=DIRECTION('',(-0.1908620982544114,-0.1272808133264683,0.973329982076416));
#1320=FACE_SURFACE('',(#1325),#1321,.T.);
#1321=PLANE('',#1322);
#1322=AXIS2_PLACEMENT_3D('',#106,#1323,#1324);
#1323=DIRECTION('',(0.5548191348368375,-0.8319709896498213,0));
#1324=DIRECTION('',(-0.8319709896498214,-0.5548191348368375,0));
#1325=FACE_BOUND('',#1326,.T.);
#1326=EDGE_LOOP('',(#1327,#1328,#1329));
#1327=ORIENTED_EDGE('',*,*,#1330,.T.);
#1328=ORIENTED_EDGE('',*,*,#1331,.T.);
#1329=ORIENTED_EDGE('',*,*,#1332,.T.);
#1330=EDGE_CURVE('',#107,#81,#1333,.F.);
#1331=EDGE_CURVE('',#81,#97,#1334,.T.);
#1332=EDGE_CURVE('',#97,#107,#1335,.T.);
#1333=LINE('',#106,#1336);
#1334=LINE('',#80,#1337);
#1335=LINE('',#96,#1338);
#1336=VECTOR('',#1339,1.0);
#1337=VECTOR('',#1340,1.0);
#1338=VECTOR('',#1341,1.0);
#1339=DIRECTION('',(-0.8319709896498214,-0.5548191348368375,0));
#1340=DIRECTION('',(0.1908620982544114,0.1272808133264683,-0.973329982076416));
#1341=DIRECTION('',(0,0,1));
#1342=FACE_SURFACE('',(#1347),#1343,.T.);
#1343=PLANE('',#1344);
#1344=AXIS2_PLACEMENT_3D('',#106,#1345,#1346);
#1345=DIRECTION('',(0,-1,0));
#1346=DIRECTION('',(0,0,-1));
#1347=FACE_BOUND('',#1348,.T.);
#1348=EDGE_LOOP('',(#1349,#1350,#1351));
#1349=ORIENTED_EDGE('',*,*,#1352,.T.);
#1350=ORIENTED_EDGE('',*,*,#1353,.T.);
#1351=ORIENTED_EDGE('',*,*,#1354,.T.);
#1352=EDGE_CURVE('',#107,#97,#1355,.F.);
#1353=EDGE_CURVE('',#97,#99,#1356,.T.);
#1354=EDGE_CURVE('',#99,#107,#1357,.T.);
#1355=LINE('',#106,#1358);
#1356=LINE('',#96,#1359);
#1357=LINE('',#98,#1360);
#1358=VECTOR('',#1361,1.0);
#1359=VECTOR('',#1362,1.0);
#1360=VECTOR('',#1363,1.0);
#1361=DIRECTION('',(0,0,-1));
#1362=DIRECTION('',(1,0,0));
#1363=DIRECTION('',(-0.9970955355694675,0,0.07616096734835048));
#1364=FACE_SURFACE('',(#1369),#1365,.T.);
#1365=PLANE('',#1366);
#1366=AXIS2_PLACEMENT_3D('',#108,#1367,#1368);
#1367=DIRECTION('',(-0,-1,-0));
#1368=DIRECTION('',(-1,0,0));
#1369=FACE_BOUND('',#1370,.T.);
#1370=EDGE_LOOP('',(#1371,#1372,#1373));
#1371=ORIENTED_EDGE('',*,*,#1374,.T.);
#1372=ORIENTED_EDGE('',*,*,#1375,.T.);
#1373=ORIENTED_EDGE('',*,*,#1376,.T.);
#1374=EDGE_CURVE('',#109,#107,#1377,.F.);
#1375=EDGE_CURVE('',#107,#99,#1378,.T.);
#1376=EDGE_CURVE('',#99,#109,#1379,.T.);
#1377=LINE('',#108,#1380);
#1378=LINE('',#106,#1381);
#1379=LINE('',#98,#1382);
#1380=VECTOR('',#1383,1.0);
#1381=VECTOR('',#1384,1.0);
#1382=VECTOR('',#1385,1.0);
#1383=DIRECTION('',(-1,0,0));
#1384=DIRECTION('',(0.9970955355694675,0,-0.07616096734835048));
#1385=DIRECTION('',(0,0,1));
#1386=FACE_SURFACE('',(#1391),#1387,.T.);
#1387=PLANE('',#1388);
#1388=AXIS2_PLACEMENT_3D('',#110,#1389,#1390);
#1389=DIRECTION('',(-1,0,-0));
#1390=DIRECTION('',(0,0,-1));
#1391=FACE_BOUND('',#1392,.T.);
#1392=EDGE_LOOP('',(#1393,#1394,#1395));
#1393=ORIENTED_EDGE('',*,*,#1396,.T.);
#1394=ORIENTED_EDGE('',*,*,#1397,.T.);
#1395=ORIENTED_EDGE('',*,*,#1398,.T.);
#1396=EDGE_CURVE('',#111,#75,#1399,.F.);
#1397=EDGE_CURVE('',#75,#69,#1400,.T.);
#1398=EDGE_CURVE('',#69,#111,#1401,.T.);
#1399=LINE('',#110,#1402);
#1400=LINE('',#74,#1403);
#1401=LINE('',#68,#1404);
#1402=VECTOR('',#1405,1.0);
#1403=VECTOR('',#1406,1.0);
#1404=VECTOR('',#1407,1.0);
#1405=DIRECTION('',(0,0,-1));
#1406=DIRECTION('',(0,-0.7416315683677501,-0.6708074364528103));
#1407=DIRECTION('',(0,0.2910942221713392,0.9566943889343468));
#1408=FACE_SURFACE('',(#1413),#1409,.T.);
#1409=PLANE('',#1410);
#1410=AXIS2_PLACEMENT_3D('',#112,#1411,#1412);
#1411=DIRECTION('',(-1,0,0));
#1412=DIRECTION('',(0,1,0));
#1413=FACE_BOUND('',#1414,.T.);
#1414=EDGE_LOOP('',(#1415,#1416,#1417));
#1415=ORIENTED_EDGE('',*,*,#1418,.T.);
#1416=ORIENTED_EDGE('',*,*,#1419,.T.);
#1417=ORIENTED_EDGE('',*,*,#1420,.T.);
#1418=EDGE_CURVE('',#113,#111,#1421,.F.);
#1419=EDGE_CURVE('',#111,#69,#1422,.T.);
#1420=EDGE_CURVE('',#69,#113,#1423,.T.);
#1421=LINE('',#112,#1424);
#1422=LINE('',#110,#1425);
#1423=LINE('',#68,#1426);
#1424=VECTOR('',#1427,1.0);
#1425=VECTOR('',#1428,1.0);
#1426=VECTOR('',#1429,1.0);
#1427=DIRECTION('',(0,1,0));
#1428=DIRECTION('',(0,-0.2910942221713392,-0.9566943889343468));
#1429=DIRECTION('',(0,0,1));
#1430=FACE_SURFACE('',(#1435),#1431,.T.);
#1431=PLANE('',#1432);
#1432=AXIS2_PLACEMENT_3D('',#114,#1433,#1434);
#1433=DIRECTION('',(-0.3681283100113157,0.5520214700026519,-0.748166989397637));
#1434=DIRECTION('',(0,-0.8046753147879143,-0.5937151149928481));
#1435=FACE_BOUND('',#1436,.T.);
#1436=EDGE_LOOP('',(#1437,#1438,#1439));
#1437=ORIENTED_EDGE('',*,*,#1440,.T.);
#1438=ORIENTED_EDGE('',*,*,#1441,.T.);
#1439=ORIENTED_EDGE('',*,*,#1442,.T.);
#1440=EDGE_CURVE('',#115,#97,#1443,.F.);
#1441=EDGE_CURVE('',#97,#79,#1444,.T.);
#1442=EDGE_CURVE('',#79,#115,#1445,.T.);
#1443=LINE('',#114,#1446);
#1444=LINE('',#96,#1447);
#1445=LINE('',#78,#1448);
#1446=VECTOR('',#1449,1.0);
#1447=VECTOR('',#1450,1.0);
#1448=VECTOR('',#1451,1.0);
#1449=DIRECTION('',(0,-0.8046753147879143,-0.5937151149928481));
#1450=DIRECTION('',(-0.8319709896498214,-0.5548191348368375,0));
#1451=DIRECTION('',(0.25075250917749065,0.8338041755228688,0.4918269777287754));
#1452=FACE_SURFACE('',(#1457),#1453,.T.);
#1453=PLANE('',#1454);
#1454=AXIS2_PLACEMENT_3D('',#116,#1455,#1456);
#1455=DIRECTION('',(-0.9576328481636487,0.2879918889794955,0));
#1456=DIRECTION('',(0.28799188897949557,0.9576328481636488,0));
#1457=FACE_BOUND('',#1458,.T.);
#1458=EDGE_LOOP('',(#1459,#1460,#1461));
#1459=ORIENTED_EDGE('',*,*,#1462,.T.);
#1460=ORIENTED_EDGE('',*,*,#1463,.T.);
#1461=ORIENTED_EDGE('',*,*,#1464,.T.);
#1462=EDGE_CURVE('',#117,#115,#1465,.F.);
#1463=EDGE_CURVE('',#115,#79,#1466,.T.);
#1464=EDGE_CURVE('',#79,#117,#1467,.T.);
#1465=LINE('',#116,#1468);
#1466=LINE('',#114,#1469);
#1467=LINE('',#78,#1470);
#1468=VECTOR('',#1471,1.0);
#1469=VECTOR('',#1472,1.0);
#1470=VECTOR('',#1473,1.0);
#1471=DIRECTION('',(0.28799188897949557,0.9576328481636488,0));
#1472=DIRECTION('',(-0.25075250917749065,-0.8338041755228688,-0.4918269777287754));
#1473=DIRECTION('',(0,0,1));
#1474=FACE_SURFACE('',(#1479),#1475,.T.);
#1475=PLANE('',#1476);
#1476=AXIS2_PLACEMENT_3D('',#116,#1477,#1478);
#1477=DIRECTION('',(1,0,0));
#1478=DIRECTION('',(0,0,-1));
#1479=FACE_BOUND('',#1480,.T.);
#1480=EDGE_LOOP('',(#1481,#1482,#1483));
#1481=ORIENTED_EDGE('',*,*,#1484,.T.);
#1482=ORIENTED_EDGE('',*,*,#1485,.T.);
#1483=ORIENTED_EDGE('',*,*,#1486,.T.);
#1484=EDGE_CURVE('',#117,#79,#1487,.F.);
#1485=EDGE_CURVE('',#79,#95,#1488,.T.);
#1486=EDGE_CURVE('',#95,#117,#1489,.T.);
#1487=LINE('',#116,#1490);
#1488=LINE('',#78,#1491);
#1489=LINE('',#94,#1492);
#1490=VECTOR('',#1493,1.0);
#1491=VECTOR('',#1494,1.0);
#1492=VECTOR('',#1495,1.0);
#1493=DIRECTION('',(0,0,-1));
#1494=DIRECTION('',(0,1,0));
#1495=DIRECTION('',(0,-0.9970544851573769,0.07669650335939733));
#1496=FACE_SURFACE('',(#1501),#1497,.T.);
#1497=PLANE('',#1498);
#1498=AXIS2_PLACEMENT_3D('',#118,#1499,#1500);
#1499=DIRECTION('',(1,0,0));
#1500=DIRECTION('',(0,-0.9980337002017047,0.06267960802122065));
#1501=FACE_BOUND('',#1502,.T.);
#1502=EDGE_LOOP('',(#1503,#1504,#1505));
#1503=ORIENTED_EDGE('',*,*,#1506,.T.);
#1504=ORIENTED_EDGE('',*,*,#1507,.T.);
#1505=ORIENTED_EDGE('',*,*,#1508,.T.);
#1506=EDGE_CURVE('',#119,#117,#1509,.F.);
#1507=EDGE_CURVE('',#117,#95,#1510,.T.);
#1508=EDGE_CURVE('',#95,#119,#1511,.T.);
#1509=LINE('',#118,#1512);
#1510=LINE('',#116,#1513);
#1511=LINE('',#94,#1514);
#1512=VECTOR('',#1515,1.0);
#1513=VECTOR('',#1516,1.0);
#1514=VECTOR('',#1517,1.0);
#1515=DIRECTION('',(0,-0.9980337002017047,0.06267960802122065));
#1516=DIRECTION('',(0,0.9970544851573769,-0.07669650335939733));
#1517=DIRECTION('',(0,-0.9931110468310621,0.11717699715435494));
#1518=FACE_SURFACE('',(#1523),#1519,.T.);
#1519=PLANE('',#1520);
#1520=AXIS2_PLACEMENT_3D('',#118,#1521,#1522);
#1521=DIRECTION('',(1,0,0));
#1522=DIRECTION('',(0,0.9931110468310621,-0.11717699715435494));
#1523=FACE_BOUND('',#1524,.T.);
#1524=EDGE_LOOP('',(#1525,#1526,#1527));
#1525=ORIENTED_EDGE('',*,*,#1528,.T.);
#1526=ORIENTED_EDGE('',*,*,#1529,.T.);
#1527=ORIENTED_EDGE('',*,*,#1530,.T.);
#1528=EDGE_CURVE('',#119,#95,#1531,.F.);
#1529=EDGE_CURVE('',#95,#121,#1532,.T.);
#1530=EDGE_CURVE('',#121,#119,#1533,.T.);
#1531=LINE('',#118,#1534);
#1532=LINE('',#94,#1535);
#1533=LINE('',#120,#1536);
#1534=VECTOR('',#1537,1.0);
#1535=VECTOR('',#1538,1.0);
#1536=VECTOR('',#1539,1.0);
#1537=DIRECTION('',(0,0.9931110468310621,-0.11717699715435494));
#1538=DIRECTION('',(0,1,0));
#1539=DIRECTION('',(0,-0.9996228963823254,0.027460244503838348));
#1540=FACE_SURFACE('',(#1545),#1541,.T.);
#1541=PLANE('',#1542);
#1542=AXIS2_PLACEMENT_3D('',#122,#1543,#1544);
#1543=DIRECTION('',(1,0,0));
#1544=DIRECTION('',(0,-1,0));
#1545=FACE_BOUND('',#1546,.T.);
#1546=EDGE_LOOP('',(#1547,#1548,#1549));
#1547=ORIENTED_EDGE('',*,*,#1550,.T.);
#1548=ORIENTED_EDGE('',*,*,#1551,.T.);
#1549=ORIENTED_EDGE('',*,*,#1552,.T.);
#1550=EDGE_CURVE('',#123,#119,#1553,.F.);
#1551=EDGE_CURVE('',#119,#121,#1554,.T.);
#1552=EDGE_CURVE('',#121,#123,#1555,.T.);
#1553=LINE('',#122,#1556);
#1554=LINE('',#118,#1557);
#1555=LINE('',#120,#1558);
#1556=VECTOR('',#1559,1.0);
#1557=VECTOR('',#1560,1.0);
#1558=VECTOR('',#1561,1.0);
#1559=DIRECTION('',(0,-1,0));
#1560=DIRECTION('',(0,0.9996228963823254,-0.027460244503838348));
#1561=DIRECTION('',(0,0.23176695571479453,0.9727713391330444));
#1562=FACE_SURFACE('',(#1567),#1563,.T.);
#1563=PLANE('',#1564);
#1564=AXIS2_PLACEMENT_3D('',#124,#1565,#1566);
#1565=DIRECTION('',(0,-1,0));
#1566=DIRECTION('',(0,0,-1));
#1567=FACE_BOUND('',#1568,.T.);
#1568=EDGE_LOOP('',(#1569,#1570,#1571));
#1569=ORIENTED_EDGE('',*,*,#1572,.T.);
#1570=ORIENTED_EDGE('',*,*,#1573,.T.);
#1571=ORIENTED_EDGE('',*,*,#1574,.T.);
#1572=EDGE_CURVE('',#125,#119,#1575,.F.);
#1573=EDGE_CURVE('',#119,#127,#1576,.T.);
#1574=EDGE_CURVE('',#127,#125,#1577,.T.);
#1575=LINE('',#124,#1578);
#1576=LINE('',#118,#1579);
#1577=LINE('',#126,#1580);
#1578=VECTOR('',#1581,1.0);
#1579=VECTOR('',#1582,1.0);
#1580=VECTOR('',#1583,1.0);
#1581=DIRECTION('',(0,0,-1));
#1582=DIRECTION('',(1,0,0));
#1583=DIRECTION('',(-0.22502917959616836,0,0.9743520248505031));
#1584=FACE_SURFACE('',(#1589),#1585,.T.);
#1585=PLANE('',#1586);
#1586=AXIS2_PLACEMENT_3D('',#128,#1587,#1588);
#1587=DIRECTION('',(-0,-1,-0));
#1588=DIRECTION('',(-1,0,0));
#1589=FACE_BOUND('',#1590,.T.);
#1590=EDGE_LOOP('',(#1591,#1592,#1593));
#1591=ORIENTED_EDGE('',*,*,#1594,.T.);
#1592=ORIENTED_EDGE('',*,*,#1595,.T.);
#1593=ORIENTED_EDGE('',*,*,#1596,.T.);
#1594=EDGE_CURVE('',#129,#125,#1597,.F.);
#1595=EDGE_CURVE('',#125,#127,#1598,.T.);
#1596=EDGE_CURVE('',#127,#129,#1599,.T.);
#1597=LINE('',#128,#1600);
#1598=LINE('',#124,#1601);
#1599=LINE('',#126,#1602);
#1600=VECTOR('',#1603,1.0);
#1601=VECTOR('',#1604,1.0);
#1602=VECTOR('',#1605,1.0);
#1603=DIRECTION('',(-1,0,0));
#1604=DIRECTION('',(0.22502917959616836,0,-0.9743520248505031));
#1605=DIRECTION('',(0,0,1));
#1606=FACE_SURFACE('',(#1611),#1607,.T.);
#1607=PLANE('',#1608);
#1608=AXIS2_PLACEMENT_3D('',#130,#1609,#1610);
#1609=DIRECTION('',(0,0,-1));
#1610=DIRECTION('',(0.9244327004344662,0.38134522727764736,0));
#1611=FACE_BOUND('',#1612,.T.);
#1612=EDGE_LOOP('',(#1613,#1614,#1615));
#1613=ORIENTED_EDGE('',*,*,#1616,.T.);
#1614=ORIENTED_EDGE('',*,*,#1617,.T.);
#1615=ORIENTED_EDGE('',*,*,#1618,.T.);
#1616=EDGE_CURVE('',#131,#133,#1619,.F.);
#1617=EDGE_CURVE('',#133,#91,#1620,.T.);
#1618=EDGE_CURVE('',#91,#131,#1621,.T.);
#1619=LINE('',#130,#1622);
#1620=LINE('',#132,#1623);
#1621=LINE('',#90,#1624);
#1622=VECTOR('',#1625,1.0);
#1623=VECTOR('',#1626,1.0);
#1624=VECTOR('',#1627,1.0);
#1625=DIRECTION('',(0.9244327004344662,0.38134522727764736,0));
#1626=DIRECTION('',(0,-1,0));
#1627=DIRECTION('',(-0.05185089580719262,0.9986548375710157,0));
#1628=FACE_SURFACE('',(#1633),#1629,.T.);
#1629=PLANE('',#1630);
#1630=AXIS2_PLACEMENT_3D('',#96,#1631,#1632);
#1631=DIRECTION('',(0,0,-1));
#1632=DIRECTION('',(0,1,0));
#1633=FACE_BOUND('',#1634,.T.);
#1634=EDGE_LOOP('',(#1635,#1636,#1637));
#1635=ORIENTED_EDGE('',*,*,#1638,.T.);
#1636=ORIENTED_EDGE('',*,*,#1639,.T.);
#1637=ORIENTED_EDGE('',*,*,#1640,.T.);
#1638=EDGE_CURVE('',#97,#131,#1641,.F.);
#1639=EDGE_CURVE('',#131,#91,#1642,.T.);
#1640=EDGE_CURVE('',#91,#97,#1643,.T.);
#1641=LINE('',#96,#1644);
#1642=LINE('',#130,#1645);
#1643=LINE('',#90,#1646);
#1644=VECTOR('',#1647,1.0);
#1645=VECTOR('',#1648,1.0);
#1646=VECTOR('',#1649,1.0);
#1647=DIRECTION('',(0,1,0));
#1648=DIRECTION('',(0.05185089580719262,-0.9986548375710157,0));
#1649=DIRECTION('',(-0.1648408171479996,-0.98632018381557,0));
#1650=FACE_SURFACE('',(#1655),#1651,.T.);
#1651=PLANE('',#1652);
#1652=AXIS2_PLACEMENT_3D('',#94,#1653,#1654);
#1653=DIRECTION('',(1,0,0));
#1654=DIRECTION('',(0,0,-1));
#1655=FACE_BOUND('',#1656,.T.);
#1656=EDGE_LOOP('',(#1657,#1658,#1659));
#1657=ORIENTED_EDGE('',*,*,#1660,.T.);
#1658=ORIENTED_EDGE('',*,*,#1661,.T.);
#1659=ORIENTED_EDGE('',*,*,#1662,.T.);
#1660=EDGE_CURVE('',#95,#93,#1663,.F.);
#1661=EDGE_CURVE('',#93,#47,#1664,.T.);
#1662=EDGE_CURVE('',#47,#95,#1665,.T.);
#1663=LINE('',#94,#1666);
#1664=LINE('',#92,#1667);
#1665=LINE('',#46,#1668);
#1666=VECTOR('',#1669,1.0);
#1667=VECTOR('',#1670,1.0);
#1668=VECTOR('',#1671,1.0);
#1669=DIRECTION('',(0,0,-1));
#1670=DIRECTION('',(0,1,0));
#1671=DIRECTION('',(0,-0.9993346882128108,0.03647164562511803));
#1672=FACE_SURFACE('',(#1677),#1673,.T.);
#1673=PLANE('',#1674);
#1674=AXIS2_PLACEMENT_3D('',#120,#1675,#1676);
#1675=DIRECTION('',(1,0,0));
#1676=DIRECTION('',(0,-1,0));
#1677=FACE_BOUND('',#1678,.T.);
#1678=EDGE_LOOP('',(#1679,#1680,#1681));
#1679=ORIENTED_EDGE('',*,*,#1682,.T.);
#1680=ORIENTED_EDGE('',*,*,#1683,.T.);
#1681=ORIENTED_EDGE('',*,*,#1684,.T.);
#1682=EDGE_CURVE('',#121,#95,#1685,.F.);
#1683=EDGE_CURVE('',#95,#47,#1686,.T.);
#1684=EDGE_CURVE('',#47,#121,#1687,.T.);
#1685=LINE('',#120,#1688);
#1686=LINE('',#94,#1689);
#1687=LINE('',#46,#1690);
#1688=VECTOR('',#1691,1.0);
#1689=VECTOR('',#1692,1.0);
#1690=VECTOR('',#1693,1.0);
#1691=DIRECTION('',(0,-1,0));
#1692=DIRECTION('',(0,0.9993346882128108,-0.03647164562511803));
#1693=DIRECTION('',(0,0,1));
#1694=FACE_SURFACE('',(#1699),#1695,.T.);
#1695=PLANE('',#1696);
#1696=AXIS2_PLACEMENT_3D('',#132,#1697,#1698);
#1697=DIRECTION('',(-1,0,-0));
#1698=DIRECTION('',(0,0,-1));
#1699=FACE_BOUND('',#1700,.T.);
#1700=EDGE_LOOP('',(#1701,#1702,#1703));
#1701=ORIENTED_EDGE('',*,*,#1704,.T.);
#1702=ORIENTED_EDGE('',*,*,#1705,.T.);
#1703=ORIENTED_EDGE('',*,*,#1706,.T.);
#1704=EDGE_CURVE('',#133,#135,#1707,.F.);
#1705=EDGE_CURVE('',#135,#53,#1708,.T.);
#1706=EDGE_CURVE('',#53,#133,#1709,.T.);
#1707=LINE('',#132,#1710);
#1708=LINE('',#134,#1711);
#1709=LINE('',#52,#1712);
#1710=VECTOR('',#1713,1.0);
#1711=VECTOR('',#1714,1.0);
#1712=VECTOR('',#1715,1.0);
#1713=DIRECTION('',(0,0,-1));
#1714=DIRECTION('',(0,-1,0));
#1715=DIRECTION('',(0,0.9992057260420377,0.03984867682626837));
#1716=FACE_SURFACE('',(#1721),#1717,.T.);
#1717=PLANE('',#1718);
#1718=AXIS2_PLACEMENT_3D('',#90,#1719,#1720);
#1719=DIRECTION('',(-1,0,0));
#1720=DIRECTION('',(0,1,0));
#1721=FACE_BOUND('',#1722,.T.);
#1722=EDGE_LOOP('',(#1723,#1724,#1725));
#1723=ORIENTED_EDGE('',*,*,#1726,.T.);
#1724=ORIENTED_EDGE('',*,*,#1727,.T.);
#1725=ORIENTED_EDGE('',*,*,#1728,.T.);
#1726=EDGE_CURVE('',#91,#133,#1729,.F.);
#1727=EDGE_CURVE('',#133,#53,#1730,.T.);
#1728=EDGE_CURVE('',#53,#91,#1731,.T.);
#1729=LINE('',#90,#1732);
#1730=LINE('',#132,#1733);
#1731=LINE('',#52,#1734);
#1732=VECTOR('',#1735,1.0);
#1733=VECTOR('',#1736,1.0);
#1734=VECTOR('',#1737,1.0);
#1735=DIRECTION('',(0,1,0));
#1736=DIRECTION('',(0,-0.9992057260420377,-0.03984867682626837));
#1737=DIRECTION('',(0,0,1));
#1738=FACE_SURFACE('',(#1743),#1739,.T.);
#1739=PLANE('',#1740);
#1740=AXIS2_PLACEMENT_3D('',#126,#1741,#1742);
#1741=DIRECTION('',(-1,0,-0));
#1742=DIRECTION('',(0,0.9938988150632294,-0.11029571803070463));
#1743=FACE_BOUND('',#1744,.T.);
#1744=EDGE_LOOP('',(#1745,#1746,#1747));
#1745=ORIENTED_EDGE('',*,*,#1748,.T.);
#1746=ORIENTED_EDGE('',*,*,#1749,.T.);
#1747=ORIENTED_EDGE('',*,*,#1750,.T.);
#1748=EDGE_CURVE('',#127,#131,#1751,.F.);
#1749=EDGE_CURVE('',#131,#97,#1752,.T.);
#1750=EDGE_CURVE('',#97,#127,#1753,.T.);
#1751=LINE('',#126,#1754);
#1752=LINE('',#130,#1755);
#1753=LINE('',#96,#1756);
#1754=VECTOR('',#1757,1.0);
#1755=VECTOR('',#1758,1.0);
#1756=VECTOR('',#1759,1.0);
#1757=DIRECTION('',(0,0.9938988150632294,-0.11029571803070463));
#1758=DIRECTION('',(0,-1,0));
#1759=DIRECTION('',(0,0.9991172280606239,0.0420091013050183));
#1760=FACE_SURFACE('',(#1765),#1761,.T.);
#1761=PLANE('',#1762);
#1762=AXIS2_PLACEMENT_3D('',#114,#1763,#1764);
#1763=DIRECTION('',(-1,0,-0));
#1764=DIRECTION('',(0,0.9971133005899434,-0.07592803030916263));
#1765=FACE_BOUND('',#1766,.T.);
#1766=EDGE_LOOP('',(#1767,#1768,#1769));
#1767=ORIENTED_EDGE('',*,*,#1770,.T.);
#1768=ORIENTED_EDGE('',*,*,#1771,.T.);
#1769=ORIENTED_EDGE('',*,*,#1772,.T.);
#1770=EDGE_CURVE('',#115,#127,#1773,.F.);
#1771=EDGE_CURVE('',#127,#97,#1774,.T.);
#1772=EDGE_CURVE('',#97,#115,#1775,.T.);
#1773=LINE('',#114,#1776);
#1774=LINE('',#126,#1777);
#1775=LINE('',#96,#1778);
#1776=VECTOR('',#1779,1.0);
#1777=VECTOR('',#1780,1.0);
#1778=VECTOR('',#1781,1.0);
#1779=DIRECTION('',(0,0.9971133005899434,-0.07592803030916263));
#1780=DIRECTION('',(0,-0.9991172280606239,-0.0420091013050183));
#1781=DIRECTION('',(0,0.8046753147879143,0.5937151149928481));
#1782=FACE_SURFACE('',(#1787),#1783,.T.);
#1783=PLANE('',#1784);
#1784=AXIS2_PLACEMENT_3D('',#92,#1785,#1786);
#1785=DIRECTION('',(0,0,1));
#1786=DIRECTION('',(0,-1,0));
#1787=FACE_BOUND('',#1788,.T.);
#1788=EDGE_LOOP('',(#1789,#1790,#1791));
#1789=ORIENTED_EDGE('',*,*,#1792,.T.);
#1790=ORIENTED_EDGE('',*,*,#1793,.T.);
#1791=ORIENTED_EDGE('',*,*,#1794,.T.);
#1792=EDGE_CURVE('',#93,#51,#1795,.F.);
#1793=EDGE_CURVE('',#51,#53,#1796,.T.);
#1794=EDGE_CURVE('',#53,#93,#1797,.T.);
#1795=LINE('',#92,#1798);
#1796=LINE('',#50,#1799);
#1797=LINE('',#52,#1800);
#1798=VECTOR('',#1801,1.0);
#1799=VECTOR('',#1802,1.0);
#1800=VECTOR('',#1803,1.0);
#1801=DIRECTION('',(0,-1,0));
#1802=DIRECTION('',(0.2879934698457416,0.9576323727434292,0));
#1803=DIRECTION('',(-0.10552119042856606,0.9944170545452939,0));
#1804=FACE_SURFACE('',(#1809),#1805,.T.);
#1805=PLANE('',#1806);
#1806=AXIS2_PLACEMENT_3D('',#134,#1807,#1808);
#1807=DIRECTION('',(0,0,1));
#1808=DIRECTION('',(-0.9244320176642431,-0.3813468824013335,0));
#1809=FACE_BOUND('',#1810,.T.);
#1810=EDGE_LOOP('',(#1811,#1812,#1813));
#1811=ORIENTED_EDGE('',*,*,#1814,.T.);
#1812=ORIENTED_EDGE('',*,*,#1815,.T.);
#1813=ORIENTED_EDGE('',*,*,#1816,.T.);
#1814=EDGE_CURVE('',#135,#93,#1817,.F.);
#1815=EDGE_CURVE('',#93,#53,#1818,.T.);
#1816=EDGE_CURVE('',#53,#135,#1819,.T.);
#1817=LINE('',#134,#1820);
#1818=LINE('',#92,#1821);
#1819=LINE('',#52,#1822);
#1820=VECTOR('',#1823,1.0);
#1821=VECTOR('',#1824,1.0);
#1822=VECTOR('',#1825,1.0);
#1823=DIRECTION('',(-0.9244320176642431,-0.3813468824013335,0));
#1824=DIRECTION('',(0.10552119042856606,-0.9944170545452939,0));
#1825=DIRECTION('',(0,1,0));
#1826=FACE_SURFACE('',(#1831),#1827,.T.);
#1827=PLANE('',#1828);
#1828=AXIS2_PLACEMENT_3D('',#124,#1829,#1830);
#1829=DIRECTION('',(0,0,-1));
#1830=DIRECTION('',(1,0,0));
#1831=FACE_BOUND('',#1832,.T.);
#1832=EDGE_LOOP('',(#1833,#1834,#1835));
#1833=ORIENTED_EDGE('',*,*,#1836,.T.);
#1834=ORIENTED_EDGE('',*,*,#1837,.T.);
#1835=ORIENTED_EDGE('',*,*,#1838,.T.);
#1836=EDGE_CURVE('',#125,#129,#1839,.F.);
#1837=EDGE_CURVE('',#129,#137,#1840,.T.);
#1838=EDGE_CURVE('',#137,#125,#1841,.T.);
#1839=LINE('',#124,#1842);
#1840=LINE('',#128,#1843);
#1841=LINE('',#136,#1844);
#1842=VECTOR('',#1845,1.0);
#1843=VECTOR('',#1846,1.0);
#1844=VECTOR('',#1847,1.0);
#1845=DIRECTION('',(1,0,0));
#1846=DIRECTION('',(0,-1,0));
#1847=DIRECTION('',(-0.06377135692785671,0.9979645354598429,0));
#1848=FACE_SURFACE('',(#1853),#1849,.T.);
#1849=PLANE('',#1850);
#1850=AXIS2_PLACEMENT_3D('',#80,#1851,#1852);
#1851=DIRECTION('',(0,0,-1));
#1852=DIRECTION('',(0,1,0));
#1853=FACE_BOUND('',#1854,.T.);
#1854=EDGE_LOOP('',(#1855,#1856,#1857));
#1855=ORIENTED_EDGE('',*,*,#1858,.T.);
#1856=ORIENTED_EDGE('',*,*,#1859,.T.);
#1857=ORIENTED_EDGE('',*,*,#1860,.T.);
#1858=EDGE_CURVE('',#81,#125,#1861,.F.);
#1859=EDGE_CURVE('',#125,#137,#1862,.T.);
#1860=EDGE_CURVE('',#137,#81,#1863,.T.);
#1861=LINE('',#80,#1864);
#1862=LINE('',#124,#1865);
#1863=LINE('',#136,#1866);
#1864=VECTOR('',#1867,1.0);
#1865=VECTOR('',#1868,1.0);
#1866=VECTOR('',#1869,1.0);
#1867=DIRECTION('',(0,1,0));
#1868=DIRECTION('',(0.06377135692785671,-0.9979645354598429,0));
#1869=DIRECTION('',(-0.28799188897949557,-0.9576328481636488,0));
#1870=FACE_SURFACE('',(#1875),#1871,.T.);
#1871=PLANE('',#1872);
#1872=AXIS2_PLACEMENT_3D('',#128,#1873,#1874);
#1873=DIRECTION('',(-1,0,-0));
#1874=DIRECTION('',(0,0,-1));
#1875=FACE_BOUND('',#1876,.T.);
#1876=EDGE_LOOP('',(#1877,#1878,#1879));
#1877=ORIENTED_EDGE('',*,*,#1880,.T.);
#1878=ORIENTED_EDGE('',*,*,#1881,.T.);
#1879=ORIENTED_EDGE('',*,*,#1882,.T.);
#1880=EDGE_CURVE('',#129,#127,#1883,.F.);
#1881=EDGE_CURVE('',#127,#115,#1884,.T.);
#1882=EDGE_CURVE('',#115,#129,#1885,.T.);
#1883=LINE('',#128,#1886);
#1884=LINE('',#126,#1887);
#1885=LINE('',#114,#1888);
#1886=VECTOR('',#1889,1.0);
#1887=VECTOR('',#1890,1.0);
#1888=VECTOR('',#1891,1.0);
#1889=DIRECTION('',(0,0,-1));
#1890=DIRECTION('',(0,-0.9971133005899434,0.07592803030916263));
#1891=DIRECTION('',(0,0.9804790229718132,0.1966237155386872));
#1892=FACE_SURFACE('',(#1897),#1893,.T.);
#1893=PLANE('',#1894);
#1894=AXIS2_PLACEMENT_3D('',#136,#1895,#1896);
#1895=DIRECTION('',(-1,0,0));
#1896=DIRECTION('',(0,1,0));
#1897=FACE_BOUND('',#1898,.T.);
#1898=EDGE_LOOP('',(#1899,#1900,#1901));
#1899=ORIENTED_EDGE('',*,*,#1902,.T.);
#1900=ORIENTED_EDGE('',*,*,#1903,.T.);
#1901=ORIENTED_EDGE('',*,*,#1904,.T.);
#1902=EDGE_CURVE('',#137,#129,#1905,.F.);
#1903=EDGE_CURVE('',#129,#115,#1906,.T.);
#1904=EDGE_CURVE('',#115,#137,#1907,.T.);
#1905=LINE('',#136,#1908);
#1906=LINE('',#128,#1909);
#1907=LINE('',#114,#1910);
#1908=VECTOR('',#1911,1.0);
#1909=VECTOR('',#1912,1.0);
#1910=VECTOR('',#1913,1.0);
#1911=DIRECTION('',(0,1,0));
#1912=DIRECTION('',(0,-0.9804790229718132,-0.1966237155386872));
#1913=DIRECTION('',(0,0,1));
#1914=FACE_SURFACE('',(#1919),#1915,.T.);
#1915=PLANE('',#1916);
#1916=AXIS2_PLACEMENT_3D('',#136,#1917,#1918);
#1917=DIRECTION('',(-0.9576328481636488,0.28799188897949557,0));
#1918=DIRECTION('',(0,0,-1));
#1919=FACE_BOUND('',#1920,.T.);
#1920=EDGE_LOOP('',(#1921,#1922,#1923));
#1921=ORIENTED_EDGE('',*,*,#1924,.T.);
#1922=ORIENTED_EDGE('',*,*,#1925,.T.);
#1923=ORIENTED_EDGE('',*,*,#1926,.T.);
#1924=EDGE_CURVE('',#137,#115,#1927,.F.);
#1925=EDGE_CURVE('',#115,#117,#1928,.T.);
#1926=EDGE_CURVE('',#117,#137,#1929,.T.);
#1927=LINE('',#136,#1930);
#1928=LINE('',#114,#1931);
#1929=LINE('',#116,#1932);
#1930=VECTOR('',#1933,1.0);
#1931=VECTOR('',#1934,1.0);
#1932=VECTOR('',#1935,1.0);
#1933=DIRECTION('',(0,0,-1));
#1934=DIRECTION('',(-0.28799188897949557,-0.9576328481636488,0));
#1935=DIRECTION('',(0.2136596213554355,0.7104626191425137,0.6705165419312274));
#1936=FACE_SURFACE('',(#1941),#1937,.T.);
#1937=PLANE('',#1938);
#1938=AXIS2_PLACEMENT_3D('',#80,#1939,#1940);
#1939=DIRECTION('',(-0.9576328481636488,0.28799188897949557,0));
#1940=DIRECTION('',(0.28799188897949557,0.9576328481636488,0));
#1941=FACE_BOUND('',#1942,.T.);
#1942=EDGE_LOOP('',(#1943,#1944,#1945));
#1943=ORIENTED_EDGE('',*,*,#1946,.T.);
#1944=ORIENTED_EDGE('',*,*,#1947,.T.);
#1945=ORIENTED_EDGE('',*,*,#1948,.T.);
#1946=EDGE_CURVE('',#81,#137,#1949,.F.);
#1947=EDGE_CURVE('',#137,#117,#1950,.T.);
#1948=EDGE_CURVE('',#117,#81,#1951,.T.);
#1949=LINE('',#80,#1952);
#1950=LINE('',#136,#1953);
#1951=LINE('',#116,#1954);
#1952=VECTOR('',#1955,1.0);
#1953=VECTOR('',#1956,1.0);
#1954=VECTOR('',#1957,1.0);
#1955=DIRECTION('',(0.28799188897949557,0.9576328481636488,0));
#1956=DIRECTION('',(-0.2136596213554355,-0.7104626191425137,-0.6705165419312274));
#1957=DIRECTION('',(0,0,1));
#1958=FACE_SURFACE('',(#1963),#1959,.T.);
#1959=PLANE('',#1960);
#1960=AXIS2_PLACEMENT_3D('',#80,#1961,#1962);
#1961=DIRECTION('',(1,0,0));
#1962=DIRECTION('',(0,0,-1));
#1963=FACE_BOUND('',#1964,.T.);
#1964=EDGE_LOOP('',(#1965,#1966,#1967));
#1965=ORIENTED_EDGE('',*,*,#1968,.T.);
#1966=ORIENTED_EDGE('',*,*,#1969,.T.);
#1967=ORIENTED_EDGE('',*,*,#1970,.T.);
#1968=EDGE_CURVE('',#81,#117,#1971,.F.);
#1969=EDGE_CURVE('',#117,#119,#1972,.T.);
#1970=EDGE_CURVE('',#119,#81,#1973,.T.);
#1971=LINE('',#80,#1974);
#1972=LINE('',#116,#1975);
#1973=LINE('',#118,#1976);
#1974=VECTOR('',#1977,1.0);
#1975=VECTOR('',#1978,1.0);
#1976=VECTOR('',#1979,1.0);
#1977=DIRECTION('',(0,0,-1));
#1978=DIRECTION('',(0,0.9980337002017047,-0.06267960802122065));
#1979=DIRECTION('',(0,-0.9749376168122443,0.22247841091769224));
#1980=FACE_SURFACE('',(#1985),#1981,.T.);
#1981=PLANE('',#1982);
#1982=AXIS2_PLACEMENT_3D('',#124,#1983,#1984);
#1983=DIRECTION('',(1,0,0));
#1984=DIRECTION('',(0,-1,0));
#1985=FACE_BOUND('',#1986,.T.);
#1986=EDGE_LOOP('',(#1987,#1988,#1989));
#1987=ORIENTED_EDGE('',*,*,#1990,.T.);
#1988=ORIENTED_EDGE('',*,*,#1991,.T.);
#1989=ORIENTED_EDGE('',*,*,#1992,.T.);
#1990=EDGE_CURVE('',#125,#81,#1993,.F.);
#1991=EDGE_CURVE('',#81,#119,#1994,.T.);
#1992=EDGE_CURVE('',#119,#125,#1995,.T.);
#1993=LINE('',#124,#1996);
#1994=LINE('',#80,#1997);
#1995=LINE('',#118,#1998);
#1996=VECTOR('',#1999,1.0);
#1997=VECTOR('',#2000,1.0);
#1998=VECTOR('',#2001,1.0);
#1999=DIRECTION('',(0,-1,0));
#2000=DIRECTION('',(0,0.9749376168122443,-0.22247841091769224));
#2001=DIRECTION('',(0,0,1));
#2002=FACE_SURFACE('',(#2007),#2003,.T.);
#2003=PLANE('',#2004);
#2004=AXIS2_PLACEMENT_3D('',#120,#2005,#2006);
#2005=DIRECTION('',(1,0,0));
#2006=DIRECTION('',(0,0,-1));
#2007=FACE_BOUND('',#2008,.T.);
#2008=EDGE_LOOP('',(#2009,#2010,#2011));
#2009=ORIENTED_EDGE('',*,*,#2012,.T.);
#2010=ORIENTED_EDGE('',*,*,#2013,.T.);
#2011=ORIENTED_EDGE('',*,*,#2014,.T.);
#2012=EDGE_CURVE('',#121,#47,#2015,.F.);
#2013=EDGE_CURVE('',#47,#43,#2016,.T.);
#2014=EDGE_CURVE('',#43,#121,#2017,.T.);
#2015=LINE('',#120,#2018);
#2016=LINE('',#46,#2019);
#2017=LINE('',#42,#2020);
#2018=VECTOR('',#2021,1.0);
#2019=VECTOR('',#2022,1.0);
#2020=VECTOR('',#2023,1.0);
#2021=DIRECTION('',(0,0,-1));
#2022=DIRECTION('',(0,1,0));
#2023=DIRECTION('',(0,-0.9813115528771084,0.1924256640625623));
#2024=FACE_SURFACE('',(#2029),#2025,.T.);
#2025=PLANE('',#2026);
#2026=AXIS2_PLACEMENT_3D('',#64,#2027,#2028);
#2027=DIRECTION('',(1,0,0));
#2028=DIRECTION('',(0,-1,0));
#2029=FACE_BOUND('',#2030,.T.);
#2030=EDGE_LOOP('',(#2031,#2032,#2033));
#2031=ORIENTED_EDGE('',*,*,#2034,.T.);
#2032=ORIENTED_EDGE('',*,*,#2035,.T.);
#2033=ORIENTED_EDGE('',*,*,#2036,.T.);
#2034=EDGE_CURVE('',#65,#121,#2037,.F.);
#2035=EDGE_CURVE('',#121,#43,#2038,.T.);
#2036=EDGE_CURVE('',#43,#65,#2039,.T.);
#2037=LINE('',#64,#2040);
#2038=LINE('',#120,#2041);
#2039=LINE('',#42,#2042);
#2040=VECTOR('',#2043,1.0);
#2041=VECTOR('',#2044,1.0);
#2042=VECTOR('',#2045,1.0);
#2043=DIRECTION('',(0,-1,0));
#2044=DIRECTION('',(0,0.9813115528771084,-0.1924256640625623));
#2045=DIRECTION('',(0,0,1));
#2046=FACE_SURFACE('',(#2051),#2047,.T.);
#2047=PLANE('',#2048);
#2048=AXIS2_PLACEMENT_3D('',#122,#2049,#2050);
#2049=DIRECTION('',(1,0,0));
#2050=DIRECTION('',(0,-0.23176695571479453,-0.9727713391330444));
#2051=FACE_BOUND('',#2052,.T.);
#2052=EDGE_LOOP('',(#2053,#2054,#2055));
#2053=ORIENTED_EDGE('',*,*,#2056,.T.);
#2054=ORIENTED_EDGE('',*,*,#2057,.T.);
#2055=ORIENTED_EDGE('',*,*,#2058,.T.);
#2056=EDGE_CURVE('',#123,#121,#2059,.F.);
#2057=EDGE_CURVE('',#121,#65,#2060,.T.);
#2058=EDGE_CURVE('',#65,#123,#2061,.T.);
#2059=LINE('',#122,#2062);
#2060=LINE('',#120,#2063);
#2061=LINE('',#64,#2064);
#2062=VECTOR('',#2065,1.0);
#2063=VECTOR('',#2066,1.0);
#2064=VECTOR('',#2067,1.0);
#2065=DIRECTION('',(0,-0.23176695571479453,-0.9727713391330444));
#2066=DIRECTION('',(0,1,0));
#2067=DIRECTION('',(0,-0.9802716378339928,0.19765504308835885));
#2068=FACE_SURFACE('',(#2073),#2069,.T.);
#2069=PLANE('',#2070);
#2070=AXIS2_PLACEMENT_3D('',#138,#2071,#2072);
#2071=DIRECTION('',(1,0,0));
#2072=DIRECTION('',(0,-0.9545768636400703,-0.2979647821523322));
#2073=FACE_BOUND('',#2074,.T.);
#2074=EDGE_LOOP('',(#2075,#2076,#2077));
#2075=ORIENTED_EDGE('',*,*,#2078,.T.);
#2076=ORIENTED_EDGE('',*,*,#2079,.T.);
#2077=ORIENTED_EDGE('',*,*,#2080,.T.);
#2078=EDGE_CURVE('',#139,#123,#2081,.F.);
#2079=EDGE_CURVE('',#123,#65,#2082,.T.);
#2080=EDGE_CURVE('',#65,#139,#2083,.T.);
#2081=LINE('',#138,#2084);
#2082=LINE('',#122,#2085);
#2083=LINE('',#64,#2086);
#2084=VECTOR('',#2087,1.0);
#2085=VECTOR('',#2088,1.0);
#2086=VECTOR('',#2089,1.0);
#2087=DIRECTION('',(0,-0.9545768636400703,-0.2979647821523322));
#2088=DIRECTION('',(0,0.9802716378339928,-0.19765504308835885));
#2089=DIRECTION('',(0,0,1));
#2090=FACE_SURFACE('',(#2095),#2091,.T.);
#2091=PLANE('',#2092);
#2092=AXIS2_PLACEMENT_3D('',#122,#2093,#2094);
#2093=DIRECTION('',(0,0,-1));
#2094=DIRECTION('',(0.9999999999988803,-1.4964325049066231E-06,0));
#2095=FACE_BOUND('',#2096,.T.);
#2096=EDGE_LOOP('',(#2097,#2098,#2099));
#2097=ORIENTED_EDGE('',*,*,#2100,.T.);
#2098=ORIENTED_EDGE('',*,*,#2101,.T.);
#2099=ORIENTED_EDGE('',*,*,#2102,.T.);
#2100=EDGE_CURVE('',#123,#69,#2103,.F.);
#2101=EDGE_CURVE('',#69,#127,#2104,.T.);
#2102=EDGE_CURVE('',#127,#123,#2105,.T.);
#2103=LINE('',#122,#2106);
#2104=LINE('',#68,#2107);
#2105=LINE('',#126,#2108);
#2106=VECTOR('',#2109,1.0);
#2107=VECTOR('',#2110,1.0);
#2108=VECTOR('',#2111,1.0);
#2109=DIRECTION('',(0.9999999999988803,-1.4964325049066231E-06,0));
#2110=DIRECTION('',(0,-1,0));
#2111=DIRECTION('',(-0.035432982495224405,0.999372054718108,0));
#2112=FACE_SURFACE('',(#2117),#2113,.T.);
#2113=PLANE('',#2114);
#2114=AXIS2_PLACEMENT_3D('',#118,#2115,#2116);
#2115=DIRECTION('',(0,0,-1));
#2116=DIRECTION('',(0,1,0));
#2117=FACE_BOUND('',#2118,.T.);
#2118=EDGE_LOOP('',(#2119,#2120,#2121));
#2119=ORIENTED_EDGE('',*,*,#2122,.T.);
#2120=ORIENTED_EDGE('',*,*,#2123,.T.);
#2121=ORIENTED_EDGE('',*,*,#2124,.T.);
#2122=EDGE_CURVE('',#119,#123,#2125,.F.);
#2123=EDGE_CURVE('',#123,#127,#2126,.T.);
#2124=EDGE_CURVE('',#127,#119,#2127,.T.);
#2125=LINE('',#118,#2128);
#2126=LINE('',#122,#2129);
#2127=LINE('',#126,#2130);
#2128=VECTOR('',#2131,1.0);
#2129=VECTOR('',#2132,1.0);
#2130=VECTOR('',#2133,1.0);
#2131=DIRECTION('',(0,1,0));
#2132=DIRECTION('',(0.035432982495224405,-0.999372054718108,0));
#2133=DIRECTION('',(-1,0,0));
#2134=FACE_SURFACE('',(#2139),#2135,.T.);
#2135=PLANE('',#2136);
#2136=AXIS2_PLACEMENT_3D('',#72,#2137,#2138);
#2137=DIRECTION('',(0,0,-1));
#2138=DIRECTION('',(0.43961882267208713,-0.8981844413885202,0));
#2139=FACE_BOUND('',#2140,.T.);
#2140=EDGE_LOOP('',(#2141,#2142,#2143));
#2141=ORIENTED_EDGE('',*,*,#2144,.T.);
#2142=ORIENTED_EDGE('',*,*,#2145,.T.);
#2143=ORIENTED_EDGE('',*,*,#2146,.T.);
#2144=EDGE_CURVE('',#73,#85,#2147,.F.);
#2145=EDGE_CURVE('',#85,#133,#2148,.T.);
#2146=EDGE_CURVE('',#133,#73,#2149,.T.);
#2147=LINE('',#72,#2150);
#2148=LINE('',#84,#2151);
#2149=LINE('',#132,#2152);
#2150=VECTOR('',#2153,1.0);
#2151=VECTOR('',#2154,1.0);
#2152=VECTOR('',#2155,1.0);
#2153=DIRECTION('',(0.43961882267208713,-0.8981844413885202,0));
#2154=DIRECTION('',(0,-1,0));
#2155=DIRECTION('',(-0.05360302921119355,0.9985623241738013,0));
#2156=FACE_SURFACE('',(#2161),#2157,.T.);
#2157=PLANE('',#2158);
#2158=AXIS2_PLACEMENT_3D('',#130,#2159,#2160);
#2159=DIRECTION('',(0,0,-1));
#2160=DIRECTION('',(0,1,0));
#2161=FACE_BOUND('',#2162,.T.);
#2162=EDGE_LOOP('',(#2163,#2164,#2165));
#2163=ORIENTED_EDGE('',*,*,#2166,.T.);
#2164=ORIENTED_EDGE('',*,*,#2167,.T.);
#2165=ORIENTED_EDGE('',*,*,#2168,.T.);
#2166=EDGE_CURVE('',#131,#73,#2169,.F.);
#2167=EDGE_CURVE('',#73,#133,#2170,.T.);
#2168=EDGE_CURVE('',#133,#131,#2171,.T.);
#2169=LINE('',#130,#2172);
#2170=LINE('',#72,#2173);
#2171=LINE('',#132,#2174);
#2172=VECTOR('',#2175,1.0);
#2173=VECTOR('',#2176,1.0);
#2174=VECTOR('',#2177,1.0);
#2175=DIRECTION('',(0,1,0));
#2176=DIRECTION('',(0.05360302921119355,-0.9985623241738013,0));
#2177=DIRECTION('',(-0.9244327004344662,-0.38134522727764736,0));
#2178=FACE_SURFACE('',(#2183),#2179,.T.);
#2179=PLANE('',#2180);
#2180=AXIS2_PLACEMENT_3D('',#84,#2181,#2182);
#2181=DIRECTION('',(-1,0,-0));
#2182=DIRECTION('',(0,0,-1));
#2183=FACE_BOUND('',#2184,.T.);
#2184=EDGE_LOOP('',(#2185,#2186,#2187));
#2185=ORIENTED_EDGE('',*,*,#2188,.T.);
#2186=ORIENTED_EDGE('',*,*,#2189,.T.);
#2187=ORIENTED_EDGE('',*,*,#2190,.T.);
#2188=EDGE_CURVE('',#85,#49,#2191,.F.);
#2189=EDGE_CURVE('',#49,#135,#2192,.T.);
#2190=EDGE_CURVE('',#135,#85,#2193,.T.);
#2191=LINE('',#84,#2194);
#2192=LINE('',#48,#2195);
#2193=LINE('',#134,#2196);
#2194=VECTOR('',#2197,1.0);
#2195=VECTOR('',#2198,1.0);
#2196=VECTOR('',#2199,1.0);
#2197=DIRECTION('',(0,0,-1));
#2198=DIRECTION('',(0,-1,0));
#2199=DIRECTION('',(0,0.9988830967298058,0.04724996367695398));
#2200=FACE_SURFACE('',(#2205),#2201,.T.);
#2201=PLANE('',#2202);
#2202=AXIS2_PLACEMENT_3D('',#132,#2203,#2204);
#2203=DIRECTION('',(-1,0,0));
#2204=DIRECTION('',(0,1,0));
#2205=FACE_BOUND('',#2206,.T.);
#2206=EDGE_LOOP('',(#2207,#2208,#2209));
#2207=ORIENTED_EDGE('',*,*,#2210,.T.);
#2208=ORIENTED_EDGE('',*,*,#2211,.T.);
#2209=ORIENTED_EDGE('',*,*,#2212,.T.);
#2210=EDGE_CURVE('',#133,#85,#2213,.F.);
#2211=EDGE_CURVE('',#85,#135,#2214,.T.);
#2212=EDGE_CURVE('',#135,#133,#2215,.T.);
#2213=LINE('',#132,#2216);
#2214=LINE('',#84,#2217);
#2215=LINE('',#134,#2218);
#2216=VECTOR('',#2219,1.0);
#2217=VECTOR('',#2220,1.0);
#2218=VECTOR('',#2221,1.0);
#2219=DIRECTION('',(0,1,0));
#2220=DIRECTION('',(0,-0.9988830967298058,-0.04724996367695398));
#2221=DIRECTION('',(0,0,1));
#2222=FACE_SURFACE('',(#2227),#2223,.T.);
#2223=PLANE('',#2224);
#2224=AXIS2_PLACEMENT_3D('',#68,#2225,#2226);
#2225=DIRECTION('',(-1,0,0));
#2226=DIRECTION('',(0,-0.9451119363602334,-0.32674673334160537));
#2227=FACE_BOUND('',#2228,.T.);
#2228=EDGE_LOOP('',(#2229,#2230,#2231));
#2229=ORIENTED_EDGE('',*,*,#2232,.T.);
#2230=ORIENTED_EDGE('',*,*,#2233,.T.);
#2231=ORIENTED_EDGE('',*,*,#2234,.T.);
#2232=EDGE_CURVE('',#69,#73,#2235,.F.);
#2233=EDGE_CURVE('',#73,#131,#2236,.T.);
#2234=EDGE_CURVE('',#131,#69,#2237,.T.);
#2235=LINE('',#68,#2238);
#2236=LINE('',#72,#2239);
#2237=LINE('',#130,#2240);
#2238=VECTOR('',#2241,1.0);
#2239=VECTOR('',#2242,1.0);
#2240=VECTOR('',#2243,1.0);
#2241=DIRECTION('',(0,-0.9451119363602334,-0.32674673334160537));
#2242=DIRECTION('',(0,-1,0));
#2243=DIRECTION('',(0,0.9993456728677467,0.0361694086281593));
#2244=FACE_SURFACE('',(#2249),#2245,.T.);
#2245=PLANE('',#2246);
#2246=AXIS2_PLACEMENT_3D('',#126,#2247,#2248);
#2247=DIRECTION('',(-1,0,0));
#2248=DIRECTION('',(0,1,0));
#2249=FACE_BOUND('',#2250,.T.);
#2250=EDGE_LOOP('',(#2251,#2252,#2253));
#2251=ORIENTED_EDGE('',*,*,#2254,.T.);
#2252=ORIENTED_EDGE('',*,*,#2255,.T.);
#2253=ORIENTED_EDGE('',*,*,#2256,.T.);
#2254=EDGE_CURVE('',#127,#69,#2257,.F.);
#2255=EDGE_CURVE('',#69,#131,#2258,.T.);
#2256=EDGE_CURVE('',#131,#127,#2259,.T.);
#2257=LINE('',#126,#2260);
#2258=LINE('',#68,#2261);
#2259=LINE('',#130,#2262);
#2260=VECTOR('',#2263,1.0);
#2261=VECTOR('',#2264,1.0);
#2262=VECTOR('',#2265,1.0);
#2263=DIRECTION('',(0,1,0));
#2264=DIRECTION('',(0,-0.9993456728677467,-0.0361694086281593));
#2265=DIRECTION('',(0,-0.9938988150632294,0.11029571803070463));
#2266=FACE_SURFACE('',(#2271),#2267,.T.);
#2267=PLANE('',#2268);
#2268=AXIS2_PLACEMENT_3D('',#46,#2269,#2270);
#2269=DIRECTION('',(0,0,1));
#2270=DIRECTION('',(0,-1,0));
#2271=FACE_BOUND('',#2272,.T.);
#2272=EDGE_LOOP('',(#2273,#2274,#2275));
#2273=ORIENTED_EDGE('',*,*,#2276,.T.);
#2274=ORIENTED_EDGE('',*,*,#2277,.T.);
#2275=ORIENTED_EDGE('',*,*,#2278,.T.);
#2276=EDGE_CURVE('',#47,#93,#2279,.F.);
#2277=EDGE_CURVE('',#93,#135,#2280,.T.);
#2278=EDGE_CURVE('',#135,#47,#2281,.T.);
#2279=LINE('',#46,#2282);
#2280=LINE('',#92,#2283);
#2281=LINE('',#134,#2284);
#2282=VECTOR('',#2285,1.0);
#2283=VECTOR('',#2286,1.0);
#2284=VECTOR('',#2287,1.0);
#2285=DIRECTION('',(0,-1,0));
#2286=DIRECTION('',(0.9244320176642431,0.3813468824013335,0));
#2287=DIRECTION('',(-0.09629928190809263,0.9953524241714518,0));
#2288=FACE_SURFACE('',(#2293),#2289,.T.);
#2289=PLANE('',#2290);
#2290=AXIS2_PLACEMENT_3D('',#48,#2291,#2292);
#2291=DIRECTION('',(0,0,1));
#2292=DIRECTION('',(-0.43961669981863916,0.898185480421816,0));
#2293=FACE_BOUND('',#2294,.T.);
#2294=EDGE_LOOP('',(#2295,#2296,#2297));
#2295=ORIENTED_EDGE('',*,*,#2298,.T.);
#2296=ORIENTED_EDGE('',*,*,#2299,.T.);
#2297=ORIENTED_EDGE('',*,*,#2300,.T.);
#2298=EDGE_CURVE('',#49,#47,#2301,.F.);
#2299=EDGE_CURVE('',#47,#135,#2302,.T.);
#2300=EDGE_CURVE('',#135,#49,#2303,.T.);
#2301=LINE('',#48,#2304);
#2302=LINE('',#46,#2305);
#2303=LINE('',#134,#2306);
#2304=VECTOR('',#2307,1.0);
#2305=VECTOR('',#2308,1.0);
#2306=VECTOR('',#2309,1.0);
#2307=DIRECTION('',(-0.43961669981863916,0.898185480421816,0));
#2308=DIRECTION('',(0.09629928190809263,-0.9953524241714518,0));
#2309=DIRECTION('',(0,1,0));
#2310=FACE_SURFACE('',(#2315),#2311,.T.);
#2311=PLANE('',#2312);
#2312=AXIS2_PLACEMENT_3D('',#62,#2313,#2314);
#2313=DIRECTION('',(0,0,-1));
#2314=DIRECTION('',(0.3713695968621937,-0.9284851224044528,0));
#2315=FACE_BOUND('',#2316,.T.);
#2316=EDGE_LOOP('',(#2317,#2318,#2319));
#2317=ORIENTED_EDGE('',*,*,#2320,.T.);
#2318=ORIENTED_EDGE('',*,*,#2321,.T.);
#2319=ORIENTED_EDGE('',*,*,#2322,.T.);
#2320=EDGE_CURVE('',#63,#111,#2323,.F.);
#2321=EDGE_CURVE('',#111,#113,#2324,.T.);
#2322=EDGE_CURVE('',#113,#63,#2325,.T.);
#2323=LINE('',#62,#2326);
#2324=LINE('',#110,#2327);
#2325=LINE('',#112,#2328);
#2326=VECTOR('',#2329,1.0);
#2327=VECTOR('',#2330,1.0);
#2328=VECTOR('',#2331,1.0);
#2329=DIRECTION('',(0.3713695968621937,-0.9284851224044528,0));
#2330=DIRECTION('',(0,-1,0));
#2331=DIRECTION('',(-0.2533940018954343,0.967363158179707,0));
#2332=FACE_SURFACE('',(#2337),#2333,.T.);
#2333=PLANE('',#2334);
#2334=AXIS2_PLACEMENT_3D('',#140,#2335,#2336);
#2335=DIRECTION('',(0,0,-1));
#2336=DIRECTION('',(0,1,0));
#2337=FACE_BOUND('',#2338,.T.);
#2338=EDGE_LOOP('',(#2339,#2340,#2341));
#2339=ORIENTED_EDGE('',*,*,#2342,.T.);
#2340=ORIENTED_EDGE('',*,*,#2343,.T.);
#2341=ORIENTED_EDGE('',*,*,#2344,.T.);
#2342=EDGE_CURVE('',#141,#63,#2345,.F.);
#2343=EDGE_CURVE('',#63,#113,#2346,.T.);
#2344=EDGE_CURVE('',#113,#141,#2347,.T.);
#2345=LINE('',#140,#2348);
#2346=LINE('',#62,#2349);
#2347=LINE('',#112,#2350);
#2348=VECTOR('',#2351,1.0);
#2349=VECTOR('',#2352,1.0);
#2350=VECTOR('',#2353,1.0);
#2351=DIRECTION('',(0,1,0));
#2352=DIRECTION('',(0.2533940018954343,-0.967363158179707,0));
#2353=DIRECTION('',(-0.9999999999988803,1.4964325049066231E-06,0));
#2354=FACE_SURFACE('',(#2359),#2355,.T.);
#2355=PLANE('',#2356);
#2356=AXIS2_PLACEMENT_3D('',#112,#2357,#2358);
#2357=DIRECTION('',(1.4964325049066233E-06,0.9999999999988805,0));
#2358=DIRECTION('',(0,0,-1));
#2359=FACE_BOUND('',#2360,.T.);
#2360=EDGE_LOOP('',(#2361,#2362,#2363));
#2361=ORIENTED_EDGE('',*,*,#2364,.T.);
#2362=ORIENTED_EDGE('',*,*,#2365,.T.);
#2363=ORIENTED_EDGE('',*,*,#2366,.T.);
#2364=EDGE_CURVE('',#113,#69,#2367,.F.);
#2365=EDGE_CURVE('',#69,#123,#2368,.T.);
#2366=EDGE_CURVE('',#123,#113,#2369,.T.);
#2367=LINE('',#112,#2370);
#2368=LINE('',#68,#2371);
#2369=LINE('',#122,#2372);
#2370=VECTOR('',#2373,1.0);
#2371=VECTOR('',#2374,1.0);
#2372=VECTOR('',#2375,1.0);
#2373=DIRECTION('',(0,0,-1));
#2374=DIRECTION('',(-0.9999999999988803,1.4964325049066231E-06,0));
#2375=DIRECTION('',(0.22502917959615562,-3.3674097890053455E-07,0.9743520248504479));
#2376=FACE_SURFACE('',(#2381),#2377,.T.);
#2377=PLANE('',#2378);
#2378=AXIS2_PLACEMENT_3D('',#140,#2379,#2380);
#2379=DIRECTION('',(1.4964325049066233E-06,0.9999999999988805,0));
#2380=DIRECTION('',(0.9999999999988803,-1.4964325049066231E-06,0));
#2381=FACE_BOUND('',#2382,.T.);
#2382=EDGE_LOOP('',(#2383,#2384,#2385));
#2383=ORIENTED_EDGE('',*,*,#2386,.T.);
#2384=ORIENTED_EDGE('',*,*,#2387,.T.);
#2385=ORIENTED_EDGE('',*,*,#2388,.T.);
#2386=EDGE_CURVE('',#141,#113,#2389,.F.);
#2387=EDGE_CURVE('',#113,#123,#2390,.T.);
#2388=EDGE_CURVE('',#123,#141,#2391,.T.);
#2389=LINE('',#140,#2392);
#2390=LINE('',#112,#2393);
#2391=LINE('',#122,#2394);
#2392=VECTOR('',#2395,1.0);
#2393=VECTOR('',#2396,1.0);
#2394=VECTOR('',#2397,1.0);
#2395=DIRECTION('',(0.9999999999988803,-1.4964325049066231E-06,0));
#2396=DIRECTION('',(-0.22502917959615562,3.3674097890053455E-07,-0.9743520248504479));
#2397=DIRECTION('',(0,0,1));
#2398=FACE_SURFACE('',(#2403),#2399,.T.);
#2399=PLANE('',#2400);
#2400=AXIS2_PLACEMENT_3D('',#140,#2401,#2402);
#2401=DIRECTION('',(1,0,0));
#2402=DIRECTION('',(0,0,-1));
#2403=FACE_BOUND('',#2404,.T.);
#2404=EDGE_LOOP('',(#2405,#2406,#2407));
#2405=ORIENTED_EDGE('',*,*,#2408,.T.);
#2406=ORIENTED_EDGE('',*,*,#2409,.T.);
#2407=ORIENTED_EDGE('',*,*,#2410,.T.);
#2408=EDGE_CURVE('',#141,#123,#2411,.F.);
#2409=EDGE_CURVE('',#123,#139,#2412,.T.);
#2410=EDGE_CURVE('',#139,#141,#2413,.T.);
#2411=LINE('',#140,#2414);
#2412=LINE('',#122,#2415);
#2413=LINE('',#138,#2416);
#2414=VECTOR('',#2417,1.0);
#2415=VECTOR('',#2418,1.0);
#2416=VECTOR('',#2419,1.0);
#2417=DIRECTION('',(0,0,-1));
#2418=DIRECTION('',(0,0.9545768636400703,0.2979647821523322));
#2419=DIRECTION('',(0,-0.7724937847074403,0.6350223244803089));
#2420=FACE_SURFACE('',(#2425),#2421,.T.);
#2421=PLANE('',#2422);
#2422=AXIS2_PLACEMENT_3D('',#62,#2423,#2424);
#2423=DIRECTION('',(1,0,0));
#2424=DIRECTION('',(0,-1,0));
#2425=FACE_BOUND('',#2426,.T.);
#2426=EDGE_LOOP('',(#2427,#2428,#2429));
#2427=ORIENTED_EDGE('',*,*,#2430,.T.);
#2428=ORIENTED_EDGE('',*,*,#2431,.T.);
#2429=ORIENTED_EDGE('',*,*,#2432,.T.);
#2430=EDGE_CURVE('',#63,#141,#2433,.F.);
#2431=EDGE_CURVE('',#141,#139,#2434,.T.);
#2432=EDGE_CURVE('',#139,#63,#2435,.T.);
#2433=LINE('',#62,#2436);
#2434=LINE('',#140,#2437);
#2435=LINE('',#138,#2438);
#2436=VECTOR('',#2439,1.0);
#2437=VECTOR('',#2440,1.0);
#2438=VECTOR('',#2441,1.0);
#2439=DIRECTION('',(0,-1,0));
#2440=DIRECTION('',(0,0.7724937847074403,-0.6350223244803089));
#2441=DIRECTION('',(0,0,1));
#2442=FACE_SURFACE('',(#2447),#2443,.T.);
#2443=PLANE('',#2444);
#2444=AXIS2_PLACEMENT_3D('',#60,#2445,#2446);
#2445=DIRECTION('',(0,0,-1));
#2446=DIRECTION('',(-0.26675178678521394,0.9637652640798462,0));
#2447=FACE_BOUND('',#2448,.T.);
#2448=EDGE_LOOP('',(#2449,#2450,#2451));
#2449=ORIENTED_EDGE('',*,*,#2452,.T.);
#2450=ORIENTED_EDGE('',*,*,#2453,.T.);
#2451=ORIENTED_EDGE('',*,*,#2454,.T.);
#2452=EDGE_CURVE('',#61,#143,#2455,.F.);
#2453=EDGE_CURVE('',#143,#145,#2456,.T.);
#2454=EDGE_CURVE('',#145,#61,#2457,.T.);
#2455=LINE('',#60,#2458);
#2456=LINE('',#142,#2459);
#2457=LINE('',#144,#2460);
#2458=VECTOR('',#2461,1.0);
#2459=VECTOR('',#2462,1.0);
#2460=VECTOR('',#2463,1.0);
#2461=DIRECTION('',(-0.26675178678521394,0.9637652640798462,0));
#2462=DIRECTION('',(0,1,0));
#2463=DIRECTION('',(0.01897438426075081,-0.9998199701655921,0));
#2464=FACE_SURFACE('',(#2469),#2465,.T.);
#2465=PLANE('',#2466);
#2466=AXIS2_PLACEMENT_3D('',#54,#2467,#2468);
#2467=DIRECTION('',(0,-0,-1));
#2468=DIRECTION('',(0,-1,0));
#2469=FACE_BOUND('',#2470,.T.);
#2470=EDGE_LOOP('',(#2471,#2472,#2473));
#2471=ORIENTED_EDGE('',*,*,#2474,.T.);
#2472=ORIENTED_EDGE('',*,*,#2475,.T.);
#2473=ORIENTED_EDGE('',*,*,#2476,.T.);
#2474=EDGE_CURVE('',#55,#61,#2477,.F.);
#2475=EDGE_CURVE('',#61,#145,#2478,.T.);
#2476=EDGE_CURVE('',#145,#55,#2479,.T.);
#2477=LINE('',#54,#2480);
#2478=LINE('',#60,#2481);
#2479=LINE('',#144,#2482);
#2480=VECTOR('',#2483,1.0);
#2481=VECTOR('',#2484,1.0);
#2482=VECTOR('',#2485,1.0);
#2483=DIRECTION('',(0,-1,0));
#2484=DIRECTION('',(-0.01897438426075081,0.9998199701655921,0));
#2485=DIRECTION('',(0.34545437181491556,0.9384355475971496,0));
#2486=FACE_SURFACE('',(#2491),#2487,.T.);
#2487=PLANE('',#2488);
#2488=AXIS2_PLACEMENT_3D('',#108,#2489,#2490);
#2489=DIRECTION('',(1,0,0));
#2490=DIRECTION('',(0,0,-1));
#2491=FACE_BOUND('',#2492,.T.);
#2492=EDGE_LOOP('',(#2493,#2494,#2495));
#2493=ORIENTED_EDGE('',*,*,#2496,.T.);
#2494=ORIENTED_EDGE('',*,*,#2497,.T.);
#2495=ORIENTED_EDGE('',*,*,#2498,.T.);
#2496=EDGE_CURVE('',#109,#99,#2499,.F.);
#2497=EDGE_CURVE('',#99,#101,#2500,.T.);
#2498=EDGE_CURVE('',#101,#109,#2501,.T.);
#2499=LINE('',#108,#2502);
#2500=LINE('',#98,#2503);
#2501=LINE('',#100,#2504);
#2502=VECTOR('',#2505,1.0);
#2503=VECTOR('',#2506,1.0);
#2504=VECTOR('',#2507,1.0);
#2505=DIRECTION('',(0,0,-1));
#2506=DIRECTION('',(0,1,0));
#2507=DIRECTION('',(0,-0.9947691618179977,0.10214849336098106));
#2508=FACE_SURFACE('',(#2513),#2509,.T.);
#2509=PLANE('',#2510);
#2510=AXIS2_PLACEMENT_3D('',#102,#2511,#2512);
#2511=DIRECTION('',(1,0,0));
#2512=DIRECTION('',(0,-1,0));
#2513=FACE_BOUND('',#2514,.T.);
#2514=EDGE_LOOP('',(#2515,#2516,#2517));
#2515=ORIENTED_EDGE('',*,*,#2518,.T.);
#2516=ORIENTED_EDGE('',*,*,#2519,.T.);
#2517=ORIENTED_EDGE('',*,*,#2520,.T.);
#2518=EDGE_CURVE('',#103,#109,#2521,.F.);
#2519=EDGE_CURVE('',#109,#101,#2522,.T.);
#2520=EDGE_CURVE('',#101,#103,#2523,.T.);
#2521=LINE('',#102,#2524);
#2522=LINE('',#108,#2525);
#2523=LINE('',#100,#2526);
#2524=VECTOR('',#2527,1.0);
#2525=VECTOR('',#2528,1.0);
#2526=VECTOR('',#2529,1.0);
#2527=DIRECTION('',(0,-1,0));
#2528=DIRECTION('',(0,0.9947691618179977,-0.10214849336098106));
#2529=DIRECTION('',(0,0,1));
#2530=FACE_SURFACE('',(#2535),#2531,.T.);
#2531=PLANE('',#2532);
#2532=AXIS2_PLACEMENT_3D('',#144,#2533,#2534);
#2533=DIRECTION('',(0.5633666114925446,-0.7774936582223699,-0.2795025446742922));
#2534=DIRECTION('',(0,0.33829601247230207,-0.9410397483344367));
#2535=FACE_BOUND('',#2536,.T.);
#2536=EDGE_LOOP('',(#2537,#2538,#2539));
#2537=ORIENTED_EDGE('',*,*,#2540,.T.);
#2538=ORIENTED_EDGE('',*,*,#2541,.T.);
#2539=ORIENTED_EDGE('',*,*,#2542,.T.);
#2540=EDGE_CURVE('',#145,#101,#2543,.F.);
#2541=EDGE_CURVE('',#101,#57,#2544,.T.);
#2542=EDGE_CURVE('',#57,#145,#2545,.T.);
#2543=LINE('',#144,#2546);
#2544=LINE('',#100,#2547);
#2545=LINE('',#56,#2548);
#2546=VECTOR('',#2549,1.0);
#2547=VECTOR('',#2550,1.0);
#2548=VECTOR('',#2551,1.0);
#2549=DIRECTION('',(0,0.33829601247230207,-0.9410397483344367));
#2550=DIRECTION('',(0.8097669598365216,0.5867516261222606,0));
#2551=DIRECTION('',(-0.15996041901689426,-0.43453652829848866,0.8863355289743475));
#2552=FACE_SURFACE('',(#2557),#2553,.T.);
#2553=PLANE('',#2554);
#2554=AXIS2_PLACEMENT_3D('',#54,#2555,#2556);
#2555=DIRECTION('',(0.9384355475971496,-0.34545437181491556,0));
#2556=DIRECTION('',(-0.34545437181491556,-0.9384355475971496,0));
#2557=FACE_BOUND('',#2558,.T.);
#2558=EDGE_LOOP('',(#2559,#2560,#2561));
#2559=ORIENTED_EDGE('',*,*,#2562,.T.);
#2560=ORIENTED_EDGE('',*,*,#2563,.T.);
#2561=ORIENTED_EDGE('',*,*,#2564,.T.);
#2562=EDGE_CURVE('',#55,#145,#2565,.F.);
#2563=EDGE_CURVE('',#145,#57,#2566,.T.);
#2564=EDGE_CURVE('',#57,#55,#2567,.T.);
#2565=LINE('',#54,#2568);
#2566=LINE('',#144,#2569);
#2567=LINE('',#56,#2570);
#2568=VECTOR('',#2571,1.0);
#2569=VECTOR('',#2572,1.0);
#2570=VECTOR('',#2573,1.0);
#2571=DIRECTION('',(-0.34545437181491556,-0.9384355475971496,0));
#2572=DIRECTION('',(0.15996041901689426,0.43453652829848866,-0.8863355289743475));
#2573=DIRECTION('',(0,0,1));
#2574=FACE_SURFACE('',(#2579),#2575,.T.);
#2575=PLANE('',#2576);
#2576=AXIS2_PLACEMENT_3D('',#146,#2577,#2578);
#2577=DIRECTION('',(0,0,1));
#2578=DIRECTION('',(1,0,0));
#2579=FACE_BOUND('',#2580,.T.);
#2580=EDGE_LOOP('',(#2581,#2582,#2583));
#2581=ORIENTED_EDGE('',*,*,#2584,.T.);
#2582=ORIENTED_EDGE('',*,*,#2585,.T.);
#2583=ORIENTED_EDGE('',*,*,#2586,.T.);
#2584=EDGE_CURVE('',#147,#149,#2587,.F.);
#2585=EDGE_CURVE('',#149,#151,#2588,.T.);
#2586=EDGE_CURVE('',#151,#147,#2589,.T.);
#2587=LINE('',#146,#2590);
#2588=LINE('',#148,#2591);
#2589=LINE('',#150,#2592);
#2590=VECTOR('',#2593,1.0);
#2591=VECTOR('',#2594,1.0);
#2592=VECTOR('',#2595,1.0);
#2593=DIRECTION('',(1,0,0));
#2594=DIRECTION('',(0,1,0));
#2595=DIRECTION('',(-0.5081748379101275,-0.8612539312624446,0));
#2596=FACE_SURFACE('',(#2601),#2597,.T.);
#2597=PLANE('',#2598);
#2598=AXIS2_PLACEMENT_3D('',#152,#2599,#2600);
#2599=DIRECTION('',(-0,0,1));
#2600=DIRECTION('',(0,-1,0));
#2601=FACE_BOUND('',#2602,.T.);
#2602=EDGE_LOOP('',(#2603,#2604,#2605));
#2603=ORIENTED_EDGE('',*,*,#2606,.T.);
#2604=ORIENTED_EDGE('',*,*,#2607,.T.);
#2605=ORIENTED_EDGE('',*,*,#2608,.T.);
#2606=EDGE_CURVE('',#153,#147,#2609,.F.);
#2607=EDGE_CURVE('',#147,#151,#2610,.T.);
#2608=EDGE_CURVE('',#151,#153,#2611,.T.);
#2609=LINE('',#152,#2612);
#2610=LINE('',#146,#2613);
#2611=LINE('',#150,#2614);
#2612=VECTOR('',#2615,1.0);
#2613=VECTOR('',#2616,1.0);
#2614=VECTOR('',#2617,1.0);
#2615=DIRECTION('',(0,-1,0));
#2616=DIRECTION('',(0.5081748379101275,0.8612539312624446,0));
#2617=DIRECTION('',(-1,0,0));
#2618=FACE_SURFACE('',(#2623),#2619,.T.);
#2619=PLANE('',#2620);
#2620=AXIS2_PLACEMENT_3D('',#154,#2621,#2622);
#2621=DIRECTION('',(0,1,0));
#2622=DIRECTION('',(0,0,-1));
#2623=FACE_BOUND('',#2624,.T.);
#2624=EDGE_LOOP('',(#2625,#2626,#2627));
#2625=ORIENTED_EDGE('',*,*,#2628,.T.);
#2626=ORIENTED_EDGE('',*,*,#2629,.T.);
#2627=ORIENTED_EDGE('',*,*,#2630,.T.);
#2628=EDGE_CURVE('',#155,#157,#2631,.F.);
#2629=EDGE_CURVE('',#157,#159,#2632,.T.);
#2630=EDGE_CURVE('',#159,#155,#2633,.T.);
#2631=LINE('',#154,#2634);
#2632=LINE('',#156,#2635);
#2633=LINE('',#158,#2636);
#2634=VECTOR('',#2637,1.0);
#2635=VECTOR('',#2638,1.0);
#2636=VECTOR('',#2639,1.0);
#2637=DIRECTION('',(0,0,-1));
#2638=DIRECTION('',(-1,0,0));
#2639=DIRECTION('',(0.980351289553404,0,0.1972595981719974));
#2640=FACE_SURFACE('',(#2645),#2641,.T.);
#2641=PLANE('',#2642);
#2642=AXIS2_PLACEMENT_3D('',#160,#2643,#2644);
#2643=DIRECTION('',(-0,1,0));
#2644=DIRECTION('',(1,0,0));
#2645=FACE_BOUND('',#2646,.T.);
#2646=EDGE_LOOP('',(#2647,#2648,#2649));
#2647=ORIENTED_EDGE('',*,*,#2650,.T.);
#2648=ORIENTED_EDGE('',*,*,#2651,.T.);
#2649=ORIENTED_EDGE('',*,*,#2652,.T.);
#2650=EDGE_CURVE('',#161,#155,#2653,.F.);
#2651=EDGE_CURVE('',#155,#159,#2654,.T.);
#2652=EDGE_CURVE('',#159,#161,#2655,.T.);
#2653=LINE('',#160,#2656);
#2654=LINE('',#154,#2657);
#2655=LINE('',#158,#2658);
#2656=VECTOR('',#2659,1.0);
#2657=VECTOR('',#2660,1.0);
#2658=VECTOR('',#2661,1.0);
#2659=DIRECTION('',(1,0,0));
#2660=DIRECTION('',(-0.980351289553404,0,-0.1972595981719974));
#2661=DIRECTION('',(0,0,1));
#2662=FACE_SURFACE('',(#2667),#2663,.T.);
#2663=PLANE('',#2664);
#2664=AXIS2_PLACEMENT_3D('',#158,#2665,#2666);
#2665=DIRECTION('',(1,0,0));
#2666=DIRECTION('',(0,0,-1));
#2667=FACE_BOUND('',#2668,.T.);
#2668=EDGE_LOOP('',(#2669,#2670,#2671));
#2669=ORIENTED_EDGE('',*,*,#2672,.T.);
#2670=ORIENTED_EDGE('',*,*,#2673,.T.);
#2671=ORIENTED_EDGE('',*,*,#2674,.T.);
#2672=EDGE_CURVE('',#159,#147,#2675,.F.);
#2673=EDGE_CURVE('',#147,#153,#2676,.T.);
#2674=EDGE_CURVE('',#153,#159,#2677,.T.);
#2675=LINE('',#158,#2678);
#2676=LINE('',#146,#2679);
#2677=LINE('',#152,#2680);
#2678=VECTOR('',#2681,1.0);
#2679=VECTOR('',#2682,1.0);
#2680=VECTOR('',#2683,1.0);
#2681=DIRECTION('',(0,0,-1));
#2682=DIRECTION('',(0,1,0));
#2683=DIRECTION('',(0,-0.9788350403347907,0.2046508338922387));
#2684=FACE_SURFACE('',(#2689),#2685,.T.);
#2685=PLANE('',#2686);
#2686=AXIS2_PLACEMENT_3D('',#162,#2687,#2688);
#2687=DIRECTION('',(1,0,0));
#2688=DIRECTION('',(0,-1,0));
#2689=FACE_BOUND('',#2690,.T.);
#2690=EDGE_LOOP('',(#2691,#2692,#2693));
#2691=ORIENTED_EDGE('',*,*,#2694,.T.);
#2692=ORIENTED_EDGE('',*,*,#2695,.T.);
#2693=ORIENTED_EDGE('',*,*,#2696,.T.);
#2694=EDGE_CURVE('',#163,#159,#2697,.F.);
#2695=EDGE_CURVE('',#159,#153,#2698,.T.);
#2696=EDGE_CURVE('',#153,#163,#2699,.T.);
#2697=LINE('',#162,#2700);
#2698=LINE('',#158,#2701);
#2699=LINE('',#152,#2702);
#2700=VECTOR('',#2703,1.0);
#2701=VECTOR('',#2704,1.0);
#2702=VECTOR('',#2705,1.0);
#2703=DIRECTION('',(0,-1,0));
#2704=DIRECTION('',(0,0.9788350403347907,-0.2046508338922387));
#2705=DIRECTION('',(0,0,1));
#2706=FACE_SURFACE('',(#2711),#2707,.T.);
#2707=PLANE('',#2708);
#2708=AXIS2_PLACEMENT_3D('',#164,#2709,#2710);
#2709=DIRECTION('',(-1,0,-0));
#2710=DIRECTION('',(0,0,-1));
#2711=FACE_BOUND('',#2712,.T.);
#2712=EDGE_LOOP('',(#2713,#2714,#2715));
#2713=ORIENTED_EDGE('',*,*,#2716,.T.);
#2714=ORIENTED_EDGE('',*,*,#2717,.T.);
#2715=ORIENTED_EDGE('',*,*,#2718,.T.);
#2716=EDGE_CURVE('',#165,#151,#2719,.F.);
#2717=EDGE_CURVE('',#151,#149,#2720,.T.);
#2718=EDGE_CURVE('',#149,#165,#2721,.T.);
#2719=LINE('',#164,#2722);
#2720=LINE('',#150,#2723);
#2721=LINE('',#148,#2724);
#2722=VECTOR('',#2725,1.0);
#2723=VECTOR('',#2726,1.0);
#2724=VECTOR('',#2727,1.0);
#2725=DIRECTION('',(0,0,-1));
#2726=DIRECTION('',(0,-1,0));
#2727=DIRECTION('',(0,0.9788350403347907,0.2046508338922387));
#2728=FACE_SURFACE('',(#2733),#2729,.T.);
#2729=PLANE('',#2730);
#2730=AXIS2_PLACEMENT_3D('',#156,#2731,#2732);
#2731=DIRECTION('',(-1,0,0));
#2732=DIRECTION('',(0,1,0));
#2733=FACE_BOUND('',#2734,.T.);
#2734=EDGE_LOOP('',(#2735,#2736,#2737));
#2735=ORIENTED_EDGE('',*,*,#2738,.T.);
#2736=ORIENTED_EDGE('',*,*,#2739,.T.);
#2737=ORIENTED_EDGE('',*,*,#2740,.T.);
#2738=EDGE_CURVE('',#157,#165,#2741,.F.);
#2739=EDGE_CURVE('',#165,#149,#2742,.T.);
#2740=EDGE_CURVE('',#149,#157,#2743,.T.);
#2741=LINE('',#156,#2744);
#2742=LINE('',#164,#2745);
#2743=LINE('',#148,#2746);
#2744=VECTOR('',#2747,1.0);
#2745=VECTOR('',#2748,1.0);
#2746=VECTOR('',#2749,1.0);
#2747=DIRECTION('',(0,1,0));
#2748=DIRECTION('',(0,-0.9788350403347907,-0.2046508338922387));
#2749=DIRECTION('',(0,0,1));
#2750=FACE_SURFACE('',(#2755),#2751,.T.);
#2751=PLANE('',#2752);
#2752=AXIS2_PLACEMENT_3D('',#156,#2753,#2754);
#2753=DIRECTION('',(0,1,0));
#2754=DIRECTION('',(0,0,-1));
#2755=FACE_BOUND('',#2756,.T.);
#2756=EDGE_LOOP('',(#2757,#2758,#2759));
#2757=ORIENTED_EDGE('',*,*,#2760,.T.);
#2758=ORIENTED_EDGE('',*,*,#2761,.T.);
#2759=ORIENTED_EDGE('',*,*,#2762,.T.);
#2760=EDGE_CURVE('',#157,#149,#2763,.F.);
#2761=EDGE_CURVE('',#149,#147,#2764,.T.);
#2762=EDGE_CURVE('',#147,#157,#2765,.T.);
#2763=LINE('',#156,#2766);
#2764=LINE('',#148,#2767);
#2765=LINE('',#146,#2768);
#2766=VECTOR('',#2769,1.0);
#2767=VECTOR('',#2770,1.0);
#2768=VECTOR('',#2771,1.0);
#2769=DIRECTION('',(0,0,-1));
#2770=DIRECTION('',(-1,0,0));
#2771=DIRECTION('',(0.9425753418741539,0,0.33399360007464457));
#2772=FACE_SURFACE('',(#2777),#2773,.T.);
#2773=PLANE('',#2774);
#2774=AXIS2_PLACEMENT_3D('',#158,#2775,#2776);
#2775=DIRECTION('',(-0,1,0));
#2776=DIRECTION('',(1,0,0));
#2777=FACE_BOUND('',#2778,.T.);
#2778=EDGE_LOOP('',(#2779,#2780,#2781));
#2779=ORIENTED_EDGE('',*,*,#2782,.T.);
#2780=ORIENTED_EDGE('',*,*,#2783,.T.);
#2781=ORIENTED_EDGE('',*,*,#2784,.T.);
#2782=EDGE_CURVE('',#159,#157,#2785,.F.);
#2783=EDGE_CURVE('',#157,#147,#2786,.T.);
#2784=EDGE_CURVE('',#147,#159,#2787,.T.);
#2785=LINE('',#158,#2788);
#2786=LINE('',#156,#2789);
#2787=LINE('',#146,#2790);
#2788=VECTOR('',#2791,1.0);
#2789=VECTOR('',#2792,1.0);
#2790=VECTOR('',#2793,1.0);
#2791=DIRECTION('',(1,0,0));
#2792=DIRECTION('',(-0.9425753418741539,0,-0.33399360007464457));
#2793=DIRECTION('',(0,0,1));
#2794=FACE_SURFACE('',(#2799),#2795,.T.);
#2795=PLANE('',#2796);
#2796=AXIS2_PLACEMENT_3D('',#162,#2797,#2798);
#2797=DIRECTION('',(0,-1,0));
#2798=DIRECTION('',(0,0,-1));
#2799=FACE_BOUND('',#2800,.T.);
#2800=EDGE_LOOP('',(#2801,#2802,#2803));
#2801=ORIENTED_EDGE('',*,*,#2804,.T.);
#2802=ORIENTED_EDGE('',*,*,#2805,.T.);
#2803=ORIENTED_EDGE('',*,*,#2806,.T.);
#2804=EDGE_CURVE('',#163,#153,#2807,.F.);
#2805=EDGE_CURVE('',#153,#151,#2808,.T.);
#2806=EDGE_CURVE('',#151,#163,#2809,.T.);
#2807=LINE('',#162,#2810);
#2808=LINE('',#152,#2811);
#2809=LINE('',#150,#2812);
#2810=VECTOR('',#2813,1.0);
#2811=VECTOR('',#2814,1.0);
#2812=VECTOR('',#2815,1.0);
#2813=DIRECTION('',(0,0,-1));
#2814=DIRECTION('',(1,0,0));
#2815=DIRECTION('',(-0.9425753418741539,0,0.33399360007464457));
#2816=FACE_SURFACE('',(#2821),#2817,.T.);
#2817=PLANE('',#2818);
#2818=AXIS2_PLACEMENT_3D('',#164,#2819,#2820);
#2819=DIRECTION('',(-0,-1,-0));
#2820=DIRECTION('',(-1,0,0));
#2821=FACE_BOUND('',#2822,.T.);
#2822=EDGE_LOOP('',(#2823,#2824,#2825));
#2823=ORIENTED_EDGE('',*,*,#2826,.T.);
#2824=ORIENTED_EDGE('',*,*,#2827,.T.);
#2825=ORIENTED_EDGE('',*,*,#2828,.T.);
#2826=EDGE_CURVE('',#165,#163,#2829,.F.);
#2827=EDGE_CURVE('',#163,#151,#2830,.T.);
#2828=EDGE_CURVE('',#151,#165,#2831,.T.);
#2829=LINE('',#164,#2832);
#2830=LINE('',#162,#2833);
#2831=LINE('',#150,#2834);
#2832=VECTOR('',#2835,1.0);
#2833=VECTOR('',#2836,1.0);
#2834=VECTOR('',#2837,1.0);
#2835=DIRECTION('',(-1,0,0));
#2836=DIRECTION('',(0.9425753418741539,0,-0.33399360007464457));
#2837=DIRECTION('',(0,0,1));
#2838=FACE_SURFACE('',(#2843),#2839,.T.);
#2839=PLANE('',#2840);
#2840=AXIS2_PLACEMENT_3D('',#160,#2841,#2842);
#2841=DIRECTION('',(0,0,-1));
#2842=DIRECTION('',(0,1,0));
#2843=FACE_BOUND('',#2844,.T.);
#2844=EDGE_LOOP('',(#2845,#2846,#2847));
#2845=ORIENTED_EDGE('',*,*,#2848,.T.);
#2846=ORIENTED_EDGE('',*,*,#2849,.T.);
#2847=ORIENTED_EDGE('',*,*,#2850,.T.);
#2848=EDGE_CURVE('',#161,#167,#2851,.F.);
#2849=EDGE_CURVE('',#167,#169,#2852,.T.);
#2850=EDGE_CURVE('',#169,#161,#2853,.T.);
#2851=LINE('',#160,#2854);
#2852=LINE('',#166,#2855);
#2853=LINE('',#168,#2856);
#2854=VECTOR('',#2857,1.0);
#2855=VECTOR('',#2858,1.0);
#2856=VECTOR('',#2859,1.0);
#2857=DIRECTION('',(0,1,0));
#2858=DIRECTION('',(1,0,0));
#2859=DIRECTION('',(-0.5081748379101275,-0.8612539312624446,0));
#2860=FACE_SURFACE('',(#2865),#2861,.T.);
#2861=PLANE('',#2862);
#2862=AXIS2_PLACEMENT_3D('',#154,#2863,#2864);
#2863=DIRECTION('',(0,0,-1));
#2864=DIRECTION('',(-1,0,0));
#2865=FACE_BOUND('',#2866,.T.);
#2866=EDGE_LOOP('',(#2867,#2868,#2869));
#2867=ORIENTED_EDGE('',*,*,#2870,.T.);
#2868=ORIENTED_EDGE('',*,*,#2871,.T.);
#2869=ORIENTED_EDGE('',*,*,#2872,.T.);
#2870=EDGE_CURVE('',#155,#161,#2873,.F.);
#2871=EDGE_CURVE('',#161,#169,#2874,.T.);
#2872=EDGE_CURVE('',#169,#155,#2875,.T.);
#2873=LINE('',#154,#2876);
#2874=LINE('',#160,#2877);
#2875=LINE('',#168,#2878);
#2876=VECTOR('',#2879,1.0);
#2877=VECTOR('',#2880,1.0);
#2878=VECTOR('',#2881,1.0);
#2879=DIRECTION('',(-1,0,0));
#2880=DIRECTION('',(0.5081748379101275,0.8612539312624446,0));
#2881=DIRECTION('',(0,-1,0));
#2882=FACE_SURFACE('',(#2887),#2883,.T.);
#2883=PLANE('',#2884);
#2884=AXIS2_PLACEMENT_3D('',#166,#2885,#2886);
#2885=DIRECTION('',(0,-1,0));
#2886=DIRECTION('',(0,0,-1));
#2887=FACE_BOUND('',#2888,.T.);
#2888=EDGE_LOOP('',(#2889,#2890,#2891));
#2889=ORIENTED_EDGE('',*,*,#2892,.T.);
#2890=ORIENTED_EDGE('',*,*,#2893,.T.);
#2891=ORIENTED_EDGE('',*,*,#2894,.T.);
#2892=EDGE_CURVE('',#167,#163,#2895,.F.);
#2893=EDGE_CURVE('',#163,#165,#2896,.T.);
#2894=EDGE_CURVE('',#165,#167,#2897,.T.);
#2895=LINE('',#166,#2898);
#2896=LINE('',#162,#2899);
#2897=LINE('',#164,#2900);
#2898=VECTOR('',#2901,1.0);
#2899=VECTOR('',#2902,1.0);
#2900=VECTOR('',#2903,1.0);
#2901=DIRECTION('',(0,0,-1));
#2902=DIRECTION('',(1,0,0));
#2903=DIRECTION('',(-0.980351289553404,0,0.1972595981719974));
#2904=FACE_SURFACE('',(#2909),#2905,.T.);
#2905=PLANE('',#2906);
#2906=AXIS2_PLACEMENT_3D('',#168,#2907,#2908);
#2907=DIRECTION('',(-0,-1,-0));
#2908=DIRECTION('',(-1,0,0));
#2909=FACE_BOUND('',#2910,.T.);
#2910=EDGE_LOOP('',(#2911,#2912,#2913));
#2911=ORIENTED_EDGE('',*,*,#2914,.T.);
#2912=ORIENTED_EDGE('',*,*,#2915,.T.);
#2913=ORIENTED_EDGE('',*,*,#2916,.T.);
#2914=EDGE_CURVE('',#169,#167,#2917,.F.);
#2915=EDGE_CURVE('',#167,#165,#2918,.T.);
#2916=EDGE_CURVE('',#165,#169,#2919,.T.);
#2917=LINE('',#168,#2920);
#2918=LINE('',#166,#2921);
#2919=LINE('',#164,#2922);
#2920=VECTOR('',#2923,1.0);
#2921=VECTOR('',#2924,1.0);
#2922=VECTOR('',#2925,1.0);
#2923=DIRECTION('',(-1,0,0));
#2924=DIRECTION('',(0.980351289553404,0,-0.1972595981719974));
#2925=DIRECTION('',(0,0,1));
#2926=FACE_SURFACE('',(#2931),#2927,.T.);
#2927=PLANE('',#2928);
#2928=AXIS2_PLACEMENT_3D('',#160,#2929,#2930);
#2929=DIRECTION('',(1,0,0));
#2930=DIRECTION('',(0,0,-1));
#2931=FACE_BOUND('',#2932,.T.);
#2932=EDGE_LOOP('',(#2933,#2934,#2935));
#2933=ORIENTED_EDGE('',*,*,#2936,.T.);
#2934=ORIENTED_EDGE('',*,*,#2937,.T.);
#2935=ORIENTED_EDGE('',*,*,#2938,.T.);
#2936=EDGE_CURVE('',#161,#159,#2939,.F.);
#2937=EDGE_CURVE('',#159,#163,#2940,.T.);
#2938=EDGE_CURVE('',#163,#161,#2941,.T.);
#2939=LINE('',#160,#2942);
#2940=LINE('',#158,#2943);
#2941=LINE('',#162,#2944);
#2942=VECTOR('',#2945,1.0);
#2943=VECTOR('',#2946,1.0);
#2944=VECTOR('',#2947,1.0);
#2945=DIRECTION('',(0,0,-1));
#2946=DIRECTION('',(0,1,0));
#2947=DIRECTION('',(0,-0.9930259515140867,0.11789596947963434));
#2948=FACE_SURFACE('',(#2953),#2949,.T.);
#2949=PLANE('',#2950);
#2950=AXIS2_PLACEMENT_3D('',#166,#2951,#2952);
#2951=DIRECTION('',(1,0,0));
#2952=DIRECTION('',(0,-1,0));
#2953=FACE_BOUND('',#2954,.T.);
#2954=EDGE_LOOP('',(#2955,#2956,#2957));
#2955=ORIENTED_EDGE('',*,*,#2958,.T.);
#2956=ORIENTED_EDGE('',*,*,#2959,.T.);
#2957=ORIENTED_EDGE('',*,*,#2960,.T.);
#2958=EDGE_CURVE('',#167,#161,#2961,.F.);
#2959=EDGE_CURVE('',#161,#163,#2962,.T.);
#2960=EDGE_CURVE('',#163,#167,#2963,.T.);
#2961=LINE('',#166,#2964);
#2962=LINE('',#160,#2965);
#2963=LINE('',#162,#2966);
#2964=VECTOR('',#2967,1.0);
#2965=VECTOR('',#2968,1.0);
#2966=VECTOR('',#2969,1.0);
#2967=DIRECTION('',(0,-1,0));
#2968=DIRECTION('',(0,0.9930259515140867,-0.11789596947963434));
#2969=DIRECTION('',(0,0,1));
#2970=FACE_SURFACE('',(#2975),#2971,.T.);
#2971=PLANE('',#2972);
#2972=AXIS2_PLACEMENT_3D('',#168,#2973,#2974);
#2973=DIRECTION('',(-1,0,-0));
#2974=DIRECTION('',(0,0,-1));
#2975=FACE_BOUND('',#2976,.T.);
#2976=EDGE_LOOP('',(#2977,#2978,#2979));
#2977=ORIENTED_EDGE('',*,*,#2980,.T.);
#2978=ORIENTED_EDGE('',*,*,#2981,.T.);
#2979=ORIENTED_EDGE('',*,*,#2982,.T.);
#2980=EDGE_CURVE('',#169,#165,#2983,.F.);
#2981=EDGE_CURVE('',#165,#157,#2984,.T.);
#2982=EDGE_CURVE('',#157,#169,#2985,.T.);
#2983=LINE('',#168,#2986);
#2984=LINE('',#164,#2987);
#2985=LINE('',#156,#2988);
#2986=VECTOR('',#2989,1.0);
#2987=VECTOR('',#2990,1.0);
#2988=VECTOR('',#2991,1.0);
#2989=DIRECTION('',(0,0,-1));
#2990=DIRECTION('',(0,-1,0));
#2991=DIRECTION('',(0,0.9930259515140867,0.11789596947963434));
#2992=FACE_SURFACE('',(#2997),#2993,.T.);
#2993=PLANE('',#2994);
#2994=AXIS2_PLACEMENT_3D('',#154,#2995,#2996);
#2995=DIRECTION('',(-1,0,0));
#2996=DIRECTION('',(0,1,0));
#2997=FACE_BOUND('',#2998,.T.);
#2998=EDGE_LOOP('',(#2999,#3000,#3001));
#2999=ORIENTED_EDGE('',*,*,#3002,.T.);
#3000=ORIENTED_EDGE('',*,*,#3003,.T.);
#3001=ORIENTED_EDGE('',*,*,#3004,.T.);
#3002=EDGE_CURVE('',#155,#169,#3005,.F.);
#3003=EDGE_CURVE('',#169,#157,#3006,.T.);
#3004=EDGE_CURVE('',#157,#155,#3007,.T.);
#3005=LINE('',#154,#3008);
#3006=LINE('',#168,#3009);
#3007=LINE('',#156,#3010);
#3008=VECTOR('',#3011,1.0);
#3009=VECTOR('',#3012,1.0);
#3010=VECTOR('',#3013,1.0);
#3011=DIRECTION('',(0,1,0));
#3012=DIRECTION('',(0,-0.9930259515140867,-0.11789596947963434));
#3013=DIRECTION('',(0,0,1));
#3014=FACE_SURFACE('',(#3019),#3015,.T.);
#3015=PLANE('',#3016);
#3016=AXIS2_PLACEMENT_3D('',#170,#3017,#3018);
#3017=DIRECTION('',(0,0,1));
#3018=DIRECTION('',(1,0,0));
#3019=FACE_BOUND('',#3020,.T.);
#3020=EDGE_LOOP('',(#3021,#3022,#3023));
#3021=ORIENTED_EDGE('',*,*,#3024,.T.);
#3022=ORIENTED_EDGE('',*,*,#3025,.T.);
#3023=ORIENTED_EDGE('',*,*,#3026,.T.);
#3024=EDGE_CURVE('',#171,#173,#3027,.F.);
#3025=EDGE_CURVE('',#173,#175,#3028,.T.);
#3026=EDGE_CURVE('',#175,#171,#3029,.T.);
#3027=LINE('',#170,#3030);
#3028=LINE('',#172,#3031);
#3029=LINE('',#174,#3032);
#3030=VECTOR('',#3033,1.0);
#3031=VECTOR('',#3034,1.0);
#3032=VECTOR('',#3035,1.0);
#3033=DIRECTION('',(1,0,0));
#3034=DIRECTION('',(0,1,0));
#3035=DIRECTION('',(-0.5081741988338443,-0.8612543083431169,0));
#3036=FACE_SURFACE('',(#3041),#3037,.T.);
#3037=PLANE('',#3038);
#3038=AXIS2_PLACEMENT_3D('',#176,#3039,#3040);
#3039=DIRECTION('',(-0,0,1));
#3040=DIRECTION('',(0,-1,0));
#3041=FACE_BOUND('',#3042,.T.);
#3042=EDGE_LOOP('',(#3043,#3044,#3045));
#3043=ORIENTED_EDGE('',*,*,#3046,.T.);
#3044=ORIENTED_EDGE('',*,*,#3047,.T.);
#3045=ORIENTED_EDGE('',*,*,#3048,.T.);
#3046=EDGE_CURVE('',#177,#171,#3049,.F.);
#3047=EDGE_CURVE('',#171,#175,#3050,.T.);
#3048=EDGE_CURVE('',#175,#177,#3051,.T.);
#3049=LINE('',#176,#3052);
#3050=LINE('',#170,#3053);
#3051=LINE('',#174,#3054);
#3052=VECTOR('',#3055,1.0);
#3053=VECTOR('',#3056,1.0);
#3054=VECTOR('',#3057,1.0);
#3055=DIRECTION('',(0,-1,0));
#3056=DIRECTION('',(0.5081741988338443,0.8612543083431169,0));
#3057=DIRECTION('',(-1,0,0));
#3058=FACE_SURFACE('',(#3063),#3059,.T.);
#3059=PLANE('',#3060);
#3060=AXIS2_PLACEMENT_3D('',#178,#3061,#3062);
#3061=DIRECTION('',(0,1,0));
#3062=DIRECTION('',(0,0,-1));
#3063=FACE_BOUND('',#3064,.T.);
#3064=EDGE_LOOP('',(#3065,#3066,#3067));
#3065=ORIENTED_EDGE('',*,*,#3068,.T.);
#3066=ORIENTED_EDGE('',*,*,#3069,.T.);
#3067=ORIENTED_EDGE('',*,*,#3070,.T.);
#3068=EDGE_CURVE('',#179,#181,#3071,.F.);
#3069=EDGE_CURVE('',#181,#183,#3072,.T.);
#3070=EDGE_CURVE('',#183,#179,#3073,.T.);
#3071=LINE('',#178,#3074);
#3072=LINE('',#180,#3075);
#3073=LINE('',#182,#3076);
#3074=VECTOR('',#3077,1.0);
#3075=VECTOR('',#3078,1.0);
#3076=VECTOR('',#3079,1.0);
#3077=DIRECTION('',(0,0,-1));
#3078=DIRECTION('',(-1,0,0));
#3079=DIRECTION('',(0.9803512248784843,0,0.19725991959659578));
#3080=FACE_SURFACE('',(#3085),#3081,.T.);
#3081=PLANE('',#3082);
#3082=AXIS2_PLACEMENT_3D('',#184,#3083,#3084);
#3083=DIRECTION('',(-0,1,0));
#3084=DIRECTION('',(1,0,0));
#3085=FACE_BOUND('',#3086,.T.);
#3086=EDGE_LOOP('',(#3087,#3088,#3089));
#3087=ORIENTED_EDGE('',*,*,#3090,.T.);
#3088=ORIENTED_EDGE('',*,*,#3091,.T.);
#3089=ORIENTED_EDGE('',*,*,#3092,.T.);
#3090=EDGE_CURVE('',#185,#179,#3093,.F.);
#3091=EDGE_CURVE('',#179,#183,#3094,.T.);
#3092=EDGE_CURVE('',#183,#185,#3095,.T.);
#3093=LINE('',#184,#3096);
#3094=LINE('',#178,#3097);
#3095=LINE('',#182,#3098);
#3096=VECTOR('',#3099,1.0);
#3097=VECTOR('',#3100,1.0);
#3098=VECTOR('',#3101,1.0);
#3099=DIRECTION('',(1,0,0));
#3100=DIRECTION('',(-0.9803512248784843,0,-0.19725991959659578));
#3101=DIRECTION('',(0,0,1));
#3102=FACE_SURFACE('',(#3107),#3103,.T.);
#3103=PLANE('',#3104);
#3104=AXIS2_PLACEMENT_3D('',#182,#3105,#3106);
#3105=DIRECTION('',(1,0,0));
#3106=DIRECTION('',(0,0,-1));
#3107=FACE_BOUND('',#3108,.T.);
#3108=EDGE_LOOP('',(#3109,#3110,#3111));
#3109=ORIENTED_EDGE('',*,*,#3112,.T.);
#3110=ORIENTED_EDGE('',*,*,#3113,.T.);
#3111=ORIENTED_EDGE('',*,*,#3114,.T.);
#3112=EDGE_CURVE('',#183,#171,#3115,.F.);
#3113=EDGE_CURVE('',#171,#177,#3116,.T.);
#3114=EDGE_CURVE('',#177,#183,#3117,.T.);
#3115=LINE('',#182,#3118);
#3116=LINE('',#170,#3119);
#3117=LINE('',#176,#3120);
#3118=VECTOR('',#3121,1.0);
#3119=VECTOR('',#3122,1.0);
#3120=VECTOR('',#3123,1.0);
#3121=DIRECTION('',(0,0,-1));
#3122=DIRECTION('',(0,1,0));
#3123=DIRECTION('',(0,-0.9788350403347907,0.2046508338922387));
#3124=FACE_SURFACE('',(#3129),#3125,.T.);
#3125=PLANE('',#3126);
#3126=AXIS2_PLACEMENT_3D('',#186,#3127,#3128);
#3127=DIRECTION('',(1,0,0));
#3128=DIRECTION('',(0,-1,0));
#3129=FACE_BOUND('',#3130,.T.);
#3130=EDGE_LOOP('',(#3131,#3132,#3133));
#3131=ORIENTED_EDGE('',*,*,#3134,.T.);
#3132=ORIENTED_EDGE('',*,*,#3135,.T.);
#3133=ORIENTED_EDGE('',*,*,#3136,.T.);
#3134=EDGE_CURVE('',#187,#183,#3137,.F.);
#3135=EDGE_CURVE('',#183,#177,#3138,.T.);
#3136=EDGE_CURVE('',#177,#187,#3139,.T.);
#3137=LINE('',#186,#3140);
#3138=LINE('',#182,#3141);
#3139=LINE('',#176,#3142);
#3140=VECTOR('',#3143,1.0);
#3141=VECTOR('',#3144,1.0);
#3142=VECTOR('',#3145,1.0);
#3143=DIRECTION('',(0,-1,0));
#3144=DIRECTION('',(0,0.9788350403347907,-0.2046508338922387));
#3145=DIRECTION('',(0,0,1));
#3146=FACE_SURFACE('',(#3151),#3147,.T.);
#3147=PLANE('',#3148);
#3148=AXIS2_PLACEMENT_3D('',#188,#3149,#3150);
#3149=DIRECTION('',(-1,0,-0));
#3150=DIRECTION('',(0,0,-1));
#3151=FACE_BOUND('',#3152,.T.);
#3152=EDGE_LOOP('',(#3153,#3154,#3155));
#3153=ORIENTED_EDGE('',*,*,#3156,.T.);
#3154=ORIENTED_EDGE('',*,*,#3157,.T.);
#3155=ORIENTED_EDGE('',*,*,#3158,.T.);
#3156=EDGE_CURVE('',#189,#175,#3159,.F.);
#3157=EDGE_CURVE('',#175,#173,#3160,.T.);
#3158=EDGE_CURVE('',#173,#189,#3161,.T.);
#3159=LINE('',#188,#3162);
#3160=LINE('',#174,#3163);
#3161=LINE('',#172,#3164);
#3162=VECTOR('',#3165,1.0);
#3163=VECTOR('',#3166,1.0);
#3164=VECTOR('',#3167,1.0);
#3165=DIRECTION('',(0,0,-1));
#3166=DIRECTION('',(0,-1,0));
#3167=DIRECTION('',(0,0.9788350403347907,0.2046508338922387));
#3168=FACE_SURFACE('',(#3173),#3169,.T.);
#3169=PLANE('',#3170);
#3170=AXIS2_PLACEMENT_3D('',#180,#3171,#3172);
#3171=DIRECTION('',(-1,0,0));
#3172=DIRECTION('',(0,1,0));
#3173=FACE_BOUND('',#3174,.T.);
#3174=EDGE_LOOP('',(#3175,#3176,#3177));
#3175=ORIENTED_EDGE('',*,*,#3178,.T.);
#3176=ORIENTED_EDGE('',*,*,#3179,.T.);
#3177=ORIENTED_EDGE('',*,*,#3180,.T.);
#3178=EDGE_CURVE('',#181,#189,#3181,.F.);
#3179=EDGE_CURVE('',#189,#173,#3182,.T.);
#3180=EDGE_CURVE('',#173,#181,#3183,.T.);
#3181=LINE('',#180,#3184);
#3182=LINE('',#188,#3185);
#3183=LINE('',#172,#3186);
#3184=VECTOR('',#3187,1.0);
#3185=VECTOR('',#3188,1.0);
#3186=VECTOR('',#3189,1.0);
#3187=DIRECTION('',(0,1,0));
#3188=DIRECTION('',(0,-0.9788350403347907,-0.2046508338922387));
#3189=DIRECTION('',(0,0,1));
#3190=FACE_SURFACE('',(#3195),#3191,.T.);
#3191=PLANE('',#3192);
#3192=AXIS2_PLACEMENT_3D('',#180,#3193,#3194);
#3193=DIRECTION('',(0,1,0));
#3194=DIRECTION('',(0,0,-1));
#3195=FACE_BOUND('',#3196,.T.);
#3196=EDGE_LOOP('',(#3197,#3198,#3199));
#3197=ORIENTED_EDGE('',*,*,#3200,.T.);
#3198=ORIENTED_EDGE('',*,*,#3201,.T.);
#3199=ORIENTED_EDGE('',*,*,#3202,.T.);
#3200=EDGE_CURVE('',#181,#173,#3203,.F.);
#3201=EDGE_CURVE('',#173,#171,#3204,.T.);
#3202=EDGE_CURVE('',#171,#181,#3205,.T.);
#3203=LINE('',#180,#3206);
#3204=LINE('',#172,#3207);
#3205=LINE('',#170,#3208);
#3206=VECTOR('',#3209,1.0);
#3207=VECTOR('',#3210,1.0);
#3208=VECTOR('',#3211,1.0);
#3209=DIRECTION('',(0,0,-1));
#3210=DIRECTION('',(-1,0,0));
#3211=DIRECTION('',(0.9425751636074771,0,0.33399410316701406));
#3212=FACE_SURFACE('',(#3217),#3213,.T.);
#3213=PLANE('',#3214);
#3214=AXIS2_PLACEMENT_3D('',#182,#3215,#3216);
#3215=DIRECTION('',(-0,1,0));
#3216=DIRECTION('',(1,0,0));
#3217=FACE_BOUND('',#3218,.T.);
#3218=EDGE_LOOP('',(#3219,#3220,#3221));
#3219=ORIENTED_EDGE('',*,*,#3222,.T.);
#3220=ORIENTED_EDGE('',*,*,#3223,.T.);
#3221=ORIENTED_EDGE('',*,*,#3224,.T.);
#3222=EDGE_CURVE('',#183,#181,#3225,.F.);
#3223=EDGE_CURVE('',#181,#171,#3226,.T.);
#3224=EDGE_CURVE('',#171,#183,#3227,.T.);
#3225=LINE('',#182,#3228);
#3226=LINE('',#180,#3229);
#3227=LINE('',#170,#3230);
#3228=VECTOR('',#3231,1.0);
#3229=VECTOR('',#3232,1.0);
#3230=VECTOR('',#3233,1.0);
#3231=DIRECTION('',(1,0,0));
#3232=DIRECTION('',(-0.9425751636074771,0,-0.33399410316701406));
#3233=DIRECTION('',(0,0,1));
#3234=FACE_SURFACE('',(#3239),#3235,.T.);
#3235=PLANE('',#3236);
#3236=AXIS2_PLACEMENT_3D('',#186,#3237,#3238);
#3237=DIRECTION('',(0,-1,0));
#3238=DIRECTION('',(0,0,-1));
#3239=FACE_BOUND('',#3240,.T.);
#3240=EDGE_LOOP('',(#3241,#3242,#3243));
#3241=ORIENTED_EDGE('',*,*,#3244,.T.);
#3242=ORIENTED_EDGE('',*,*,#3245,.T.);
#3243=ORIENTED_EDGE('',*,*,#3246,.T.);
#3244=EDGE_CURVE('',#187,#177,#3247,.F.);
#3245=EDGE_CURVE('',#177,#175,#3248,.T.);
#3246=EDGE_CURVE('',#175,#187,#3249,.T.);
#3247=LINE('',#186,#3250);
#3248=LINE('',#176,#3251);
#3249=LINE('',#174,#3252);
#3250=VECTOR('',#3253,1.0);
#3251=VECTOR('',#3254,1.0);
#3252=VECTOR('',#3255,1.0);
#3253=DIRECTION('',(0,0,-1));
#3254=DIRECTION('',(1,0,0));
#3255=DIRECTION('',(-0.9425751636074771,0,0.33399410316701406));
#3256=FACE_SURFACE('',(#3261),#3257,.T.);
#3257=PLANE('',#3258);
#3258=AXIS2_PLACEMENT_3D('',#188,#3259,#3260);
#3259=DIRECTION('',(-0,-1,-0));
#3260=DIRECTION('',(-1,0,0));
#3261=FACE_BOUND('',#3262,.T.);
#3262=EDGE_LOOP('',(#3263,#3264,#3265));
#3263=ORIENTED_EDGE('',*,*,#3266,.T.);
#3264=ORIENTED_EDGE('',*,*,#3267,.T.);
#3265=ORIENTED_EDGE('',*,*,#3268,.T.);
#3266=EDGE_CURVE('',#189,#187,#3269,.F.);
#3267=EDGE_CURVE('',#187,#175,#3270,.T.);
#3268=EDGE_CURVE('',#175,#189,#3271,.T.);
#3269=LINE('',#188,#3272);
#3270=LINE('',#186,#3273);
#3271=LINE('',#174,#3274);
#3272=VECTOR('',#3275,1.0);
#3273=VECTOR('',#3276,1.0);
#3274=VECTOR('',#3277,1.0);
#3275=DIRECTION('',(-1,0,0));
#3276=DIRECTION('',(0.9425751636074771,0,-0.33399410316701406));
#3277=DIRECTION('',(0,0,1));
#3278=FACE_SURFACE('',(#3283),#3279,.T.);
#3279=PLANE('',#3280);
#3280=AXIS2_PLACEMENT_3D('',#184,#3281,#3282);
#3281=DIRECTION('',(0,0,-1));
#3282=DIRECTION('',(0,1,0));
#3283=FACE_BOUND('',#3284,.T.);
#3284=EDGE_LOOP('',(#3285,#3286,#3287));
#3285=ORIENTED_EDGE('',*,*,#3288,.T.);
#3286=ORIENTED_EDGE('',*,*,#3289,.T.);
#3287=ORIENTED_EDGE('',*,*,#3290,.T.);
#3288=EDGE_CURVE('',#185,#191,#3291,.F.);
#3289=EDGE_CURVE('',#191,#193,#3292,.T.);
#3290=EDGE_CURVE('',#193,#185,#3293,.T.);
#3291=LINE('',#184,#3294);
#3292=LINE('',#190,#3295);
#3293=LINE('',#192,#3296);
#3294=VECTOR('',#3297,1.0);
#3295=VECTOR('',#3298,1.0);
#3296=VECTOR('',#3299,1.0);
#3297=DIRECTION('',(0,1,0));
#3298=DIRECTION('',(1,0,0));
#3299=DIRECTION('',(-0.5081741988338443,-0.8612543083431169,0));
#3300=FACE_SURFACE('',(#3305),#3301,.T.);
#3301=PLANE('',#3302);
#3302=AXIS2_PLACEMENT_3D('',#178,#3303,#3304);
#3303=DIRECTION('',(0,0,-1));
#3304=DIRECTION('',(-1,0,0));
#3305=FACE_BOUND('',#3306,.T.);
#3306=EDGE_LOOP('',(#3307,#3308,#3309));
#3307=ORIENTED_EDGE('',*,*,#3310,.T.);
#3308=ORIENTED_EDGE('',*,*,#3311,.T.);
#3309=ORIENTED_EDGE('',*,*,#3312,.T.);
#3310=EDGE_CURVE('',#179,#185,#3313,.F.);
#3311=EDGE_CURVE('',#185,#193,#3314,.T.);
#3312=EDGE_CURVE('',#193,#179,#3315,.T.);
#3313=LINE('',#178,#3316);
#3314=LINE('',#184,#3317);
#3315=LINE('',#192,#3318);
#3316=VECTOR('',#3319,1.0);
#3317=VECTOR('',#3320,1.0);
#3318=VECTOR('',#3321,1.0);
#3319=DIRECTION('',(-1,0,0));
#3320=DIRECTION('',(0.5081741988338443,0.8612543083431169,0));
#3321=DIRECTION('',(0,-1,0));
#3322=FACE_SURFACE('',(#3327),#3323,.T.);
#3323=PLANE('',#3324);
#3324=AXIS2_PLACEMENT_3D('',#190,#3325,#3326);
#3325=DIRECTION('',(0,-1,0));
#3326=DIRECTION('',(0,0,-1));
#3327=FACE_BOUND('',#3328,.T.);
#3328=EDGE_LOOP('',(#3329,#3330,#3331));
#3329=ORIENTED_EDGE('',*,*,#3332,.T.);
#3330=ORIENTED_EDGE('',*,*,#3333,.T.);
#3331=ORIENTED_EDGE('',*,*,#3334,.T.);
#3332=EDGE_CURVE('',#191,#187,#3335,.F.);
#3333=EDGE_CURVE('',#187,#189,#3336,.T.);
#3334=EDGE_CURVE('',#189,#191,#3337,.T.);
#3335=LINE('',#190,#3338);
#3336=LINE('',#186,#3339);
#3337=LINE('',#188,#3340);
#3338=VECTOR('',#3341,1.0);
#3339=VECTOR('',#3342,1.0);
#3340=VECTOR('',#3343,1.0);
#3341=DIRECTION('',(0,0,-1));
#3342=DIRECTION('',(1,0,0));
#3343=DIRECTION('',(-0.9803512248784843,0,0.19725991959659578));
#3344=FACE_SURFACE('',(#3349),#3345,.T.);
#3345=PLANE('',#3346);
#3346=AXIS2_PLACEMENT_3D('',#192,#3347,#3348);
#3347=DIRECTION('',(-0,-1,-0));
#3348=DIRECTION('',(-1,0,0));
#3349=FACE_BOUND('',#3350,.T.);
#3350=EDGE_LOOP('',(#3351,#3352,#3353));
#3351=ORIENTED_EDGE('',*,*,#3354,.T.);
#3352=ORIENTED_EDGE('',*,*,#3355,.T.);
#3353=ORIENTED_EDGE('',*,*,#3356,.T.);
#3354=EDGE_CURVE('',#193,#191,#3357,.F.);
#3355=EDGE_CURVE('',#191,#189,#3358,.T.);
#3356=EDGE_CURVE('',#189,#193,#3359,.T.);
#3357=LINE('',#192,#3360);
#3358=LINE('',#190,#3361);
#3359=LINE('',#188,#3362);
#3360=VECTOR('',#3363,1.0);
#3361=VECTOR('',#3364,1.0);
#3362=VECTOR('',#3365,1.0);
#3363=DIRECTION('',(-1,0,0));
#3364=DIRECTION('',(0.9803512248784843,0,-0.19725991959659578));
#3365=DIRECTION('',(0,0,1));
#3366=FACE_SURFACE('',(#3371),#3367,.T.);
#3367=PLANE('',#3368);
#3368=AXIS2_PLACEMENT_3D('',#184,#3369,#3370);
#3369=DIRECTION('',(1,0,0));
#3370=DIRECTION('',(0,0,-1));
#3371=FACE_BOUND('',#3372,.T.);
#3372=EDGE_LOOP('',(#3373,#3374,#3375));
#3373=ORIENTED_EDGE('',*,*,#3376,.T.);
#3374=ORIENTED_EDGE('',*,*,#3377,.T.);
#3375=ORIENTED_EDGE('',*,*,#3378,.T.);
#3376=EDGE_CURVE('',#185,#183,#3379,.F.);
#3377=EDGE_CURVE('',#183,#187,#3380,.T.);
#3378=EDGE_CURVE('',#187,#185,#3381,.T.);
#3379=LINE('',#184,#3382);
#3380=LINE('',#182,#3383);
#3381=LINE('',#186,#3384);
#3382=VECTOR('',#3385,1.0);
#3383=VECTOR('',#3386,1.0);
#3384=VECTOR('',#3387,1.0);
#3385=DIRECTION('',(0,0,-1));
#3386=DIRECTION('',(0,1,0));
#3387=DIRECTION('',(0,-0.9930259515140867,0.11789596947963434));
#3388=FACE_SURFACE('',(#3393),#3389,.T.);
#3389=PLANE('',#3390);
#3390=AXIS2_PLACEMENT_3D('',#190,#3391,#3392);
#3391=DIRECTION('',(1,0,0));
#3392=DIRECTION('',(0,-1,0));
#3393=FACE_BOUND('',#3394,.T.);
#3394=EDGE_LOOP('',(#3395,#3396,#3397));
#3395=ORIENTED_EDGE('',*,*,#3398,.T.);
#3396=ORIENTED_EDGE('',*,*,#3399,.T.);
#3397=ORIENTED_EDGE('',*,*,#3400,.T.);
#3398=EDGE_CURVE('',#191,#185,#3401,.F.);
#3399=EDGE_CURVE('',#185,#187,#3402,.T.);
#3400=EDGE_CURVE('',#187,#191,#3403,.T.);
#3401=LINE('',#190,#3404);
#3402=LINE('',#184,#3405);
#3403=LINE('',#186,#3406);
#3404=VECTOR('',#3407,1.0);
#3405=VECTOR('',#3408,1.0);
#3406=VECTOR('',#3409,1.0);
#3407=DIRECTION('',(0,-1,0));
#3408=DIRECTION('',(0,0.9930259515140867,-0.11789596947963434));
#3409=DIRECTION('',(0,0,1));
#3410=FACE_SURFACE('',(#3415),#3411,.T.);
#3411=PLANE('',#3412);
#3412=AXIS2_PLACEMENT_3D('',#192,#3413,#3414);
#3413=DIRECTION('',(-1,0,-0));
#3414=DIRECTION('',(0,0,-1));
#3415=FACE_BOUND('',#3416,.T.);
#3416=EDGE_LOOP('',(#3417,#3418,#3419));
#3417=ORIENTED_EDGE('',*,*,#3420,.T.);
#3418=ORIENTED_EDGE('',*,*,#3421,.T.);
#3419=ORIENTED_EDGE('',*,*,#3422,.T.);
#3420=EDGE_CURVE('',#193,#189,#3423,.F.);
#3421=EDGE_CURVE('',#189,#181,#3424,.T.);
#3422=EDGE_CURVE('',#181,#193,#3425,.T.);
#3423=LINE('',#192,#3426);
#3424=LINE('',#188,#3427);
#3425=LINE('',#180,#3428);
#3426=VECTOR('',#3429,1.0);
#3427=VECTOR('',#3430,1.0);
#3428=VECTOR('',#3431,1.0);
#3429=DIRECTION('',(0,0,-1));
#3430=DIRECTION('',(0,-1,0));
#3431=DIRECTION('',(0,0.9930259515140867,0.11789596947963434));
#3432=FACE_SURFACE('',(#3437),#3433,.T.);
#3433=PLANE('',#3434);
#3434=AXIS2_PLACEMENT_3D('',#178,#3435,#3436);
#3435=DIRECTION('',(-1,0,0));
#3436=DIRECTION('',(0,1,0));
#3437=FACE_BOUND('',#3438,.T.);
#3438=EDGE_LOOP('',(#3439,#3440,#3441));
#3439=ORIENTED_EDGE('',*,*,#3442,.T.);
#3440=ORIENTED_EDGE('',*,*,#3443,.T.);
#3441=ORIENTED_EDGE('',*,*,#3444,.T.);
#3442=EDGE_CURVE('',#179,#193,#3445,.F.);
#3443=EDGE_CURVE('',#193,#181,#3446,.T.);
#3444=EDGE_CURVE('',#181,#179,#3447,.T.);
#3445=LINE('',#178,#3448);
#3446=LINE('',#192,#3449);
#3447=LINE('',#180,#3450);
#3448=VECTOR('',#3451,1.0);
#3449=VECTOR('',#3452,1.0);
#3450=VECTOR('',#3453,1.0);
#3451=DIRECTION('',(0,1,0));
#3452=DIRECTION('',(0,-0.9930259515140867,-0.11789596947963434));
#3453=DIRECTION('',(0,0,1));
#3454=FACE_SURFACE('',(#3459),#3455,.T.);
#3455=PLANE('',#3456);
#3456=AXIS2_PLACEMENT_3D('',#194,#3457,#3458);
#3457=DIRECTION('',(0,0,1));
#3458=DIRECTION('',(1,0,0));
#3459=FACE_BOUND('',#3460,.T.);
#3460=EDGE_LOOP('',(#3461,#3462,#3463));
#3461=ORIENTED_EDGE('',*,*,#3464,.T.);
#3462=ORIENTED_EDGE('',*,*,#3465,.T.);
#3463=ORIENTED_EDGE('',*,*,#3466,.T.);
#3464=EDGE_CURVE('',#195,#197,#3467,.F.);
#3465=EDGE_CURVE('',#197,#199,#3468,.T.);
#3466=EDGE_CURVE('',#199,#195,#3469,.T.);
#3467=LINE('',#194,#3470);
#3468=LINE('',#196,#3471);
#3469=LINE('',#198,#3472);
#3470=VECTOR('',#3473,1.0);
#3471=VECTOR('',#3474,1.0);
#3472=VECTOR('',#3475,1.0);
#3473=DIRECTION('',(1,0,0));
#3474=DIRECTION('',(0,1,0));
#3475=DIRECTION('',(-0.707107605390668,-0.7071059569814663,0));
#3476=FACE_SURFACE('',(#3481),#3477,.T.);
#3477=PLANE('',#3478);
#3478=AXIS2_PLACEMENT_3D('',#200,#3479,#3480);
#3479=DIRECTION('',(-0,0,1));
#3480=DIRECTION('',(0,-1,0));
#3481=FACE_BOUND('',#3482,.T.);
#3482=EDGE_LOOP('',(#3483,#3484,#3485));
#3483=ORIENTED_EDGE('',*,*,#3486,.T.);
#3484=ORIENTED_EDGE('',*,*,#3487,.T.);
#3485=ORIENTED_EDGE('',*,*,#3488,.T.);
#3486=EDGE_CURVE('',#201,#195,#3489,.F.);
#3487=EDGE_CURVE('',#195,#199,#3490,.T.);
#3488=EDGE_CURVE('',#199,#201,#3491,.T.);
#3489=LINE('',#200,#3492);
#3490=LINE('',#194,#3493);
#3491=LINE('',#198,#3494);
#3492=VECTOR('',#3495,1.0);
#3493=VECTOR('',#3496,1.0);
#3494=VECTOR('',#3497,1.0);
#3495=DIRECTION('',(0,-1,0));
#3496=DIRECTION('',(0.707107605390668,0.7071059569814663,0));
#3497=DIRECTION('',(-1,0,0));
#3498=FACE_SURFACE('',(#3503),#3499,.T.);
#3499=PLANE('',#3500);
#3500=AXIS2_PLACEMENT_3D('',#202,#3501,#3502);
#3501=DIRECTION('',(0,1,0));
#3502=DIRECTION('',(0,0,-1));
#3503=FACE_BOUND('',#3504,.T.);
#3504=EDGE_LOOP('',(#3505,#3506,#3507));
#3505=ORIENTED_EDGE('',*,*,#3508,.T.);
#3506=ORIENTED_EDGE('',*,*,#3509,.T.);
#3507=ORIENTED_EDGE('',*,*,#3510,.T.);
#3508=EDGE_CURVE('',#203,#205,#3511,.F.);
#3509=EDGE_CURVE('',#205,#207,#3512,.T.);
#3510=EDGE_CURVE('',#207,#203,#3513,.T.);
#3511=LINE('',#202,#3514);
#3512=LINE('',#204,#3515);
#3513=LINE('',#206,#3516);
#3514=VECTOR('',#3517,1.0);
#3515=VECTOR('',#3518,1.0);
#3516=VECTOR('',#3519,1.0);
#3517=DIRECTION('',(0,0,-1));
#3518=DIRECTION('',(-1,0,0));
#3519=DIRECTION('',(0.9208489471543687,0,0.3899195000569869));
#3520=FACE_SURFACE('',(#3525),#3521,.T.);
#3521=PLANE('',#3522);
#3522=AXIS2_PLACEMENT_3D('',#208,#3523,#3524);
#3523=DIRECTION('',(-0,1,0));
#3524=DIRECTION('',(1,0,0));
#3525=FACE_BOUND('',#3526,.T.);
#3526=EDGE_LOOP('',(#3527,#3528,#3529));
#3527=ORIENTED_EDGE('',*,*,#3530,.T.);
#3528=ORIENTED_EDGE('',*,*,#3531,.T.);
#3529=ORIENTED_EDGE('',*,*,#3532,.T.);
#3530=EDGE_CURVE('',#209,#203,#3533,.F.);
#3531=EDGE_CURVE('',#203,#207,#3534,.T.);
#3532=EDGE_CURVE('',#207,#209,#3535,.T.);
#3533=LINE('',#208,#3536);
#3534=LINE('',#202,#3537);
#3535=LINE('',#206,#3538);
#3536=VECTOR('',#3539,1.0);
#3537=VECTOR('',#3540,1.0);
#3538=VECTOR('',#3541,1.0);
#3539=DIRECTION('',(1,0,0));
#3540=DIRECTION('',(-0.9208489471543687,0,-0.3899195000569869));
#3541=DIRECTION('',(0,0,1));
#3542=FACE_SURFACE('',(#3547),#3543,.T.);
#3543=PLANE('',#3544);
#3544=AXIS2_PLACEMENT_3D('',#206,#3545,#3546);
#3545=DIRECTION('',(1,0,0));
#3546=DIRECTION('',(0,0,-1));
#3547=FACE_BOUND('',#3548,.T.);
#3548=EDGE_LOOP('',(#3549,#3550,#3551));
#3549=ORIENTED_EDGE('',*,*,#3552,.T.);
#3550=ORIENTED_EDGE('',*,*,#3553,.T.);
#3551=ORIENTED_EDGE('',*,*,#3554,.T.);
#3552=EDGE_CURVE('',#207,#195,#3555,.F.);
#3553=EDGE_CURVE('',#195,#201,#3556,.T.);
#3554=EDGE_CURVE('',#201,#207,#3557,.T.);
#3555=LINE('',#206,#3558);
#3556=LINE('',#194,#3559);
#3557=LINE('',#200,#3560);
#3558=VECTOR('',#3561,1.0);
#3559=VECTOR('',#3562,1.0);
#3560=VECTOR('',#3563,1.0);
#3561=DIRECTION('',(0,0,-1));
#3562=DIRECTION('',(0,1,0));
#3563=DIRECTION('',(0,-0.9913847507888591,0.13098196785554778));
#3564=FACE_SURFACE('',(#3569),#3565,.T.);
#3565=PLANE('',#3566);
#3566=AXIS2_PLACEMENT_3D('',#210,#3567,#3568);
#3567=DIRECTION('',(1,0,0));
#3568=DIRECTION('',(0,-1,0));
#3569=FACE_BOUND('',#3570,.T.);
#3570=EDGE_LOOP('',(#3571,#3572,#3573));
#3571=ORIENTED_EDGE('',*,*,#3574,.T.);
#3572=ORIENTED_EDGE('',*,*,#3575,.T.);
#3573=ORIENTED_EDGE('',*,*,#3576,.T.);
#3574=EDGE_CURVE('',#211,#207,#3577,.F.);
#3575=EDGE_CURVE('',#207,#201,#3578,.T.);
#3576=EDGE_CURVE('',#201,#211,#3579,.T.);
#3577=LINE('',#210,#3580);
#3578=LINE('',#206,#3581);
#3579=LINE('',#200,#3582);
#3580=VECTOR('',#3583,1.0);
#3581=VECTOR('',#3584,1.0);
#3582=VECTOR('',#3585,1.0);
#3583=DIRECTION('',(0,-1,0));
#3584=DIRECTION('',(0,0.9913847507888591,-0.13098196785554778));
#3585=DIRECTION('',(0,0,1));
#3586=FACE_SURFACE('',(#3591),#3587,.T.);
#3587=PLANE('',#3588);
#3588=AXIS2_PLACEMENT_3D('',#212,#3589,#3590);
#3589=DIRECTION('',(-1,0,-0));
#3590=DIRECTION('',(0,0,-1));
#3591=FACE_BOUND('',#3592,.T.);
#3592=EDGE_LOOP('',(#3593,#3594,#3595));
#3593=ORIENTED_EDGE('',*,*,#3596,.T.);
#3594=ORIENTED_EDGE('',*,*,#3597,.T.);
#3595=ORIENTED_EDGE('',*,*,#3598,.T.);
#3596=EDGE_CURVE('',#213,#199,#3599,.F.);
#3597=EDGE_CURVE('',#199,#197,#3600,.T.);
#3598=EDGE_CURVE('',#197,#213,#3601,.T.);
#3599=LINE('',#212,#3602);
#3600=LINE('',#198,#3603);
#3601=LINE('',#196,#3604);
#3602=VECTOR('',#3605,1.0);
#3603=VECTOR('',#3606,1.0);
#3604=VECTOR('',#3607,1.0);
#3605=DIRECTION('',(0,0,-1));
#3606=DIRECTION('',(0,-1,0));
#3607=DIRECTION('',(0,0.9913847507888591,0.13098196785554778));
#3608=FACE_SURFACE('',(#3613),#3609,.T.);
#3609=PLANE('',#3610);
#3610=AXIS2_PLACEMENT_3D('',#204,#3611,#3612);
#3611=DIRECTION('',(-1,0,0));
#3612=DIRECTION('',(0,1,0));
#3613=FACE_BOUND('',#3614,.T.);
#3614=EDGE_LOOP('',(#3615,#3616,#3617));
#3615=ORIENTED_EDGE('',*,*,#3618,.T.);
#3616=ORIENTED_EDGE('',*,*,#3619,.T.);
#3617=ORIENTED_EDGE('',*,*,#3620,.T.);
#3618=EDGE_CURVE('',#205,#213,#3621,.F.);
#3619=EDGE_CURVE('',#213,#197,#3622,.T.);
#3620=EDGE_CURVE('',#197,#205,#3623,.T.);
#3621=LINE('',#204,#3624);
#3622=LINE('',#212,#3625);
#3623=LINE('',#196,#3626);
#3624=VECTOR('',#3627,1.0);
#3625=VECTOR('',#3628,1.0);
#3626=VECTOR('',#3629,1.0);
#3627=DIRECTION('',(0,1,0));
#3628=DIRECTION('',(0,-0.9913847507888591,-0.13098196785554778));
#3629=DIRECTION('',(0,0,1));
#3630=FACE_SURFACE('',(#3635),#3631,.T.);
#3631=PLANE('',#3632);
#3632=AXIS2_PLACEMENT_3D('',#204,#3633,#3634);
#3633=DIRECTION('',(0,1,0));
#3634=DIRECTION('',(0,0,-1));
#3635=FACE_BOUND('',#3636,.T.);
#3636=EDGE_LOOP('',(#3637,#3638,#3639));
#3637=ORIENTED_EDGE('',*,*,#3640,.T.);
#3638=ORIENTED_EDGE('',*,*,#3641,.T.);
#3639=ORIENTED_EDGE('',*,*,#3642,.T.);
#3640=EDGE_CURVE('',#205,#197,#3643,.F.);
#3641=EDGE_CURVE('',#197,#195,#3644,.T.);
#3642=EDGE_CURVE('',#195,#205,#3645,.T.);
#3643=LINE('',#204,#3646);
#3644=LINE('',#196,#3647);
#3645=LINE('',#194,#3648);
#3646=VECTOR('',#3649,1.0);
#3647=VECTOR('',#3650,1.0);
#3648=VECTOR('',#3651,1.0);
#3649=DIRECTION('',(0,0,-1));
#3650=DIRECTION('',(-1,0,0));
#3651=DIRECTION('',(0.99138479043896,0,0.1309816677489609));
#3652=FACE_SURFACE('',(#3657),#3653,.T.);
#3653=PLANE('',#3654);
#3654=AXIS2_PLACEMENT_3D('',#206,#3655,#3656);
#3655=DIRECTION('',(-0,1,0));
#3656=DIRECTION('',(1,0,0));
#3657=FACE_BOUND('',#3658,.T.);
#3658=EDGE_LOOP('',(#3659,#3660,#3661));
#3659=ORIENTED_EDGE('',*,*,#3662,.T.);
#3660=ORIENTED_EDGE('',*,*,#3663,.T.);
#3661=ORIENTED_EDGE('',*,*,#3664,.T.);
#3662=EDGE_CURVE('',#207,#205,#3665,.F.);
#3663=EDGE_CURVE('',#205,#195,#3666,.T.);
#3664=EDGE_CURVE('',#195,#207,#3667,.T.);
#3665=LINE('',#206,#3668);
#3666=LINE('',#204,#3669);
#3667=LINE('',#194,#3670);
#3668=VECTOR('',#3671,1.0);
#3669=VECTOR('',#3672,1.0);
#3670=VECTOR('',#3673,1.0);
#3671=DIRECTION('',(1,0,0));
#3672=DIRECTION('',(-0.99138479043896,0,-0.1309816677489609));
#3673=DIRECTION('',(0,0,1));
#3674=FACE_SURFACE('',(#3679),#3675,.T.);
#3675=PLANE('',#3676);
#3676=AXIS2_PLACEMENT_3D('',#210,#3677,#3678);
#3677=DIRECTION('',(0,-1,0));
#3678=DIRECTION('',(0,0,-1));
#3679=FACE_BOUND('',#3680,.T.);
#3680=EDGE_LOOP('',(#3681,#3682,#3683));
#3681=ORIENTED_EDGE('',*,*,#3684,.T.);
#3682=ORIENTED_EDGE('',*,*,#3685,.T.);
#3683=ORIENTED_EDGE('',*,*,#3686,.T.);
#3684=EDGE_CURVE('',#211,#201,#3687,.F.);
#3685=EDGE_CURVE('',#201,#199,#3688,.T.);
#3686=EDGE_CURVE('',#199,#211,#3689,.T.);
#3687=LINE('',#210,#3690);
#3688=LINE('',#200,#3691);
#3689=LINE('',#198,#3692);
#3690=VECTOR('',#3693,1.0);
#3691=VECTOR('',#3694,1.0);
#3692=VECTOR('',#3695,1.0);
#3693=DIRECTION('',(0,0,-1));
#3694=DIRECTION('',(1,0,0));
#3695=DIRECTION('',(-0.99138479043896,0,0.1309816677489609));
#3696=FACE_SURFACE('',(#3701),#3697,.T.);
#3697=PLANE('',#3698);
#3698=AXIS2_PLACEMENT_3D('',#212,#3699,#3700);
#3699=DIRECTION('',(-0,-1,-0));
#3700=DIRECTION('',(-1,0,0));
#3701=FACE_BOUND('',#3702,.T.);
#3702=EDGE_LOOP('',(#3703,#3704,#3705));
#3703=ORIENTED_EDGE('',*,*,#3706,.T.);
#3704=ORIENTED_EDGE('',*,*,#3707,.T.);
#3705=ORIENTED_EDGE('',*,*,#3708,.T.);
#3706=EDGE_CURVE('',#213,#211,#3709,.F.);
#3707=EDGE_CURVE('',#211,#199,#3710,.T.);
#3708=EDGE_CURVE('',#199,#213,#3711,.T.);
#3709=LINE('',#212,#3712);
#3710=LINE('',#210,#3713);
#3711=LINE('',#198,#3714);
#3712=VECTOR('',#3715,1.0);
#3713=VECTOR('',#3716,1.0);
#3714=VECTOR('',#3717,1.0);
#3715=DIRECTION('',(-1,0,0));
#3716=DIRECTION('',(0.99138479043896,0,-0.1309816677489609));
#3717=DIRECTION('',(0,0,1));
#3718=FACE_SURFACE('',(#3723),#3719,.T.);
#3719=PLANE('',#3720);
#3720=AXIS2_PLACEMENT_3D('',#208,#3721,#3722);
#3721=DIRECTION('',(0,0,-1));
#3722=DIRECTION('',(0,1,0));
#3723=FACE_BOUND('',#3724,.T.);
#3724=EDGE_LOOP('',(#3725,#3726,#3727));
#3725=ORIENTED_EDGE('',*,*,#3728,.T.);
#3726=ORIENTED_EDGE('',*,*,#3729,.T.);
#3727=ORIENTED_EDGE('',*,*,#3730,.T.);
#3728=EDGE_CURVE('',#209,#215,#3731,.F.);
#3729=EDGE_CURVE('',#215,#217,#3732,.T.);
#3730=EDGE_CURVE('',#217,#209,#3733,.T.);
#3731=LINE('',#208,#3734);
#3732=LINE('',#214,#3735);
#3733=LINE('',#216,#3736);
#3734=VECTOR('',#3737,1.0);
#3735=VECTOR('',#3738,1.0);
#3736=VECTOR('',#3739,1.0);
#3737=DIRECTION('',(0,1,0));
#3738=DIRECTION('',(1,0,0));
#3739=DIRECTION('',(-0.707107605390668,-0.7071059569814663,0));
#3740=FACE_SURFACE('',(#3745),#3741,.T.);
#3741=PLANE('',#3742);
#3742=AXIS2_PLACEMENT_3D('',#202,#3743,#3744);
#3743=DIRECTION('',(0,0,-1));
#3744=DIRECTION('',(-1,0,0));
#3745=FACE_BOUND('',#3746,.T.);
#3746=EDGE_LOOP('',(#3747,#3748,#3749));
#3747=ORIENTED_EDGE('',*,*,#3750,.T.);
#3748=ORIENTED_EDGE('',*,*,#3751,.T.);
#3749=ORIENTED_EDGE('',*,*,#3752,.T.);
#3750=EDGE_CURVE('',#203,#209,#3753,.F.);
#3751=EDGE_CURVE('',#209,#217,#3754,.T.);
#3752=EDGE_CURVE('',#217,#203,#3755,.T.);
#3753=LINE('',#202,#3756);
#3754=LINE('',#208,#3757);
#3755=LINE('',#216,#3758);
#3756=VECTOR('',#3759,1.0);
#3757=VECTOR('',#3760,1.0);
#3758=VECTOR('',#3761,1.0);
#3759=DIRECTION('',(-1,0,0));
#3760=DIRECTION('',(0.707107605390668,0.7071059569814663,0));
#3761=DIRECTION('',(0,-1,0));
#3762=FACE_SURFACE('',(#3767),#3763,.T.);
#3763=PLANE('',#3764);
#3764=AXIS2_PLACEMENT_3D('',#214,#3765,#3766);
#3765=DIRECTION('',(0,-1,0));
#3766=DIRECTION('',(0,0,-1));
#3767=FACE_BOUND('',#3768,.T.);
#3768=EDGE_LOOP('',(#3769,#3770,#3771));
#3769=ORIENTED_EDGE('',*,*,#3772,.T.);
#3770=ORIENTED_EDGE('',*,*,#3773,.T.);
#3771=ORIENTED_EDGE('',*,*,#3774,.T.);
#3772=EDGE_CURVE('',#215,#211,#3775,.F.);
#3773=EDGE_CURVE('',#211,#213,#3776,.T.);
#3774=EDGE_CURVE('',#213,#215,#3777,.T.);
#3775=LINE('',#214,#3778);
#3776=LINE('',#210,#3779);
#3777=LINE('',#212,#3780);
#3778=VECTOR('',#3781,1.0);
#3779=VECTOR('',#3782,1.0);
#3780=VECTOR('',#3783,1.0);
#3781=DIRECTION('',(0,0,-1));
#3782=DIRECTION('',(1,0,0));
#3783=DIRECTION('',(-0.9208489471543687,0,0.3899195000569869));
#3784=FACE_SURFACE('',(#3789),#3785,.T.);
#3785=PLANE('',#3786);
#3786=AXIS2_PLACEMENT_3D('',#216,#3787,#3788);
#3787=DIRECTION('',(-0,-1,-0));
#3788=DIRECTION('',(-1,0,0));
#3789=FACE_BOUND('',#3790,.T.);
#3790=EDGE_LOOP('',(#3791,#3792,#3793));
#3791=ORIENTED_EDGE('',*,*,#3794,.T.);
#3792=ORIENTED_EDGE('',*,*,#3795,.T.);
#3793=ORIENTED_EDGE('',*,*,#3796,.T.);
#3794=EDGE_CURVE('',#217,#215,#3797,.F.);
#3795=EDGE_CURVE('',#215,#213,#3798,.T.);
#3796=EDGE_CURVE('',#213,#217,#3799,.T.);
#3797=LINE('',#216,#3800);
#3798=LINE('',#214,#3801);
#3799=LINE('',#212,#3802);
#3800=VECTOR('',#3803,1.0);
#3801=VECTOR('',#3804,1.0);
#3802=VECTOR('',#3805,1.0);
#3803=DIRECTION('',(-1,0,0));
#3804=DIRECTION('',(0.9208489471543687,0,-0.3899195000569869));
#3805=DIRECTION('',(0,0,1));
#3806=FACE_SURFACE('',(#3811),#3807,.T.);
#3807=PLANE('',#3808);
#3808=AXIS2_PLACEMENT_3D('',#208,#3809,#3810);
#3809=DIRECTION('',(1,0,0));
#3810=DIRECTION('',(0,0,-1));
#3811=FACE_BOUND('',#3812,.T.);
#3812=EDGE_LOOP('',(#3813,#3814,#3815));
#3813=ORIENTED_EDGE('',*,*,#3816,.T.);
#3814=ORIENTED_EDGE('',*,*,#3817,.T.);
#3815=ORIENTED_EDGE('',*,*,#3818,.T.);
#3816=EDGE_CURVE('',#209,#207,#3819,.F.);
#3817=EDGE_CURVE('',#207,#211,#3820,.T.);
#3818=EDGE_CURVE('',#211,#209,#3821,.T.);
#3819=LINE('',#208,#3822);
#3820=LINE('',#206,#3823);
#3821=LINE('',#210,#3824);
#3822=VECTOR('',#3825,1.0);
#3823=VECTOR('',#3826,1.0);
#3824=VECTOR('',#3827,1.0);
#3825=DIRECTION('',(0,0,-1));
#3826=DIRECTION('',(0,1,0));
#3827=DIRECTION('',(0,-0.9208486207776924,0.3899202708398495));
#3828=FACE_SURFACE('',(#3833),#3829,.T.);
#3829=PLANE('',#3830);
#3830=AXIS2_PLACEMENT_3D('',#214,#3831,#3832);
#3831=DIRECTION('',(1,0,0));
#3832=DIRECTION('',(0,-1,0));
#3833=FACE_BOUND('',#3834,.T.);
#3834=EDGE_LOOP('',(#3835,#3836,#3837));
#3835=ORIENTED_EDGE('',*,*,#3838,.T.);
#3836=ORIENTED_EDGE('',*,*,#3839,.T.);
#3837=ORIENTED_EDGE('',*,*,#3840,.T.);
#3838=EDGE_CURVE('',#215,#209,#3841,.F.);
#3839=EDGE_CURVE('',#209,#211,#3842,.T.);
#3840=EDGE_CURVE('',#211,#215,#3843,.T.);
#3841=LINE('',#214,#3844);
#3842=LINE('',#208,#3845);
#3843=LINE('',#210,#3846);
#3844=VECTOR('',#3847,1.0);
#3845=VECTOR('',#3848,1.0);
#3846=VECTOR('',#3849,1.0);
#3847=DIRECTION('',(0,-1,0));
#3848=DIRECTION('',(0,0.9208486207776924,-0.3899202708398495));
#3849=DIRECTION('',(0,0,1));
#3850=FACE_SURFACE('',(#3855),#3851,.T.);
#3851=PLANE('',#3852);
#3852=AXIS2_PLACEMENT_3D('',#216,#3853,#3854);
#3853=DIRECTION('',(-1,0,-0));
#3854=DIRECTION('',(0,0,-1));
#3855=FACE_BOUND('',#3856,.T.);
#3856=EDGE_LOOP('',(#3857,#3858,#3859));
#3857=ORIENTED_EDGE('',*,*,#3860,.T.);
#3858=ORIENTED_EDGE('',*,*,#3861,.T.);
#3859=ORIENTED_EDGE('',*,*,#3862,.T.);
#3860=EDGE_CURVE('',#217,#213,#3863,.F.);
#3861=EDGE_CURVE('',#213,#205,#3864,.T.);
#3862=EDGE_CURVE('',#205,#217,#3865,.T.);
#3863=LINE('',#216,#3866);
#3864=LINE('',#212,#3867);
#3865=LINE('',#204,#3868);
#3866=VECTOR('',#3869,1.0);
#3867=VECTOR('',#3870,1.0);
#3868=VECTOR('',#3871,1.0);
#3869=DIRECTION('',(0,0,-1));
#3870=DIRECTION('',(0,-1,0));
#3871=DIRECTION('',(0,0.9208486207776924,0.3899202708398495));
#3872=FACE_SURFACE('',(#3877),#3873,.T.);
#3873=PLANE('',#3874);
#3874=AXIS2_PLACEMENT_3D('',#202,#3875,#3876);
#3875=DIRECTION('',(-1,0,0));
#3876=DIRECTION('',(0,1,0));
#3877=FACE_BOUND('',#3878,.T.);
#3878=EDGE_LOOP('',(#3879,#3880,#3881));
#3879=ORIENTED_EDGE('',*,*,#3882,.T.);
#3880=ORIENTED_EDGE('',*,*,#3883,.T.);
#3881=ORIENTED_EDGE('',*,*,#3884,.T.);
#3882=EDGE_CURVE('',#203,#217,#3885,.F.);
#3883=EDGE_CURVE('',#217,#205,#3886,.T.);
#3884=EDGE_CURVE('',#205,#203,#3887,.T.);
#3885=LINE('',#202,#3888);
#3886=LINE('',#216,#3889);
#3887=LINE('',#204,#3890);
#3888=VECTOR('',#3891,1.0);
#3889=VECTOR('',#3892,1.0);
#3890=VECTOR('',#3893,1.0);
#3891=DIRECTION('',(0,1,0));
#3892=DIRECTION('',(0,-0.9208486207776924,-0.3899202708398495));
#3893=DIRECTION('',(0,0,1));
#3894=FACE_SURFACE('',(#3899),#3895,.T.);
#3895=PLANE('',#3896);
#3896=AXIS2_PLACEMENT_3D('',#218,#3897,#3898);
#3897=DIRECTION('',(0,0,1));
#3898=DIRECTION('',(1,0,0));
#3899=FACE_BOUND('',#3900,.T.);
#3900=EDGE_LOOP('',(#3901,#3902,#3903));
#3901=ORIENTED_EDGE('',*,*,#3904,.T.);
#3902=ORIENTED_EDGE('',*,*,#3905,.T.);
#3903=ORIENTED_EDGE('',*,*,#3906,.T.);
#3904=EDGE_CURVE('',#219,#221,#3907,.F.);
#3905=EDGE_CURVE('',#221,#223,#3908,.T.);
#3906=EDGE_CURVE('',#223,#219,#3909,.T.);
#3907=LINE('',#218,#3910);
#3908=LINE('',#220,#3911);
#3909=LINE('',#222,#3912);
#3910=VECTOR('',#3913,1.0);
#3911=VECTOR('',#3914,1.0);
#3912=VECTOR('',#3915,1.0);
#3913=DIRECTION('',(1,0,0));
#3914=DIRECTION('',(0,1,0));
#3915=DIRECTION('',(-0.7071082048100363,-0.7071053575601924,0));
#3916=FACE_SURFACE('',(#3921),#3917,.T.);
#3917=PLANE('',#3918);
#3918=AXIS2_PLACEMENT_3D('',#224,#3919,#3920);
#3919=DIRECTION('',(-0,0,1));
#3920=DIRECTION('',(0,-1,0));
#3921=FACE_BOUND('',#3922,.T.);
#3922=EDGE_LOOP('',(#3923,#3924,#3925));
#3923=ORIENTED_EDGE('',*,*,#3926,.T.);
#3924=ORIENTED_EDGE('',*,*,#3927,.T.);
#3925=ORIENTED_EDGE('',*,*,#3928,.T.);
#3926=EDGE_CURVE('',#225,#219,#3929,.F.);
#3927=EDGE_CURVE('',#219,#223,#3930,.T.);
#3928=EDGE_CURVE('',#223,#225,#3931,.T.);
#3929=LINE('',#224,#3932);
#3930=LINE('',#218,#3933);
#3931=LINE('',#222,#3934);
#3932=VECTOR('',#3935,1.0);
#3933=VECTOR('',#3936,1.0);
#3934=VECTOR('',#3937,1.0);
#3935=DIRECTION('',(0,-1,0));
#3936=DIRECTION('',(0.7071082048100363,0.7071053575601924,0));
#3937=DIRECTION('',(-1,0,0));
#3938=FACE_SURFACE('',(#3943),#3939,.T.);
#3939=PLANE('',#3940);
#3940=AXIS2_PLACEMENT_3D('',#226,#3941,#3942);
#3941=DIRECTION('',(0,1,0));
#3942=DIRECTION('',(0,0,-1));
#3943=FACE_BOUND('',#3944,.T.);
#3944=EDGE_LOOP('',(#3945,#3946,#3947));
#3945=ORIENTED_EDGE('',*,*,#3948,.T.);
#3946=ORIENTED_EDGE('',*,*,#3949,.T.);
#3947=ORIENTED_EDGE('',*,*,#3950,.T.);
#3948=EDGE_CURVE('',#227,#229,#3951,.F.);
#3949=EDGE_CURVE('',#229,#231,#3952,.T.);
#3950=EDGE_CURVE('',#231,#227,#3953,.T.);
#3951=LINE('',#226,#3954);
#3952=LINE('',#228,#3955);
#3953=LINE('',#230,#3956);
#3954=VECTOR('',#3957,1.0);
#3955=VECTOR('',#3958,1.0);
#3956=VECTOR('',#3959,1.0);
#3957=DIRECTION('',(0,0,-1));
#3958=DIRECTION('',(-1,0,0));
#3959=DIRECTION('',(0.9208491845180086,0,0.38991893948937467));
#3960=FACE_SURFACE('',(#3965),#3961,.T.);
#3961=PLANE('',#3962);
#3962=AXIS2_PLACEMENT_3D('',#232,#3963,#3964);
#3963=DIRECTION('',(-0,1,0));
#3964=DIRECTION('',(1,0,0));
#3965=FACE_BOUND('',#3966,.T.);
#3966=EDGE_LOOP('',(#3967,#3968,#3969));
#3967=ORIENTED_EDGE('',*,*,#3970,.T.);
#3968=ORIENTED_EDGE('',*,*,#3971,.T.);
#3969=ORIENTED_EDGE('',*,*,#3972,.T.);
#3970=EDGE_CURVE('',#233,#227,#3973,.F.);
#3971=EDGE_CURVE('',#227,#231,#3974,.T.);
#3972=EDGE_CURVE('',#231,#233,#3975,.T.);
#3973=LINE('',#232,#3976);
#3974=LINE('',#226,#3977);
#3975=LINE('',#230,#3978);
#3976=VECTOR('',#3979,1.0);
#3977=VECTOR('',#3980,1.0);
#3978=VECTOR('',#3981,1.0);
#3979=DIRECTION('',(1,0,0));
#3980=DIRECTION('',(-0.9208491845180086,0,-0.38991893948937467));
#3981=DIRECTION('',(0,0,1));
#3982=FACE_SURFACE('',(#3987),#3983,.T.);
#3983=PLANE('',#3984);
#3984=AXIS2_PLACEMENT_3D('',#230,#3985,#3986);
#3985=DIRECTION('',(1,0,0));
#3986=DIRECTION('',(0,0,-1));
#3987=FACE_BOUND('',#3988,.T.);
#3988=EDGE_LOOP('',(#3989,#3990,#3991));
#3989=ORIENTED_EDGE('',*,*,#3992,.T.);
#3990=ORIENTED_EDGE('',*,*,#3993,.T.);
#3991=ORIENTED_EDGE('',*,*,#3994,.T.);
#3992=EDGE_CURVE('',#231,#219,#3995,.F.);
#3993=EDGE_CURVE('',#219,#225,#3996,.T.);
#3994=EDGE_CURVE('',#225,#231,#3997,.T.);
#3995=LINE('',#230,#3998);
#3996=LINE('',#218,#3999);
#3997=LINE('',#224,#4000);
#3998=VECTOR('',#4001,1.0);
#3999=VECTOR('',#4002,1.0);
#4000=VECTOR('',#4003,1.0);
#4001=DIRECTION('',(0,0,-1));
#4002=DIRECTION('',(0,1,0));
#4003=DIRECTION('',(0,-0.9913847507888591,0.13098196785554778));
#4004=FACE_SURFACE('',(#4009),#4005,.T.);
#4005=PLANE('',#4006);
#4006=AXIS2_PLACEMENT_3D('',#234,#4007,#4008);
#4007=DIRECTION('',(1,0,0));
#4008=DIRECTION('',(0,-1,0));
#4009=FACE_BOUND('',#4010,.T.);
#4010=EDGE_LOOP('',(#4011,#4012,#4013));
#4011=ORIENTED_EDGE('',*,*,#4014,.T.);
#4012=ORIENTED_EDGE('',*,*,#4015,.T.);
#4013=ORIENTED_EDGE('',*,*,#4016,.T.);
#4014=EDGE_CURVE('',#235,#231,#4017,.F.);
#4015=EDGE_CURVE('',#231,#225,#4018,.T.);
#4016=EDGE_CURVE('',#225,#235,#4019,.T.);
#4017=LINE('',#234,#4020);
#4018=LINE('',#230,#4021);
#4019=LINE('',#224,#4022);
#4020=VECTOR('',#4023,1.0);
#4021=VECTOR('',#4024,1.0);
#4022=VECTOR('',#4025,1.0);
#4023=DIRECTION('',(0,-1,0));
#4024=DIRECTION('',(0,0.9913847507888591,-0.13098196785554778));
#4025=DIRECTION('',(0,0,1));
#4026=FACE_SURFACE('',(#4031),#4027,.T.);
#4027=PLANE('',#4028);
#4028=AXIS2_PLACEMENT_3D('',#236,#4029,#4030);
#4029=DIRECTION('',(-1,0,-0));
#4030=DIRECTION('',(0,0,-1));
#4031=FACE_BOUND('',#4032,.T.);
#4032=EDGE_LOOP('',(#4033,#4034,#4035));
#4033=ORIENTED_EDGE('',*,*,#4036,.T.);
#4034=ORIENTED_EDGE('',*,*,#4037,.T.);
#4035=ORIENTED_EDGE('',*,*,#4038,.T.);
#4036=EDGE_CURVE('',#237,#223,#4039,.F.);
#4037=EDGE_CURVE('',#223,#221,#4040,.T.);
#4038=EDGE_CURVE('',#221,#237,#4041,.T.);
#4039=LINE('',#236,#4042);
#4040=LINE('',#222,#4043);
#4041=LINE('',#220,#4044);
#4042=VECTOR('',#4045,1.0);
#4043=VECTOR('',#4046,1.0);
#4044=VECTOR('',#4047,1.0);
#4045=DIRECTION('',(0,0,-1));
#4046=DIRECTION('',(0,-1,0));
#4047=DIRECTION('',(0,0.9913847507888591,0.13098196785554778));
#4048=FACE_SURFACE('',(#4053),#4049,.T.);
#4049=PLANE('',#4050);
#4050=AXIS2_PLACEMENT_3D('',#228,#4051,#4052);
#4051=DIRECTION('',(-1,0,0));
#4052=DIRECTION('',(0,1,0));
#4053=FACE_BOUND('',#4054,.T.);
#4054=EDGE_LOOP('',(#4055,#4056,#4057));
#4055=ORIENTED_EDGE('',*,*,#4058,.T.);
#4056=ORIENTED_EDGE('',*,*,#4059,.T.);
#4057=ORIENTED_EDGE('',*,*,#4060,.T.);
#4058=EDGE_CURVE('',#229,#237,#4061,.F.);
#4059=EDGE_CURVE('',#237,#221,#4062,.T.);
#4060=EDGE_CURVE('',#221,#229,#4063,.T.);
#4061=LINE('',#228,#4064);
#4062=LINE('',#236,#4065);
#4063=LINE('',#220,#4066);
#4064=VECTOR('',#4067,1.0);
#4065=VECTOR('',#4068,1.0);
#4066=VECTOR('',#4069,1.0);
#4067=DIRECTION('',(0,1,0));
#4068=DIRECTION('',(0,-0.9913847507888591,-0.13098196785554778));
#4069=DIRECTION('',(0,0,1));
#4070=FACE_SURFACE('',(#4075),#4071,.T.);
#4071=PLANE('',#4072);
#4072=AXIS2_PLACEMENT_3D('',#228,#4073,#4074);
#4073=DIRECTION('',(0,1,0));
#4074=DIRECTION('',(0,0,-1));
#4075=FACE_BOUND('',#4076,.T.);
#4076=EDGE_LOOP('',(#4077,#4078,#4079));
#4077=ORIENTED_EDGE('',*,*,#4080,.T.);
#4078=ORIENTED_EDGE('',*,*,#4081,.T.);
#4079=ORIENTED_EDGE('',*,*,#4082,.T.);
#4080=EDGE_CURVE('',#229,#221,#4083,.F.);
#4081=EDGE_CURVE('',#221,#219,#4084,.T.);
#4082=EDGE_CURVE('',#219,#229,#4085,.T.);
#4083=LINE('',#228,#4086);
#4084=LINE('',#220,#4087);
#4085=LINE('',#218,#4088);
#4086=VECTOR('',#4089,1.0);
#4087=VECTOR('',#4090,1.0);
#4088=VECTOR('',#4091,1.0);
#4089=DIRECTION('',(0,0,-1));
#4090=DIRECTION('',(-1,0,0));
#4091=DIRECTION('',(0.991384819275226,0,0.13098144949048124));
#4092=FACE_SURFACE('',(#4097),#4093,.T.);
#4093=PLANE('',#4094);
#4094=AXIS2_PLACEMENT_3D('',#230,#4095,#4096);
#4095=DIRECTION('',(-0,1,0));
#4096=DIRECTION('',(1,0,0));
#4097=FACE_BOUND('',#4098,.T.);
#4098=EDGE_LOOP('',(#4099,#4100,#4101));
#4099=ORIENTED_EDGE('',*,*,#4102,.T.);
#4100=ORIENTED_EDGE('',*,*,#4103,.T.);
#4101=ORIENTED_EDGE('',*,*,#4104,.T.);
#4102=EDGE_CURVE('',#231,#229,#4105,.F.);
#4103=EDGE_CURVE('',#229,#219,#4106,.T.);
#4104=EDGE_CURVE('',#219,#231,#4107,.T.);
#4105=LINE('',#230,#4108);
#4106=LINE('',#228,#4109);
#4107=LINE('',#218,#4110);
#4108=VECTOR('',#4111,1.0);
#4109=VECTOR('',#4112,1.0);
#4110=VECTOR('',#4113,1.0);
#4111=DIRECTION('',(1,0,0));
#4112=DIRECTION('',(-0.991384819275226,0,-0.13098144949048124));
#4113=DIRECTION('',(0,0,1));
#4114=FACE_SURFACE('',(#4119),#4115,.T.);
#4115=PLANE('',#4116);
#4116=AXIS2_PLACEMENT_3D('',#234,#4117,#4118);
#4117=DIRECTION('',(0,-1,0));
#4118=DIRECTION('',(0,0,-1));
#4119=FACE_BOUND('',#4120,.T.);
#4120=EDGE_LOOP('',(#4121,#4122,#4123));
#4121=ORIENTED_EDGE('',*,*,#4124,.T.);
#4122=ORIENTED_EDGE('',*,*,#4125,.T.);
#4123=ORIENTED_EDGE('',*,*,#4126,.T.);
#4124=EDGE_CURVE('',#235,#225,#4127,.F.);
#4125=EDGE_CURVE('',#225,#223,#4128,.T.);
#4126=EDGE_CURVE('',#223,#235,#4129,.T.);
#4127=LINE('',#234,#4130);
#4128=LINE('',#224,#4131);
#4129=LINE('',#222,#4132);
#4130=VECTOR('',#4133,1.0);
#4131=VECTOR('',#4134,1.0);
#4132=VECTOR('',#4135,1.0);
#4133=DIRECTION('',(0,0,-1));
#4134=DIRECTION('',(1,0,0));
#4135=DIRECTION('',(-0.991384819275226,0,0.13098144949048124));
#4136=FACE_SURFACE('',(#4141),#4137,.T.);
#4137=PLANE('',#4138);
#4138=AXIS2_PLACEMENT_3D('',#236,#4139,#4140);
#4139=DIRECTION('',(-0,-1,-0));
#4140=DIRECTION('',(-1,0,0));
#4141=FACE_BOUND('',#4142,.T.);
#4142=EDGE_LOOP('',(#4143,#4144,#4145));
#4143=ORIENTED_EDGE('',*,*,#4146,.T.);
#4144=ORIENTED_EDGE('',*,*,#4147,.T.);
#4145=ORIENTED_EDGE('',*,*,#4148,.T.);
#4146=EDGE_CURVE('',#237,#235,#4149,.F.);
#4147=EDGE_CURVE('',#235,#223,#4150,.T.);
#4148=EDGE_CURVE('',#223,#237,#4151,.T.);
#4149=LINE('',#236,#4152);
#4150=LINE('',#234,#4153);
#4151=LINE('',#222,#4154);
#4152=VECTOR('',#4155,1.0);
#4153=VECTOR('',#4156,1.0);
#4154=VECTOR('',#4157,1.0);
#4155=DIRECTION('',(-1,0,0));
#4156=DIRECTION('',(0.991384819275226,0,-0.13098144949048124));
#4157=DIRECTION('',(0,0,1));
#4158=FACE_SURFACE('',(#4163),#4159,.T.);
#4159=PLANE('',#4160);
#4160=AXIS2_PLACEMENT_3D('',#232,#4161,#4162);
#4161=DIRECTION('',(0,0,-1));
#4162=DIRECTION('',(0,1,0));
#4163=FACE_BOUND('',#4164,.T.);
#4164=EDGE_LOOP('',(#4165,#4166,#4167));
#4165=ORIENTED_EDGE('',*,*,#4168,.T.);
#4166=ORIENTED_EDGE('',*,*,#4169,.T.);
#4167=ORIENTED_EDGE('',*,*,#4170,.T.);
#4168=EDGE_CURVE('',#233,#239,#4171,.F.);
#4169=EDGE_CURVE('',#239,#241,#4172,.T.);
#4170=EDGE_CURVE('',#241,#233,#4173,.T.);
#4171=LINE('',#232,#4174);
#4172=LINE('',#238,#4175);
#4173=LINE('',#240,#4176);
#4174=VECTOR('',#4177,1.0);
#4175=VECTOR('',#4178,1.0);
#4176=VECTOR('',#4179,1.0);
#4177=DIRECTION('',(0,1,0));
#4178=DIRECTION('',(1,0,0));
#4179=DIRECTION('',(-0.7071082048100363,-0.7071053575601924,0));
#4180=FACE_SURFACE('',(#4185),#4181,.T.);
#4181=PLANE('',#4182);
#4182=AXIS2_PLACEMENT_3D('',#226,#4183,#4184);
#4183=DIRECTION('',(0,0,-1));
#4184=DIRECTION('',(-1,0,0));
#4185=FACE_BOUND('',#4186,.T.);
#4186=EDGE_LOOP('',(#4187,#4188,#4189));
#4187=ORIENTED_EDGE('',*,*,#4190,.T.);
#4188=ORIENTED_EDGE('',*,*,#4191,.T.);
#4189=ORIENTED_EDGE('',*,*,#4192,.T.);
#4190=EDGE_CURVE('',#227,#233,#4193,.F.);
#4191=EDGE_CURVE('',#233,#241,#4194,.T.);
#4192=EDGE_CURVE('',#241,#227,#4195,.T.);
#4193=LINE('',#226,#4196);
#4194=LINE('',#232,#4197);
#4195=LINE('',#240,#4198);
#4196=VECTOR('',#4199,1.0);
#4197=VECTOR('',#4200,1.0);
#4198=VECTOR('',#4201,1.0);
#4199=DIRECTION('',(-1,0,0));
#4200=DIRECTION('',(0.7071082048100363,0.7071053575601924,0));
#4201=DIRECTION('',(0,-1,0));
#4202=FACE_SURFACE('',(#4207),#4203,.T.);
#4203=PLANE('',#4204);
#4204=AXIS2_PLACEMENT_3D('',#238,#4205,#4206);
#4205=DIRECTION('',(0,-1,0));
#4206=DIRECTION('',(0,0,-1));
#4207=FACE_BOUND('',#4208,.T.);
#4208=EDGE_LOOP('',(#4209,#4210,#4211));
#4209=ORIENTED_EDGE('',*,*,#4212,.T.);
#4210=ORIENTED_EDGE('',*,*,#4213,.T.);
#4211=ORIENTED_EDGE('',*,*,#4214,.T.);
#4212=EDGE_CURVE('',#239,#235,#4215,.F.);
#4213=EDGE_CURVE('',#235,#237,#4216,.T.);
#4214=EDGE_CURVE('',#237,#239,#4217,.T.);
#4215=LINE('',#238,#4218);
#4216=LINE('',#234,#4219);
#4217=LINE('',#236,#4220);
#4218=VECTOR('',#4221,1.0);
#4219=VECTOR('',#4222,1.0);
#4220=VECTOR('',#4223,1.0);
#4221=DIRECTION('',(0,0,-1));
#4222=DIRECTION('',(1,0,0));
#4223=DIRECTION('',(-0.9208491845180086,0,0.38991893948937467));
#4224=FACE_SURFACE('',(#4229),#4225,.T.);
#4225=PLANE('',#4226);
#4226=AXIS2_PLACEMENT_3D('',#240,#4227,#4228);
#4227=DIRECTION('',(-0,-1,-0));
#4228=DIRECTION('',(-1,0,0));
#4229=FACE_BOUND('',#4230,.T.);
#4230=EDGE_LOOP('',(#4231,#4232,#4233));
#4231=ORIENTED_EDGE('',*,*,#4234,.T.);
#4232=ORIENTED_EDGE('',*,*,#4235,.T.);
#4233=ORIENTED_EDGE('',*,*,#4236,.T.);
#4234=EDGE_CURVE('',#241,#239,#4237,.F.);
#4235=EDGE_CURVE('',#239,#237,#4238,.T.);
#4236=EDGE_CURVE('',#237,#241,#4239,.T.);
#4237=LINE('',#240,#4240);
#4238=LINE('',#238,#4241);
#4239=LINE('',#236,#4242);
#4240=VECTOR('',#4243,1.0);
#4241=VECTOR('',#4244,1.0);
#4242=VECTOR('',#4245,1.0);
#4243=DIRECTION('',(-1,0,0));
#4244=DIRECTION('',(0.9208491845180086,0,-0.38991893948937467));
#4245=DIRECTION('',(0,0,1));
#4246=FACE_SURFACE('',(#4251),#4247,.T.);
#4247=PLANE('',#4248);
#4248=AXIS2_PLACEMENT_3D('',#232,#4249,#4250);
#4249=DIRECTION('',(1,0,0));
#4250=DIRECTION('',(0,0,-1));
#4251=FACE_BOUND('',#4252,.T.);
#4252=EDGE_LOOP('',(#4253,#4254,#4255));
#4253=ORIENTED_EDGE('',*,*,#4256,.T.);
#4254=ORIENTED_EDGE('',*,*,#4257,.T.);
#4255=ORIENTED_EDGE('',*,*,#4258,.T.);
#4256=EDGE_CURVE('',#233,#231,#4259,.F.);
#4257=EDGE_CURVE('',#231,#235,#4260,.T.);
#4258=EDGE_CURVE('',#235,#233,#4261,.T.);
#4259=LINE('',#232,#4262);
#4260=LINE('',#230,#4263);
#4261=LINE('',#234,#4264);
#4262=VECTOR('',#4265,1.0);
#4263=VECTOR('',#4266,1.0);
#4264=VECTOR('',#4267,1.0);
#4265=DIRECTION('',(0,0,-1));
#4266=DIRECTION('',(0,1,0));
#4267=DIRECTION('',(0,-0.9208486207776924,0.3899202708398495));
#4268=FACE_SURFACE('',(#4273),#4269,.T.);
#4269=PLANE('',#4270);
#4270=AXIS2_PLACEMENT_3D('',#238,#4271,#4272);
#4271=DIRECTION('',(1,0,0));
#4272=DIRECTION('',(0,-1,0));
#4273=FACE_BOUND('',#4274,.T.);
#4274=EDGE_LOOP('',(#4275,#4276,#4277));
#4275=ORIENTED_EDGE('',*,*,#4278,.T.);
#4276=ORIENTED_EDGE('',*,*,#4279,.T.);
#4277=ORIENTED_EDGE('',*,*,#4280,.T.);
#4278=EDGE_CURVE('',#239,#233,#4281,.F.);
#4279=EDGE_CURVE('',#233,#235,#4282,.T.);
#4280=EDGE_CURVE('',#235,#239,#4283,.T.);
#4281=LINE('',#238,#4284);
#4282=LINE('',#232,#4285);
#4283=LINE('',#234,#4286);
#4284=VECTOR('',#4287,1.0);
#4285=VECTOR('',#4288,1.0);
#4286=VECTOR('',#4289,1.0);
#4287=DIRECTION('',(0,-1,0));
#4288=DIRECTION('',(0,0.9208486207776924,-0.3899202708398495));
#4289=DIRECTION('',(0,0,1));
#4290=FACE_SURFACE('',(#4295),#4291,.T.);
#4291=PLANE('',#4292);
#4292=AXIS2_PLACEMENT_3D('',#240,#4293,#4294);
#4293=DIRECTION('',(-1,0,-0));
#4294=DIRECTION('',(0,0,-1));
#4295=FACE_BOUND('',#4296,.T.);
#4296=EDGE_LOOP('',(#4297,#4298,#4299));
#4297=ORIENTED_EDGE('',*,*,#4300,.T.);
#4298=ORIENTED_EDGE('',*,*,#4301,.T.);
#4299=ORIENTED_EDGE('',*,*,#4302,.T.);
#4300=EDGE_CURVE('',#241,#237,#4303,.F.);
#4301=EDGE_CURVE('',#237,#229,#4304,.T.);
#4302=EDGE_CURVE('',#229,#241,#4305,.T.);
#4303=LINE('',#240,#4306);
#4304=LINE('',#236,#4307);
#4305=LINE('',#228,#4308);
#4306=VECTOR('',#4309,1.0);
#4307=VECTOR('',#4310,1.0);
#4308=VECTOR('',#4311,1.0);
#4309=DIRECTION('',(0,0,-1));
#4310=DIRECTION('',(0,-1,0));
#4311=DIRECTION('',(0,0.9208486207776924,0.3899202708398495));
#4312=FACE_SURFACE('',(#4317),#4313,.T.);
#4313=PLANE('',#4314);
#4314=AXIS2_PLACEMENT_3D('',#226,#4315,#4316);
#4315=DIRECTION('',(-1,0,0));
#4316=DIRECTION('',(0,1,0));
#4317=FACE_BOUND('',#4318,.T.);
#4318=EDGE_LOOP('',(#4319,#4320,#4321));
#4319=ORIENTED_EDGE('',*,*,#4322,.T.);
#4320=ORIENTED_EDGE('',*,*,#4323,.T.);
#4321=ORIENTED_EDGE('',*,*,#4324,.T.);
#4322=EDGE_CURVE('',#227,#241,#4325,.F.);
#4323=EDGE_CURVE('',#241,#229,#4326,.T.);
#4324=EDGE_CURVE('',#229,#227,#4327,.T.);
#4325=LINE('',#226,#4328);
#4326=LINE('',#240,#4329);
#4327=LINE('',#228,#4330);
#4328=VECTOR('',#4331,1.0);
#4329=VECTOR('',#4332,1.0);
#4330=VECTOR('',#4333,1.0);
#4331=DIRECTION('',(0,1,0));
#4332=DIRECTION('',(0,-0.9208486207776924,-0.3899202708398495));
#4333=DIRECTION('',(0,0,1));
#4334=FACE_SURFACE('',(#4339),#4335,.T.);
#4335=PLANE('',#4336);
#4336=AXIS2_PLACEMENT_3D('',#66,#4337,#4338);
#4337=DIRECTION('',(-2.9572769936661034E-07,4.0812928229644266E-07,0.999999999999873));
#4338=DIRECTION('',(-0.8097669598365216,-0.5867516261222606,0));
#4339=FACE_BOUND('',#4340,.T.);
#4340=EDGE_LOOP('',(#4341,#4342,#4343));
#4341=ORIENTED_EDGE('',*,*,#4344,.T.);
#4342=ORIENTED_EDGE('',*,*,#4345,.T.);
#4343=ORIENTED_EDGE('',*,*,#4346,.T.);
#4344=EDGE_CURVE('',#67,#103,#4347,.F.);
#4345=EDGE_CURVE('',#103,#145,#4348,.T.);
#4346=EDGE_CURVE('',#145,#67,#4349,.T.);
#4347=LINE('',#66,#4350);
#4348=LINE('',#102,#4351);
#4349=LINE('',#144,#4352);
#4350=VECTOR('',#4353,1.0);
#4351=VECTOR('',#4354,1.0);
#4352=VECTOR('',#4355,1.0);
#4353=DIRECTION('',(-0.8097669598365216,-0.5867516261222606,0));
#4354=DIRECTION('',(0,-0.9999999999999167,4.081292822964605E-07));
#4355=DIRECTION('',(0.3454543718149019,0.9384355475971126,-2.8084259990935585E-07));
#4356=FACE_SURFACE('',(#4361),#4357,.T.);
#4357=PLANE('',#4358);
#4358=AXIS2_PLACEMENT_3D('',#54,#4359,#4360);
#4359=DIRECTION('',(-0.9384355475971496,0.34545437181491556,0));
#4360=DIRECTION('',(0,0,-1));
#4361=FACE_BOUND('',#4362,.T.);
#4362=EDGE_LOOP('',(#4363,#4364,#4365));
#4363=ORIENTED_EDGE('',*,*,#4366,.T.);
#4364=ORIENTED_EDGE('',*,*,#4367,.T.);
#4365=ORIENTED_EDGE('',*,*,#4368,.T.);
#4366=EDGE_CURVE('',#55,#67,#4369,.F.);
#4367=EDGE_CURVE('',#67,#145,#4370,.T.);
#4368=EDGE_CURVE('',#145,#55,#4371,.T.);
#4369=LINE('',#54,#4372);
#4370=LINE('',#66,#4373);
#4371=LINE('',#144,#4374);
#4372=VECTOR('',#4375,1.0);
#4373=VECTOR('',#4376,1.0);
#4374=VECTOR('',#4377,1.0);
#4375=DIRECTION('',(0,0,-1));
#4376=DIRECTION('',(-0.3454543718149019,-0.9384355475971126,2.8084259990935585E-07));
#4377=DIRECTION('',(0.34545437181491556,0.9384355475971496,0));
#4378=FACE_SURFACE('',(#4383),#4379,.T.);
#4379=PLANE('',#4380);
#4380=AXIS2_PLACEMENT_3D('',#62,#4381,#4382);
#4381=DIRECTION('',(NaN,NaN,NaN));
#4382=DIRECTION('',(NaN,NaN,NaN));
#4383=FACE_BOUND('',#4384,.T.);
#4384=EDGE_LOOP('',(#4385,#4386,#4387));
#4385=ORIENTED_EDGE('',*,*,#4388,.T.);
#4386=ORIENTED_EDGE('',*,*,#4389,.T.);
#4387=ORIENTED_EDGE('',*,*,#4390,.T.);
#4388=EDGE_CURVE('',#63,#63,#4391,.F.);
#4389=EDGE_CURVE('',#63,#105,#4392,.T.);
#4390=EDGE_CURVE('',#105,#63,#4393,.T.);
#4391=LINE('',#62,#4394);
#4392=LINE('',#62,#4395);
#4393=LINE('',#104,#4396);
#4394=VECTOR('',#4397,1.0);
#4395=VECTOR('',#4398,1.0);
#4396=VECTOR('',#4399,1.0);
#4397=DIRECTION('',(NaN,NaN,NaN));
#4398=DIRECTION('',(0.8319675415772009,-0.5548243053093371,0));
#4399=DIRECTION('',(-0.8319675415772009,0.5548243053093371,0));
#4400=FACE_SURFACE('',(#4405),#4401,.T.);
#4401=PLANE('',#4402);
#4402=AXIS2_PLACEMENT_3D('',#110,#4403,#4404);
#4403=DIRECTION('',(0,0,-1));
#4404=DIRECTION('',(-0.3713695968621937,0.9284851224044528,0));
#4405=FACE_BOUND('',#4406,.T.);
#4406=EDGE_LOOP('',(#4407,#4408,#4409));
#4407=ORIENTED_EDGE('',*,*,#4410,.T.);
#4408=ORIENTED_EDGE('',*,*,#4411,.T.);
#4409=ORIENTED_EDGE('',*,*,#4412,.T.);
#4410=EDGE_CURVE('',#111,#63,#4413,.F.);
#4411=EDGE_CURVE('',#63,#105,#4414,.T.);
#4412=EDGE_CURVE('',#105,#111,#4415,.T.);
#4413=LINE('',#110,#4416);
#4414=LINE('',#62,#4417);
#4415=LINE('',#104,#4418);
#4416=VECTOR('',#4419,1.0);
#4417=VECTOR('',#4420,1.0);
#4418=VECTOR('',#4421,1.0);
#4419=DIRECTION('',(-0.3713695968621937,0.9284851224044528,0));
#4420=DIRECTION('',(0.8319675415772009,-0.5548243053093371,0));
#4421=DIRECTION('',(0,-1,0));
#4422=FACE_SURFACE('',(#4427),#4423,.T.);
#4423=PLANE('',#4424);
#4424=AXIS2_PLACEMENT_3D('',#74,#4425,#4426);
#4425=DIRECTION('',(-1,0,0));
#4426=DIRECTION('',(0,0,1));
#4427=FACE_BOUND('',#4428,.T.);
#4428=EDGE_LOOP('',(#4429,#4430,#4431));
#4429=ORIENTED_EDGE('',*,*,#4432,.T.);
#4430=ORIENTED_EDGE('',*,*,#4433,.T.);
#4431=ORIENTED_EDGE('',*,*,#4434,.T.);
#4432=EDGE_CURVE('',#75,#111,#4435,.F.);
#4433=EDGE_CURVE('',#111,#105,#4436,.T.);
#4434=EDGE_CURVE('',#105,#75,#4437,.T.);
#4435=LINE('',#74,#4438);
#4436=LINE('',#110,#4439);
#4437=LINE('',#104,#4440);
#4438=VECTOR('',#4441,1.0);
#4439=VECTOR('',#4442,1.0);
#4440=VECTOR('',#4443,1.0);
#4441=DIRECTION('',(0,0,1));
#4442=DIRECTION('',(0,1,0));
#4443=DIRECTION('',(0,-0.5044126195320434,-0.8634627434098253));
#4444=FACE_SURFACE('',(#4449),#4445,.T.);
#4445=PLANE('',#4446);
#4446=AXIS2_PLACEMENT_3D('',#70,#4447,#4448);
#4447=DIRECTION('',(-1,0,0));
#4448=DIRECTION('',(0,-0.6828433455337078,0.730564826322985));
#4449=FACE_BOUND('',#4450,.T.);
#4450=EDGE_LOOP('',(#4451,#4452,#4453));
#4451=ORIENTED_EDGE('',*,*,#4454,.T.);
#4452=ORIENTED_EDGE('',*,*,#4455,.T.);
#4453=ORIENTED_EDGE('',*,*,#4456,.T.);
#4454=EDGE_CURVE('',#71,#75,#4457,.F.);
#4455=EDGE_CURVE('',#75,#105,#4458,.T.);
#4456=EDGE_CURVE('',#105,#71,#4459,.T.);
#4457=LINE('',#70,#4460);
#4458=LINE('',#74,#4461);
#4459=LINE('',#104,#4462);
#4460=VECTOR('',#4463,1.0);
#4461=VECTOR('',#4464,1.0);
#4462=VECTOR('',#4465,1.0);
#4463=DIRECTION('',(0,-0.6828433455337078,0.730564826322985));
#4464=DIRECTION('',(0,0.5044126195320434,0.8634627434098253));
#4465=DIRECTION('',(0,0,-1));
ENDSEC;
END-ISO-10303-21;
